"last_name, first_name",player_id,year,pa,bip,ba,xba,xba_minus_ba,slg,xslg,xslg_minus_slg,woba,xwoba,xwoba_minus_woba,barrel_batted_rate,hard_hit_percent,avg_exit_velocity,sweet_spot_percent,barrel_pa_rate,k_percentile,bb_percentile,chase_percentile,whiff_percentile,sprint_speed,oaa,bb_percent,k_percent,z_contact_percent,pull_percent,oppo_percent,babip,o_swing_percent,z_contact_percent_sc,contact_percent,gb_percent,fb_percent,ld_percent,pull_percent_sc,oppo_percent_sc,war,salary_2026,HR,R,RBI,AB,H,2B,3B,OBP,SLG,ISO,OPS,BA_bref,SB,SF,k_bref,bb_bref,salary_2026_fallback,salary_2026_fallback_bref,xiso,obp,iso,ops,hr,r,rbi,ab,h,k,bb,xhr,wrc_plus,war_per_salary,name,position_type,season,epi,cqi,pdi,rpi,se,la,uvs,tova_plus,upi,ops_2_0,tova_dollar,bov,bov_power,undervalued_rank,doubles,triples,sb,hbp,sf,sh,BB,SO,BA,BABIP
"Mederos, Victor",682989,2026,1,1,1.0,0.583,-0.417,1.0,0.664,-0.336,0.89,0.543,-0.347,0.0,100.0,103.7,0.0,0.0,,,,,,,0.0,0.0,100.0,100.0,0.0,1.0,0.0,100.0,100.0,100.0,0.0,0.0,100.0,0.0,,0.78,0.0,0.0,2.0,1.0,1.0,0.0,0.0,1.0,1.0,0.0,2.0,1.0,0.0,0.0,0.0,0.0,,,0.081,1.0,0.0,2.0,0.0,0.0,2.0,1.0,1.0,0.0,0.0,0.0,281.6,,"Mederos, Victor",Hitter,2026,3.014395300381265,0.6763697590647411,8.981343014977613,2.9543327018971453,-0.4004147785975144,-7.057730389032822,1.9334096176764444,0.6485991777773386,-2.3443643090380677,1.848461904909413,,1.7186298872364212,1.9435207337445122,1,0,0,0,0,0,0,0.0,0.0,1.0,1.0
"De Paula, Josue",800543,2026,42,26,0.323,0.311,-0.012,0.581,0.496,-0.085,0.466,0.437,-0.029,11.5,46.2,89.2,46.2,7.1,,,,,41.0,,26.2,11.9,88.9,46.2,11.5,0.36,18.6,91.1,84.1,34.6,23.1,42.3,34.6,11.5,0.46,0.78,1.0,7.0,7.0,31.0,10.0,3.0,1.0,0.5,0.581,0.258,1.081,0.323,1.0,0.0,5.0,11.0,,,0.185,0.5,0.258,1.081,1.0,7.0,7.0,31.0,10.0,5.0,11.0,0.85,147.5,0.523,"De Paula, Josue",Hitter,2026,1.4415579465399406,0.8154111409360116,7.374576152353009,1.0714742825425032,-0.0018078219858306507,-0.7063095673043921,1.7195675411274918,0.990193224172366,0.38631030140947326,1.7453942574412133,,1.3956848458738154,1.4829254202433704,2,3,1,1,0,0,0,11.0,5.0,0.323,0.36
"McGonigle, Kevin",805808,2026,704,503,0.276,0.265,-0.011,0.424,0.447,0.023,0.356,0.357,0.001,7.2,37.6,87.9,36.6,5.2,88.0,94.0,98.0,89.0,73.0,14.0,13.5,14.1,88.9,37.4,23.1,0.304,19.4,90.8,85.9,33.4,35.6,23.1,26.2,23.1,6.91,0.78,17.0,96.0,71.0,602.0,166.0,28.0,5.0,0.375,0.424,0.148,0.799,0.276,12.0,4.0,98.0,95.0,,,0.182,0.375,0.148,0.799,17.0,96.0,71.0,602.0,166.0,99.0,95.0,17.92,112.7,7.852,"McGonigle, Kevin",Hitter,2026,0.8184586502021822,0.17296763462423997,5.1025790195511584,1.0288728612508662,5.584024654127037,0.01713282489716761,1.7190417194981178,0.6081110971908273,0.36653681435492186,0.784620817604118,,0.7213374379983423,0.774988939294042,3,28,5,12,3,4,0,95.0,99.0,0.276,0.304
"Alvarez, Yordan",670541,2026,687,446,0.316,0.319,0.003,0.604,0.638,0.034,0.428,0.443,0.015,15.9,53.8,94.3,40.1,10.4,76.0,97.0,56.0,78.0,9.0,,15.9,17.3,89.5,41.3,24.0,0.334,28.9,91.9,83.0,30.5,37.7,26.7,31.6,24.0,6.59,26.833,42.0,104.0,105.0,563.0,178.0,33.0,1.0,0.432,0.604,0.288,1.036,0.315,1.0,5.0,117.0,109.0,,15.833,0.319,0.432,0.288,1.036,42.0,104.0,105.0,563.0,178.0,119.0,109.0,44.36,135.4,0.245,"Alvarez, Yordan",Hitter,2026,2.35140187037609,1.1379603588039695,3.8385568807392785,2.084671771549832,-0.21368685437215584,0.2696630225505072,1.7095244540160182,1.4309379388281749,0.7051348442344452,1.9080343316628812,,1.9040851540367112,2.0986855197137206,4,34,1,1,10,5,0,109.0,119.0,0.316,0.334
"Vargas, Miguel",678246,2026,704,467,0.25,0.264,0.014,0.474,0.498,0.024,0.363,0.378,0.015,13.1,44.0,90.1,39.6,8.7,70.0,96.0,95.0,70.0,82.0,7.0,14.3,17.9,82.4,46.9,16.7,0.261,21.1,86.4,82.3,30.2,35.3,24.0,32.3,16.7,5.37,0.77,33.0,106.0,93.0,588.0,147.0,31.0,1.0,0.363,0.474,0.224,0.837,0.251,21.0,7.0,126.0,98.0,0.77,,0.234,0.363,0.224,0.837,33.0,106.0,93.0,588.0,147.0,126.0,101.0,34.67,114.9,6.172,"Vargas, Miguel",Hitter,2026,1.2128088282020746,0.6876516028684694,3.6801162314509854,1.4465299766752235,4.303604602296007,0.30112667003209653,1.6702025860759542,0.8255579358997168,0.5343816242887516,1.1454890938244446,,1.1046354596779218,1.205609565054229,5,31,1,22,7,7,0,101.0,126.0,0.25,0.261
"Tellez, Rowdy",642133,2026,11,7,0.2,0.339,0.139,0.5,0.828,0.328,0.331,0.506,0.175,28.6,42.9,91.8,57.1,18.2,,,,,,,9.1,27.3,80.0,14.3,57.1,0.167,29.6,80.0,69.6,14.3,57.1,28.6,28.6,57.1,0.02,1.0,1.0,2.0,4.0,10.0,2.0,0.0,0.0,0.273,0.5,0.3,0.773,0.2,0.0,0.0,3.0,1.0,1.0,1.5,0.489,0.273,0.3,0.773,1.0,2.0,4.0,10.0,2.0,3.0,1.0,1.66,104.7,0.018,"Tellez, Rowdy",Hitter,2026,3.7762393061980566,1.8005461228314301,-0.6885861239223144,0.3000559003766426,-0.3866959923278962,3.756176614910339,1.5828375798421939,1.896611339301798,1.9279795182650068,2.8397887707115683,,2.5793181204065694,3.0078359188967045,6,0,0,0,0,0,0,1.0,3.0,0.2,0.167
"Solak, Nick",669256,2026,10,8,0.143,0.26,0.117,0.143,0.502,0.359,0.232,0.373,0.141,12.5,50.0,90.2,37.5,10.0,,,,,,,10.0,0.0,100.0,12.5,25.0,0.125,36.4,100.0,100.0,50.0,25.0,25.0,0.0,25.0,-0.05,0.78,0.0,0.0,1.0,7.0,1.0,0.0,0.0,0.3,0.143,0.0,0.443,0.143,0.0,1.0,0.0,1.0,,,0.242,0.3,0.0,0.443,0.0,0.0,1.0,7.0,1.0,0.0,1.0,0.0,73.4,-0.057,"Solak, Nick",Hitter,2026,1.2172530317030588,0.7371416504472549,6.437534631479558,-1.0830207621580699,-0.4438576017846386,3.4907025751156744,1.5596031657465426,0.985249502593662,1.7879254079033138,1.1985538592025007,,1.0278877535017212,1.1466395851008016,7,0,0,0,1,1,0,1.0,0.0,0.143,0.125
"Wood, James",695578,2026,619,334,0.267,0.271,0.004,0.506,0.551,0.045,0.384,0.405,0.021,18.9,58.7,95.3,36.8,10.2,10.0,98.0,94.0,17.0,42.0,6.0,16.3,28.6,82.2,34.1,29.0,0.345,21.4,83.7,71.9,47.6,24.9,26.0,20.4,29.0,3.64,0.764,30.0,105.0,77.0,510.0,136.0,30.0,1.0,0.389,0.506,0.239,0.895,0.265,21.0,4.0,176.0,101.0,0.764,,0.28,0.389,0.239,0.895,30.0,105.0,77.0,510.0,136.0,177.0,101.0,32.67,121.5,4.213,"Wood, James",Hitter,2026,1.6457477719460911,1.3051122436453282,1.8164573837180693,1.5149369936309858,2.8105433632858956,0.3715385556327507,1.4903767402098114,1.1039432262444868,0.6932925951600415,1.4665518252672252,,1.5655052865334733,1.7091637212804787,8,30,1,21,4,4,0,101.0,177.0,0.267,0.345
"Soto, Juan",665742,2026,477,329,0.278,0.294,0.016,0.522,0.573,0.051,0.388,0.411,0.023,14.0,48.0,92.5,31.6,9.7,90.0,99.0,96.0,72.0,12.0,,16.4,13.6,85.3,39.8,16.4,0.272,20.8,87.7,81.2,39.5,32.8,19.1,26.7,16.4,3.1,51.875,27.0,63.0,68.0,395.0,110.0,11.0,2.0,0.397,0.522,0.244,0.919,0.276,9.0,2.0,64.0,78.0,62.025,51.875,0.279,0.397,0.244,0.919,27.0,63.0,68.0,395.0,110.0,65.0,78.0,29.64,122.8,0.06,"Soto, Juan",Hitter,2026,1.816318914649242,0.6668777946451893,4.641545687739988,1.2669767524231197,-0.35468549103212044,0.4979781510968177,1.4880629196222843,1.239188260906644,0.7508037911269116,1.545129188364659,,1.5092747327349307,1.6445159695879483,9,11,2,9,1,2,0,78.0,65.0,0.278,0.272
"Jung, Jace",690291,2026,10,6,0.25,0.339,0.089,0.25,0.423,0.173,0.318,0.404,0.086,0.0,16.7,84.2,83.3,0.0,,,,,,,20.0,20.0,100.0,33.3,16.7,0.333,20.0,100.0,88.9,16.7,16.7,66.7,50.0,16.7,0.02,0.78,0.0,2.0,0.0,8.0,2.0,0.0,0.0,0.4,0.25,0.0,0.65,0.25,0.0,0.0,2.0,2.0,,,0.084,0.4,0.0,0.65,0.0,2.0,0.0,8.0,2.0,2.0,2.0,0.0,100.6,0.023,"Jung, Jace",Hitter,2026,0.8795614659324453,0.5544375265368309,6.922817363758682,-0.5474810968478699,-0.3828852183641134,2.035696053850355,1.4523593953757234,0.6793045690138443,1.2355775577031938,1.1354182521309597,,0.6521720575338499,0.6865433691377439,10,0,0,0,0,0,0,2.0,2.0,0.25,0.333
"Crow-Armstrong, Pete",691718,2026,725,443,0.278,0.263,-0.015,0.57,0.508,-0.062,0.399,0.374,-0.025,13.3,48.5,90.6,37.9,8.1,23.0,80.0,24.0,37.0,96.0,100.0,11.4,25.8,82.8,51.2,14.0,0.325,34.3,85.4,75.8,31.2,33.6,23.5,36.1,14.0,9.76,0.894,45.0,119.0,107.0,625.0,174.0,31.0,8.0,0.372,0.57,0.292,0.942,0.278,41.0,4.0,187.0,83.0,0.771,,0.245,0.372,0.292,0.942,45.0,119.0,107.0,625.0,174.0,187.0,83.0,40.11,126.3,9.819,"Crow-Armstrong, Pete",Hitter,2026,1.2597848439898705,0.7599081287787037,0.2247103867737853,1.9929646170782362,7.083183131479202,-0.592538522506505,1.4486435482282813,0.6626587459756264,0.016115025285821413,1.0117139460215872,,1.0657733989784033,1.18036984264659,11,31,8,41,12,4,1,83.0,187.0,0.278,0.325
"Wilson, Will",669717,2026,6,4,0.2,0.212,0.012,0.8,0.762,-0.038,0.458,0.451,-0.007,25.0,25.0,87.8,50.0,16.7,,,,,,,16.7,16.7,87.5,75.0,0.0,0.0,33.3,87.5,61.5,50.0,50.0,0.0,50.0,0.0,0.09,0.78,1.0,1.0,2.0,5.0,1.0,0.0,0.0,0.333,0.8,0.6,1.133,0.2,0.0,0.0,1.0,1.0,,,0.55,0.333,0.6,1.133,1.0,1.0,2.0,5.0,1.0,1.0,1.0,0.95,144.9,0.102,"Wilson, Will",Hitter,2026,3.098971892955086,0.9811926134130519,1.0317618435075684,1.7765145971053566,-0.32267498973634473,-0.15970714468761538,1.3439847485709244,1.3858360090116388,0.321555240036992,2.4923702675176505,,2.4251314663600656,2.8439017330109437,12,0,0,0,0,0,0,1.0,1.0,0.2,0.0
"Caminero, Junior",691406,2026,700,487,0.277,0.272,-0.005,0.526,0.495,-0.031,0.374,0.362,-0.012,12.9,49.6,92.6,27.1,9.1,68.0,77.0,43.0,50.0,31.0,2.0,11.3,18.3,84.8,45.0,14.8,0.286,30.6,87.3,78.6,48.9,22.2,20.1,24.4,14.8,5.61,0.764,42.0,100.0,101.0,614.0,170.0,25.0,1.0,0.361,0.526,0.249,0.887,0.275,3.0,3.0,127.0,78.0,0.764,,0.223,0.361,0.249,0.887,42.0,100.0,101.0,614.0,170.0,128.0,79.0,39.52,118.4,6.493,"Caminero, Junior",Hitter,2026,1.1391269762959835,0.5410838774504044,1.85209511782727,1.602788045763641,4.548256290770865,-0.2841314879348902,1.3376434743863108,0.6847920273635828,0.17859258530201533,0.9202533351800115,,0.9415692634306472,1.0312664370412186,13,25,1,3,4,3,0,79.0,128.0,0.277,0.286
"Rice, Ben",700250,2026,667,414,0.264,0.267,0.003,0.534,0.511,-0.023,0.384,0.378,-0.006,14.3,48.6,91.9,38.4,8.8,29.0,89.0,83.0,40.0,34.0,,12.7,24.3,83.6,44.9,20.5,0.295,24.5,85.2,76.1,40.3,32.1,23.4,30.0,20.5,3.71,0.782,41.0,105.0,97.0,573.0,151.0,24.0,4.0,0.363,0.534,0.27,0.897,0.264,3.0,3.0,162.0,85.0,0.782,,0.244,0.363,0.27,0.897,41.0,105.0,97.0,573.0,151.0,162.0,85.0,39.23,121.5,4.206,"Rice, Ben",Hitter,2026,1.2952145637569386,0.8521726014708058,1.8401578655222681,1.7035656189135213,2.8052082797366,-0.14686765957247497,1.2916307459151766,0.8870501630842762,0.3569340291227142,1.104919856322629,,1.2126244992921997,1.306613481402467,14,24,4,3,6,3,0,85.0,162.0,0.264,0.295
"De La Cruz, Elly",682829,2026,632,382,0.283,0.281,-0.002,0.517,0.508,-0.009,0.383,0.377,-0.006,16.2,53.9,94.7,36.1,9.9,13.0,78.0,79.0,29.0,78.0,91.0,11.4,27.4,79.7,34.3,24.6,0.358,25.1,81.3,73.4,47.4,26.7,24.1,21.5,24.6,5.62,0.77,30.0,99.0,79.0,555.0,157.0,30.0,5.0,0.366,0.517,0.234,0.883,0.285,30.0,3.0,172.0,71.0,0.77,,0.227,0.366,0.234,0.883,30.0,99.0,79.0,555.0,157.0,173.0,72.0,29.48,121.2,6.46,"De La Cruz, Elly",Hitter,2026,1.2798721731488591,1.0592215558794407,0.5958965483898122,1.4665643666274704,4.523105182609898,-0.11797847124366524,1.2816941628523186,0.8340484940724481,0.3350091083608925,1.0755194408491793,,1.181366214112129,1.2727608238858739,15,30,5,30,2,3,0,72.0,173.0,0.283,0.358
"DeLauter, Chase",800050,2026,559,412,0.287,0.277,-0.01,0.457,0.424,-0.033,0.357,0.345,-0.012,6.1,46.5,91.4,35.0,4.5,83.0,71.0,94.0,92.0,29.0,,10.7,14.7,91.1,37.9,23.8,0.315,21.3,92.8,86.5,43.9,19.7,27.2,20.9,23.8,3.35,0.78,16.0,62.0,67.0,495.0,142.0,30.0,3.0,0.363,0.457,0.17,0.82,0.287,11.0,3.0,82.0,59.0,,,0.147,0.363,0.17,0.82,16.0,62.0,67.0,495.0,142.0,82.0,60.0,14.84,113.0,3.807,"DeLauter, Chase",Hitter,2026,0.6370717420908982,0.3709852733027045,4.616701286717784,0.8792863107146527,2.50110851742673,-0.32833450099451883,1.275140531441352,0.5366756460974336,0.23702717612515484,0.5799936250868051,,0.634675039054319,0.6543174131583238,16,30,3,11,1,3,0,60.0,82.0,0.287,0.315
"Wetherholt, JJ",802139,2026,619,433,0.242,0.256,0.014,0.365,0.438,0.073,0.32,0.349,0.029,7.4,45.1,89.8,35.1,5.2,78.0,66.0,95.0,75.0,55.0,100.0,10.3,16.8,85.4,36.3,24.7,0.27,21.1,88.1,82.1,45.3,29.3,22.2,16.6,24.7,4.59,0.78,17.0,89.0,51.0,537.0,130.0,15.0,0.0,0.339,0.365,0.123,0.704,0.244,14.0,2.0,102.0,64.0,,,0.182,0.339,0.123,0.704,17.0,89.0,51.0,537.0,130.0,104.0,64.0,20.4,101.3,5.216,"Wetherholt, JJ",Hitter,2026,0.7284283003220624,0.3525239737183491,3.365554762921808,0.5855876406822228,3.574984620420731,0.6290646799019687,1.26568816039706,0.5925897134570056,0.5671354202364867,0.6362755331925875,,0.671806740330454,0.7188901467552886,17,15,0,14,16,2,0,64.0,104.0,0.242,0.27
"Smith, Will",669257,2026,276,192,0.26,0.28,0.02,0.426,0.507,0.081,0.345,0.392,0.047,12.5,41.1,89.1,43.8,8.8,,,,,42.0,,12.3,16.3,88.1,30.2,31.2,0.277,20.7,90.6,85.3,27.1,40.1,27.6,20.3,31.2,1.75,16.0,10.0,35.0,34.0,235.0,61.0,9.0,0.0,0.355,0.426,0.166,0.781,0.259,0.0,4.0,44.0,34.0,12.297,16.0,0.227,0.355,0.166,0.781,10.0,35.0,34.0,235.0,61.0,45.0,34.0,11.9,109.2,0.109,"Smith, Will",Hitter,2026,1.3284802846095642,0.6838364009504989,4.39505245375865,0.4362285286422969,-0.31733990618704877,0.8415246072109093,1.2459979688050187,0.8318019882333483,0.755847438164293,1.2345038334726173,,1.0862026386819164,1.2117376702554805,18,9,0,0,3,4,0,34.0,45.0,0.26,0.277
"Betts, Mookie",605141,2026,526,417,0.258,0.28,0.022,0.456,0.435,-0.021,0.339,0.341,0.002,7.7,38.1,90.2,39.8,6.1,96.0,48.0,97.0,97.0,30.0,93.0,8.9,10.6,95.0,40.0,17.0,0.251,20.1,95.3,88.6,33.1,32.4,27.8,27.8,17.0,3.94,30.417,23.0,71.0,69.0,476.0,123.0,25.0,0.0,0.327,0.456,0.198,0.783,0.259,2.0,1.0,55.0,47.0,26.173,30.417,0.155,0.327,0.198,0.783,23.0,71.0,69.0,476.0,123.0,56.0,47.0,21.94,107.3,0.129,"Betts, Mookie",Hitter,2026,0.6922756368411104,0.35155389968717676,5.436757830244255,0.8997577474634375,-0.30209681033191743,0.055003315635464976,1.1691476763342215,0.587211395437996,0.39338714440395206,0.6512944846607964,,0.6539684742392443,0.681371464057043,19,25,0,2,2,1,0,47.0,56.0,0.258,0.251
"Abreu, Wilyer",677800,2026,677,462,0.249,0.253,0.004,0.448,0.47,0.022,0.336,0.347,0.011,12.6,43.5,89.8,36.1,8.6,54.0,65.0,49.0,46.0,66.0,79.0,10.3,20.7,82.3,35.7,22.9,0.284,29.8,85.4,78.4,33.1,35.9,22.3,22.3,22.9,5.69,0.78,24.0,81.0,76.0,594.0,148.0,38.0,4.0,0.328,0.448,0.199,0.776,0.249,8.0,7.0,140.0,70.0,0.78,,0.217,0.328,0.199,0.776,24.0,81.0,76.0,594.0,148.0,140.0,70.0,25.18,106.3,6.466,"Abreu, Wilyer",Hitter,2026,0.9186911963093947,0.5571509042348777,1.288110659166048,0.9826381352058471,4.527678111366438,0.1921162710527411,1.1536947373220263,0.587776977996967,0.3279209819833303,0.7819818736746692,,0.796845788280186,0.8771632270505613,20,38,4,8,3,7,1,70.0,140.0,0.249,0.284
"Pages, Andy",681624,2026,569,400,0.274,0.274,0.0,0.463,0.44,-0.023,0.352,0.342,-0.01,7.8,42.0,88.8,37.3,5.5,61.0,39.0,36.0,65.0,76.0,94.0,8.4,19.7,89.3,37.5,23.5,0.309,31.7,91.0,80.8,37.5,27.3,27.0,22.2,23.5,6.04,0.77,22.0,74.0,81.0,508.0,139.0,26.0,2.0,0.343,0.463,0.189,0.806,0.275,13.0,5.0,110.0,47.0,0.77,,0.166,0.343,0.189,0.806,22.0,74.0,81.0,508.0,139.0,112.0,48.0,20.91,111.4,6.943,"Pages, Andy",Hitter,2026,0.724073785374022,0.33317914822683037,1.7509160794567689,1.040975882554872,4.891225947511319,-0.1976484503377706,1.1357958200079725,0.46220160712053865,0.1251275695954237,0.5597581260241973,,0.5774695009361623,0.6156150431514298,21,26,2,13,8,5,0,48.0,112.0,0.274,0.309
"Moreno, Gabriel",672515,2026,549,401,0.311,0.289,-0.022,0.486,0.451,-0.035,0.38,0.363,-0.017,7.7,42.1,89.3,36.2,5.7,86.0,75.0,57.0,91.0,21.0,,11.1,14.6,90.4,35.2,29.7,0.339,28.7,92.0,86.2,41.9,25.4,26.4,18.5,29.7,6.27,2.55,16.0,72.0,83.0,473.0,147.0,33.0,1.0,0.388,0.486,0.175,0.874,0.311,6.0,10.0,79.0,60.0,0.793,,0.162,0.388,0.175,0.874,16.0,72.0,83.0,473.0,147.0,80.0,61.0,14.85,120.3,2.366,"Moreno, Gabriel",Hitter,2026,0.8775124295375127,0.31650357332548895,3.7342837773253033,1.1835527428809287,1.4028434610645193,-0.4588067196367163,1.114757974223191,0.5503883172977512,0.12327985516170838,0.7924072138583858,,0.7010856201895447,0.749950813851573,22,33,1,6,5,10,0,61.0,80.0,0.311,0.339
"Alonso, Pete",624413,2026,700,438,0.267,0.285,0.018,0.522,0.563,0.041,0.379,0.402,0.023,15.3,56.2,93.9,36.8,9.6,31.0,83.0,69.0,35.0,5.0,63.0,11.6,24.1,81.9,36.8,23.3,0.299,26.6,84.4,75.4,41.6,31.3,22.4,21.2,23.3,4.95,21.0,43.0,100.0,113.0,602.0,161.0,24.0,0.0,0.363,0.522,0.255,0.885,0.267,5.0,5.0,169.0,81.0,30.2,30.0,0.278,0.363,0.255,0.885,43.0,100.0,113.0,602.0,161.0,169.0,81.0,46.38,119.9,0.235,"Alonso, Pete",Hitter,2026,1.716376479003345,1.0666528167654103,1.1941914427029188,1.7051174024188251,-0.2213084022997215,0.4663221203834738,1.101822381680555,1.1148040542791557,0.6364688807951385,1.348005755746456,,1.4729477483796938,1.607744670980679,23,24,0,5,12,5,0,81.0,169.0,0.267,0.299
"Mead, Curtis",678554,2026,329,222,0.253,0.259,0.006,0.498,0.457,-0.041,0.37,0.358,-0.012,10.8,42.3,88.0,35.6,7.3,,,,,38.0,3.0,11.9,19.1,89.6,46.8,18.0,0.268,25.1,91.6,83.7,37.4,30.6,23.4,23.9,18.0,2.06,0.762,17.0,49.0,48.0,285.0,72.0,17.0,1.0,0.353,0.498,0.245,0.851,0.253,6.0,0.0,63.0,39.0,0.762,,0.198,0.353,0.245,0.851,17.0,49.0,48.0,285.0,72.0,63.0,39.0,15.6,117.1,2.39,"Mead, Curtis",Hitter,2026,0.8813730543812377,0.3951906376194811,3.511624780037587,0.9374934502604232,1.421135176090677,-0.2526678404533006,1.083595859227645,0.6325242930273659,0.22892149886940885,0.8174190794231921,,0.8267736104525114,0.8817997656597647,24,17,1,6,5,0,0,39.0,63.0,0.253,0.268
"Trout, Mike",545361,2026,634,348,0.242,0.256,0.014,0.421,0.49,0.069,0.356,0.382,0.026,16.1,46.3,90.1,38.2,8.9,22.0,99.0,96.0,39.0,83.0,10.0,16.9,26.0,84.2,35.6,22.1,0.311,20.6,87.1,77.1,35.9,31.6,25.3,27.0,22.1,4.12,37.117,22.0,86.0,54.0,513.0,124.0,26.0,0.0,0.382,0.421,0.179,0.803,0.244,11.0,2.0,163.0,106.0,37.116,37.117,0.234,0.382,0.179,0.803,22.0,86.0,54.0,513.0,124.0,165.0,107.0,25.61,112.7,0.111,"Trout, Mike",Hitter,2026,1.1737689020480648,0.8218133514602327,3.006868122771219,0.9425647399339607,-0.31581559660153563,0.5884859560296208,1.077486861152648,0.8630344086726497,0.6835404352924506,1.185235151145317,,1.1500573235105207,1.2451790065236108,25,26,0,11,11,2,0,107.0,165.0,0.242,0.311
"Lopez, Otto",672640,2026,687,544,0.305,0.282,-0.023,0.437,0.419,-0.018,0.342,0.328,-0.014,6.1,41.0,89.2,30.7,4.8,92.0,12.0,40.0,79.0,81.0,98.0,5.8,13.0,90.0,34.2,22.4,0.335,31.1,92.4,82.8,51.1,22.6,22.1,16.7,22.4,5.92,0.778,11.0,94.0,71.0,627.0,191.0,32.0,9.0,0.349,0.437,0.132,0.786,0.304,34.0,11.0,89.0,40.0,0.778,,0.137,0.349,0.132,0.786,11.0,94.0,71.0,627.0,191.0,89.0,40.0,10.55,108.2,6.743,"Lopez, Otto",Hitter,2026,0.5457510824149105,0.08199883507055755,2.3075891947734988,0.9131275564665963,4.738794988960007,-0.365853879713477,1.0732391612285064,0.33106013065535317,0.021701894089089076,0.3806296108463292,,0.35254168628814087,0.37344037110404815,26,32,9,34,9,11,0,40.0,89.0,0.305,0.335
"Porter, Logan",682515,2026,6,2,0.25,0.269,0.019,0.5,0.363,-0.137,0.443,0.414,-0.029,0.0,50.0,93.9,50.0,0.0,,,,,,,33.3,33.3,83.3,0.0,0.0,0.5,18.8,83.3,77.8,50.0,0.0,50.0,50.0,0.0,0.09,0.78,0.0,2.0,0.0,4.0,1.0,1.0,0.0,0.5,0.5,0.25,1.0,0.25,0.0,0.0,2.0,2.0,,,0.094,0.5,0.25,1.0,0.0,2.0,0.0,4.0,1.0,2.0,2.0,0.0,140.2,0.102,"Porter, Logan",Hitter,2026,0.5079737574634307,0.6564216095754625,5.28734424997073,0.8192756122520901,-0.32267498973634473,-0.7264469969231565,1.069358541948423,0.6003116452859318,0.2658862342261879,1.0002552328593135,,0.8507472594140866,0.8205341527734944,27,1,0,0,0,0,0,2.0,2.0,0.25,0.5
"Hicks, Liam",689414,2026,550,422,0.282,0.261,-0.021,0.429,0.356,-0.073,0.351,0.319,-0.032,3.8,26.8,84.5,30.3,2.9,96.0,65.0,69.0,98.0,12.0,,10.2,10.0,97.3,42.9,13.5,0.284,26.6,97.3,89.4,43.6,24.4,22.3,25.8,13.5,3.22,0.76,18.0,66.0,82.0,475.0,134.0,14.0,1.0,0.366,0.429,0.147,0.795,0.281,3.0,7.0,55.0,56.0,0.76,,0.095,0.366,0.147,0.795,18.0,66.0,82.0,475.0,134.0,55.0,56.0,14.94,111.1,3.744,"Hicks, Liam",Hitter,2026,0.1099624534203281,-0.45161374444017305,5.258416027260652,0.8940621972885886,2.4530927654830665,-0.736915767983235,1.0316572978994167,0.17524491051120758,-0.1043185458484965,0.24932636752794618,,0.07759642315492508,0.04346057576745942,28,14,1,3,11,7,1,56.0,55.0,0.282,0.284
"Gasper, Mickey",681508,2026,225,154,0.251,0.249,-0.002,0.466,0.444,-0.022,0.361,0.353,-0.008,10.4,37.7,88.9,31.8,7.1,,,,,32.0,,12.0,17.3,93.6,44.2,17.5,0.266,21.0,94.1,82.5,42.2,31.2,20.1,29.2,17.5,1.17,0.78,10.0,26.0,24.0,191.0,48.0,9.0,1.0,0.357,0.466,0.215,0.823,0.251,0.0,1.0,39.0,27.0,,,0.195,0.357,0.215,0.823,10.0,26.0,24.0,191.0,48.0,39.0,27.0,9.53,114.2,1.33,"Gasper, Mickey",Hitter,2026,0.7770150469355522,0.20845658764920966,4.425894708183826,0.5346996599457935,0.6132510957687177,-0.1922363338885976,1.0221357106711848,0.6186914179436656,0.28558672807734514,0.7519348533036605,,0.762754717370444,0.8105036643473288,29,9,1,0,5,1,1,27.0,39.0,0.251,0.266
"Grisham, Trent",663757,2026,484,333,0.211,0.245,0.034,0.395,0.429,0.034,0.311,0.337,0.026,9.6,45.3,90.6,35.7,6.6,66.0,89.0,99.0,83.0,34.0,9.0,12.6,18.4,88.9,44.4,13.8,0.222,19.2,90.0,83.2,38.1,30.0,22.5,27.0,13.8,0.61,22.025,18.0,67.0,59.0,418.0,88.0,19.0,2.0,0.308,0.395,0.184,0.703,0.211,9.0,4.0,89.0,61.0,5.25,5.0,0.184,0.308,0.184,0.703,18.0,67.0,59.0,418.0,88.0,89.0,61.0,19.55,98.4,0.028,"Grisham, Trent",Hitter,2026,0.6226402979791545,0.4844720215241985,4.26732184943543,0.6027234149533639,-0.3790744444003305,0.5688627170367088,1.0020400957215854,0.5848597667364893,0.5913307936835379,0.6283488798140827,,0.6960223001576096,0.7381190238674273,30,19,2,9,0,4,0,61.0,89.0,0.211,0.222
"Antonacci, Sam",803011,2026,553,397,0.275,0.282,0.007,0.392,0.397,0.005,0.343,0.346,0.003,5.0,33.6,87.5,37.3,3.6,83.0,30.0,92.0,95.0,71.0,5.0,7.8,14.8,90.1,32.0,23.4,0.316,21.7,91.9,87.5,50.1,21.9,24.7,15.4,23.4,2.34,0.78,8.0,81.0,48.0,477.0,131.0,24.0,4.0,0.367,0.392,0.117,0.759,0.275,19.0,2.0,81.0,43.0,,,0.115,0.367,0.117,0.759,8.0,81.0,48.0,477.0,131.0,82.0,43.0,8.1,108.5,2.659,"Antonacci, Sam",Hitter,2026,0.47523858102975464,0.006342862713063502,4.081248581329964,0.649165549252666,1.6261548153421927,0.07601390374186667,0.9998572092958518,0.41082923700859836,0.27289484110348317,0.46771912851475916,,0.3646555624625966,0.35858300818186,31,24,4,19,28,2,3,43.0,82.0,0.275,0.316
"Perdomo, Geraldo",672695,2026,676,488,0.261,0.26,-0.001,0.377,0.355,-0.022,0.337,0.332,-0.005,3.1,32.0,87.7,35.7,2.2,93.0,96.0,96.0,98.0,37.0,98.0,14.1,12.7,92.6,42.6,19.5,0.29,21.0,93.6,89.6,41.8,25.0,28.5,21.7,19.5,5.28,6.25,9.0,75.0,59.0,559.0,146.0,20.0,9.0,0.369,0.377,0.116,0.746,0.263,21.0,8.0,85.0,93.0,2.55,2.55,0.095,0.369,0.116,0.746,9.0,75.0,59.0,559.0,146.0,86.0,95.0,8.47,106.6,0.831,"Perdomo, Geraldo",Hitter,2026,0.15119289560793578,-0.14085661375191577,5.895078350952198,0.6415245931347285,0.23293585418319146,-0.16291736278614408,0.9971191919043445,0.31321412491351647,0.24107733355546734,0.3752232876917625,,0.23391964896280937,0.19897443594892694,32,20,9,21,5,8,9,95.0,86.0,0.261,0.29
"Baldwin, Drake",686948,2026,615,414,0.284,0.277,-0.007,0.459,0.502,0.043,0.354,0.369,0.015,12.8,50.2,91.4,37.4,8.7,49.0,48.0,22.0,47.0,16.0,,8.9,21.5,83.6,31.2,25.1,0.332,34.4,85.4,76.9,44.0,26.3,24.9,22.2,25.1,3.7,0.76,25.0,85.0,79.0,549.0,156.0,21.0,0.0,0.358,0.459,0.175,0.817,0.281,3.0,2.0,132.0,55.0,0.76,,0.225,0.358,0.175,0.817,25.0,85.0,79.0,549.0,156.0,132.0,55.0,27.34,112.0,4.302,"Baldwin, Drake",Hitter,2026,1.2110173614479096,0.7845137616288284,0.39724294051273057,1.0793284404390011,2.87837513984123,0.24064441005935544,0.9930447548205613,0.7243458839328484,0.38001012364520903,0.9547602558945204,,0.9836147380284911,1.083303123596432,33,21,0,3,9,2,0,55.0,132.0,0.284,0.332
"Kurtz, Nick",701762,2026,434,211,0.256,0.244,-0.012,0.483,0.483,0.0,0.381,0.374,-0.007,18.0,57.3,93.4,38.9,8.8,2.0,100.0,87.0,1.0,29.0,21.0,18.2,32.5,73.0,34.6,24.2,0.363,23.3,77.2,66.6,41.7,28.9,26.1,20.4,24.2,3.67,0.76,21.0,62.0,69.0,352.0,90.0,15.0,1.0,0.396,0.483,0.227,0.879,0.256,7.0,0.0,141.0,79.0,0.76,,0.239,0.396,0.227,0.879,21.0,62.0,69.0,352.0,90.0,141.0,79.0,21.0,120.6,4.267,"Kurtz, Nick",Hitter,2026,1.094681583551512,1.2406430285552015,0.11393779579429408,1.1663112865171108,2.85169972209475,-0.15443230824323043,0.9835631053307811,0.7651107234872084,0.362694465664242,1.1335500418530708,,1.2198987853940648,1.314797284905586,34,15,1,7,3,0,0,79.0,141.0,0.256,0.363
"Nootbaar, Lars",663457,2026,330,215,0.238,0.251,0.013,0.381,0.445,0.064,0.322,0.346,0.024,10.2,49.8,92.0,35.3,6.8,,,,,50.0,,13.9,20.6,87.6,40.0,23.3,0.285,20.4,89.0,82.8,46.5,28.4,21.9,19.1,23.3,0.67,5.35,8.0,39.0,32.0,281.0,67.0,14.0,1.0,0.343,0.381,0.143,0.724,0.241,2.0,2.0,66.0,44.0,2.95,2.95,0.194,0.343,0.143,0.724,8.0,39.0,32.0,281.0,67.0,68.0,46.0,9.34,101.9,0.123,"Nootbaar, Lars",Hitter,2026,0.7584187695255336,0.6320875359037456,3.9710398658455492,0.2533409949813337,-0.30666973908845685,0.5437608965016928,0.9733884444274886,0.6721131140427397,0.6229990769233411,0.7262469734311193,,0.8250313682138123,0.8770390474210634,35,14,1,2,0,2,1,46.0,68.0,0.238,0.285
"Bauers, Jake",641343,2026,574,320,0.266,0.252,-0.014,0.486,0.467,-0.019,0.383,0.371,-0.012,13.8,51.9,92.1,38.4,7.7,16.0,98.0,93.0,18.0,35.0,5.0,16.4,27.0,81.8,41.6,25.0,0.339,21.6,84.3,72.5,40.9,30.3,25.3,26.9,25.0,3.21,2.7,26.0,92.0,86.0,473.0,126.0,22.0,2.0,0.39,0.486,0.22,0.876,0.268,11.0,3.0,153.0,93.0,1.4,,0.215,0.39,0.22,0.876,26.0,92.0,86.0,473.0,126.0,155.0,94.0,24.98,121.2,1.146,"Bauers, Jake",Hitter,2026,0.9880523172405806,0.9066141440716261,1.9920455801231682,1.4303497324847225,0.4730146139015095,-0.29243201508849487,0.9597534648969555,0.7413568593412777,0.3243989863443243,1.0017310341321404,,1.0857425722331802,1.1564802686817341,36,22,2,11,4,3,0,94.0,155.0,0.266,0.339
"Kwan, Steven",680757,2026,637,481,0.282,0.277,-0.005,0.349,0.343,-0.006,0.33,0.328,-0.002,0.4,10.4,83.8,40.5,0.3,97.0,93.0,98.0,100.0,49.0,93.0,13.3,9.7,95.1,27.2,24.9,0.312,19.9,96.9,93.4,41.8,22.5,30.8,14.8,24.9,5.22,7.725,3.0,80.0,32.0,539.0,152.0,21.0,2.0,0.382,0.349,0.067,0.731,0.279,10.0,3.0,62.0,84.0,4.175,4.175,0.066,0.382,0.067,0.731,3.0,80.0,32.0,539.0,152.0,62.0,85.0,2.95,104.4,0.667,"Kwan, Steven",Hitter,2026,0.07027821180204186,-0.6881770213088845,6.818120535866591,0.3609067881814123,0.10794246817111477,-0.09557267818132581,0.9580252262949127,0.13502639293528804,0.14060151556085096,0.3024682464816251,,-0.07475384041463431,-0.11068588848653864,37,21,3,10,4,3,5,85.0,62.0,0.282,0.312
"Tatis Jr., Fernando",665487,2026,704,499,0.289,0.298,0.009,0.47,0.503,0.033,0.36,0.38,0.02,12.8,53.9,93.0,32.1,9.2,66.0,48.0,70.0,38.0,88.0,85.0,9.1,18.5,85.8,33.3,24.4,0.327,26.5,88.7,76.5,51.1,21.0,23.6,14.0,24.4,4.5,20.714,25.0,96.0,83.0,626.0,181.0,32.0,3.0,0.358,0.47,0.181,0.828,0.291,38.0,6.0,130.0,63.0,20.7,20.714,0.205,0.358,0.181,0.828,25.0,96.0,83.0,626.0,181.0,130.0,64.0,26.76,113.9,0.216,"Tatis Jr., Fernando",Hitter,2026,1.2683420897034072,0.7687399206403783,1.8053592519363946,1.2139438857546818,-0.23578934336209628,0.3443506679690833,0.9345851096682876,0.8332555370636929,0.51519603942531,1.0264840386456653,,1.0368889995368977,1.1219356867827097,38,32,3,38,7,6,1,64.0,130.0,0.289,0.327
"Dingler, Dillon",693307,2026,607,415,0.243,0.266,0.023,0.446,0.469,0.023,0.326,0.344,0.018,10.1,43.4,88.8,39.0,7.0,42.0,10.0,28.0,61.0,47.0,,5.6,22.9,88.1,42.4,18.8,0.274,33.5,90.7,79.7,37.1,29.2,24.6,26.7,18.8,4.05,0.762,27.0,72.0,91.0,551.0,134.0,27.0,2.0,0.302,0.446,0.203,0.748,0.243,0.0,5.0,137.0,34.0,0.762,,0.203,0.302,0.203,0.748,27.0,72.0,91.0,551.0,134.0,139.0,34.0,28.39,103.2,4.698,"Dingler, Dillon",Hitter,2026,0.9079164817283785,0.5006969296412414,0.5254530663028583,0.9634563326094886,3.1801884377728302,0.3819837591654907,0.906672135891027,0.5868218458554946,0.34506631378952585,0.6150485931289457,,0.7132576435914701,0.7761758114904309,39,27,2,0,15,5,0,34.0,139.0,0.243,0.274
"Witt Jr., Bobby",677951,2026,628,447,0.283,0.302,0.019,0.444,0.506,0.062,0.347,0.379,0.032,11.4,50.8,92.3,37.4,8.2,75.0,72.0,26.0,45.0,99.0,100.0,10.7,17.2,86.5,30.6,25.7,0.322,33.7,89.2,77.8,36.0,26.6,28.2,18.6,25.7,6.7,14.111,18.0,94.0,54.0,554.0,157.0,32.0,1.0,0.361,0.444,0.161,0.805,0.282,44.0,4.0,107.0,67.0,8.211,8.111,0.204,0.361,0.161,0.805,18.0,94.0,54.0,554.0,157.0,108.0,67.0,20.51,109.8,0.471,"Witt Jr., Bobby",Hitter,2026,1.285327636287732,0.7651475949518914,1.5683914024335768,0.9137908908503802,-0.041439871209172086,0.6361859528587307,0.9061633802198608,0.7881414963008632,0.5782013996129788,1.0596154706681817,,0.9831649767411371,1.079313319868578,40,33,1,45,3,4,0,67.0,108.0,0.283,0.322
"Benge, Carson",701807,2026,649,446,0.28,0.277,-0.003,0.429,0.437,0.008,0.338,0.341,0.003,7.4,39.0,88.8,38.1,5.1,48.0,30.0,63.0,67.0,83.0,62.0,7.7,21.6,86.4,33.2,24.0,0.336,27.9,87.9,80.0,42.8,28.0,26.2,19.5,24.0,3.99,0.78,20.0,86.0,64.0,590.0,165.0,21.0,3.0,0.344,0.429,0.149,0.773,0.277,22.0,1.0,140.0,50.0,,,0.16,0.344,0.149,0.773,20.0,86.0,64.0,590.0,165.0,140.0,50.0,20.37,107.0,4.534,"Benge, Carson",Hitter,2026,0.7032186682246774,0.27475865624781637,1.5345153736243824,0.8359014904995749,3.055195051760753,0.019585715730051207,0.8937970046734066,0.44792556859613414,0.2000071105910708,0.5120426372748497,,0.5157536984978425,0.5531347218085223,41,22,3,22,8,1,0,50.0,140.0,0.28,0.336
"Rumfield, TJ",681198,2026,631,462,0.3,0.26,-0.04,0.453,0.385,-0.068,0.372,0.332,-0.04,5.0,27.7,84.3,37.2,3.7,90.0,80.0,45.0,82.0,5.0,81.0,11.4,13.6,91.6,40.7,18.8,0.331,30.4,93.2,83.5,39.6,28.8,25.5,24.5,18.8,3.42,0.78,16.0,67.0,73.0,547.0,164.0,30.0,3.0,0.39,0.453,0.153,0.843,0.299,0.0,2.0,86.0,72.0,,,0.125,0.39,0.153,0.843,16.0,67.0,73.0,547.0,164.0,86.0,72.0,13.6,117.7,3.886,"Rumfield, TJ",Hitter,2026,0.3378904294847983,-0.2095200072889924,3.5069978354954565,0.9868260194573196,2.5613187460544986,-0.9068089050837332,0.8820931682533939,0.26167839028039885,-0.1663862565791267,0.4338226096139816,,0.28091292522352357,0.27403904955311287,42,30,3,0,10,2,0,72.0,86.0,0.3,0.331
"Judge, Aaron",592450,2026,285,153,0.241,0.258,0.017,0.511,0.569,0.058,0.372,0.396,0.024,20.9,57.5,94.0,34.0,11.2,,,,,31.0,,15.1,29.8,78.0,43.1,24.8,0.289,26.4,80.6,69.3,37.9,32.7,22.9,25.5,24.8,1.89,40.0,18.0,45.0,41.0,237.0,57.0,10.0,0.0,0.36,0.511,0.27,0.871,0.241,5.0,1.0,85.0,43.0,40.0,40.0,0.311,0.36,0.27,0.871,18.0,45.0,41.0,237.0,57.0,85.0,43.0,20.04,117.7,0.047,"Judge, Aaron",Hitter,2026,1.7180517400854116,1.252204315896918,0.24306569696450286,0.9535992189469548,-0.3645935033379558,0.544404511289888,0.8774346363826483,1.118470615949056,0.6739041348167676,1.4510980424995268,,1.5783365939596206,1.7347615865096582,43,10,0,5,2,1,0,43.0,85.0,0.241,0.289
"Ohtani, Shohei",660271,2026,615,370,0.275,0.288,0.013,0.513,0.557,0.044,0.379,0.4,0.021,16.5,52.4,93.4,38.6,10.0,27.0,93.0,48.0,11.0,57.0,,13.2,24.7,77.3,47.8,21.4,0.329,30.0,80.2,71.2,42.2,30.5,24.1,27.3,21.4,3.32,28.217,30.0,89.0,81.0,520.0,143.0,26.0,4.0,0.377,0.513,0.238,0.89,0.276,11.0,5.0,150.0,81.0,28.21,28.217,0.269,0.377,0.238,0.89,30.0,89.0,81.0,520.0,143.0,152.0,81.0,32.57,119.9,0.117,"Ohtani, Shohei",Hitter,2026,1.6731627738297656,1.0688059426067766,0.13268742363865826,1.418923730378297,-0.3112426678449962,0.43008997124090653,0.8766782854209312,1.0728802388864955,0.5876014652474171,1.3845592701971352,,1.4173522032380648,1.544671171011193,44,26,4,11,7,5,0,81.0,152.0,0.275,0.329
"Eldridge, Bryce",805811,2026,448,270,0.269,0.26,-0.009,0.461,0.467,0.006,0.361,0.359,-0.002,11.5,52.2,92.7,36.7,6.9,17.0,92.0,82.0,32.0,18.0,,13.2,26.6,82.1,37.8,27.8,0.344,24.6,84.0,75.0,39.3,30.4,26.3,23.7,27.8,2.02,0.78,17.0,50.0,57.0,386.0,104.0,23.0,0.0,0.364,0.461,0.192,0.825,0.269,1.0,3.0,119.0,59.0,,,0.207,0.364,0.192,0.825,17.0,50.0,57.0,386.0,104.0,119.0,59.0,17.22,114.2,2.295,"Eldridge, Bryce",Hitter,2026,0.9477955572683706,0.7915415088974072,1.432869356016952,0.8195943458002225,1.348730470778803,-0.06880671744885708,0.8611191217021448,0.6276332597842958,0.30434115002766465,0.8152400018692216,,0.9171312031617909,0.9943919004562223,45,23,0,1,0,3,0,59.0,119.0,0.269,0.344
"Pasquantino, Vinnie",686469,2026,477,346,0.247,0.254,0.007,0.412,0.429,0.017,0.325,0.334,0.009,9.0,41.6,90.0,35.8,6.6,83.0,73.0,44.0,92.0,13.0,55.0,10.7,15.7,91.8,43.9,17.1,0.265,30.5,92.3,86.3,31.2,31.2,25.7,31.2,17.1,2.21,4.2,15.0,52.0,61.0,417.0,103.0,20.0,2.0,0.331,0.412,0.165,0.743,0.246,5.0,5.0,73.0,51.0,0.793,,0.175,0.331,0.165,0.743,15.0,52.0,61.0,417.0,103.0,75.0,51.0,15.62,102.8,0.514,"Pasquantino, Vinnie",Hitter,2026,0.6160842066941796,0.3681867921051136,3.491283228002982,0.5771911715290753,-0.008667215120639745,0.17544440183367352,0.8546072886956795,0.45894699272561407,0.3339751291504193,0.5903488581670063,,0.5776100683311437,0.6236408411804882,46,20,2,5,4,5,0,51.0,75.0,0.247,0.265
"Díaz, Yandy",650490,2026,686,518,0.293,0.28,-0.013,0.446,0.438,-0.008,0.348,0.346,-0.002,7.1,48.1,90.9,29.5,5.4,87.0,37.0,54.0,93.0,17.0,,8.2,14.3,88.7,23.0,25.3,0.316,29.1,91.2,87.6,51.0,19.5,23.9,12.0,25.3,2.25,10.0,22.0,93.0,85.0,614.0,180.0,25.0,1.0,0.359,0.446,0.153,0.805,0.29,3.0,6.0,98.0,56.0,10.0,10.0,0.158,0.359,0.153,0.805,22.0,93.0,85.0,614.0,180.0,98.0,56.0,21.61,110.1,0.223,"Díaz, Yandy",Hitter,2026,0.7293895634115399,0.2880267565100777,3.2150613464041933,1.077554400282765,-0.2304542598128003,-0.16081558397259962,0.8447181197794043,0.43651862796369173,0.16918790880006035,0.5705689027118163,,0.5461885295656507,0.5946104921432653,47,26,1,3,10,6,0,56.0,98.0,0.293,0.316
"Ward, Taylor",621493,2026,607,370,0.225,0.24,0.015,0.311,0.359,0.048,0.311,0.333,0.022,5.1,38.1,88.7,35.1,3.1,50.0,98.0,100.0,80.0,51.0,30.0,16.3,21.4,87.0,33.0,25.1,0.288,14.9,88.9,82.4,38.9,26.8,26.8,16.8,25.1,1.69,12.175,7.0,71.0,37.0,498.0,112.0,20.0,1.0,0.359,0.311,0.086,0.67,0.223,4.0,3.0,130.0,99.0,7.825,7.825,0.119,0.359,0.086,0.67,7.0,71.0,37.0,498.0,112.0,130.0,99.0,8.08,98.4,0.138,"Ward, Taylor",Hitter,2026,0.16975159559546318,0.08105438736889359,4.843710295211449,0.2501612964452194,-0.29523741719710833,0.4698248412508586,0.8401882575265198,0.31938348270724926,0.49176216973610054,0.3878955248016318,,0.3081836149743482,0.3005036710547042,48,20,1,4,7,3,0,99.0,130.0,0.225,0.288
"Jeffers, Ryan",680777,2026,365,251,0.252,0.242,-0.01,0.455,0.426,-0.029,0.35,0.34,-0.01,10.4,41.0,88.7,35.1,7.1,70.0,87.0,72.0,85.0,23.0,,12.3,18.1,89.3,39.0,21.9,0.275,26.3,90.8,84.5,39.0,28.7,23.1,22.3,21.9,2.64,6.7,14.0,49.0,55.0,314.0,79.0,18.0,2.0,0.349,0.455,0.203,0.804,0.252,1.0,2.0,66.0,45.0,4.55,4.55,0.184,0.349,0.203,0.804,14.0,49.0,55.0,314.0,79.0,66.0,45.0,13.11,110.8,0.388,"Jeffers, Ryan",Hitter,2026,0.613533577626224,0.3581270249694805,3.5942308905794222,0.7638245203513044,-0.10469871900796698,-0.2951910016305835,0.8387281389762059,0.5068708549900766,0.20459281896678871,0.6544303226989889,,0.6699187344751701,0.7077848438607622,49,18,2,1,3,2,0,45.0,66.0,0.252,0.275
"Schanuel, Nolan",694384,2026,446,340,0.276,0.286,0.01,0.385,0.389,0.004,0.328,0.334,0.006,2.4,32.9,87.4,36.5,1.8,92.0,54.0,66.0,88.0,13.0,88.0,9.4,13.0,90.6,42.1,14.4,0.304,27.2,93.2,85.9,43.5,21.5,30.0,25.0,14.4,2.05,0.78,7.0,43.0,49.0,392.0,108.0,22.0,0.0,0.351,0.385,0.109,0.736,0.276,1.0,5.0,58.0,42.0,0.78,,0.103,0.351,0.109,0.736,7.0,43.0,49.0,392.0,108.0,58.0,42.0,7.07,103.8,2.33,"Schanuel, Nolan",Hitter,2026,0.3831911841905276,-0.1380619053371993,3.7618241613120365,0.33660515653010226,1.375405888525283,0.1147912074119729,0.8319695222502385,0.328211709812886,0.23399437675256274,0.3580120320439884,,0.21816212627912826,0.2051315258589812,50,22,0,1,6,5,1,42.0,58.0,0.276,0.304
"Herrera, Iván",671056,2026,713,467,0.243,0.248,0.005,0.384,0.386,0.002,0.332,0.335,0.003,6.0,40.6,89.4,31.3,3.9,63.0,71.0,60.0,72.0,20.0,,10.5,19.2,87.4,37.9,17.8,0.282,28.4,88.7,80.7,49.0,19.7,22.7,21.0,17.8,3.09,0.77,19.0,97.0,69.0,602.0,146.0,26.0,1.0,0.353,0.384,0.141,0.737,0.244,8.0,5.0,136.0,75.0,0.77,,0.138,0.353,0.141,0.737,19.0,97.0,69.0,602.0,146.0,137.0,75.0,19.1,105.1,3.552,"Herrera, Iván",Hitter,2026,0.3491663010241115,0.09075447510980418,2.352867986579955,0.8557307079448409,2.306759045273806,0.0482825208271056,0.8222364310667992,0.36110211747432125,0.23257722652717155,0.37766016338904107,,0.36701635347758205,0.36190775673865055,51,26,1,8,31,5,0,75.0,137.0,0.243,0.282
"Burleson, Alec",676475,2026,670,486,0.279,0.289,0.01,0.473,0.519,0.046,0.352,0.373,0.021,11.1,50.0,92.0,34.6,8.1,72.0,39.0,11.0,59.0,12.0,63.0,8.2,18.1,83.6,48.4,17.3,0.31,38.0,85.1,79.5,44.7,26.5,22.6,27.4,17.3,3.65,3.3,26.0,89.0,116.0,605.0,169.0,37.0,1.0,0.343,0.473,0.194,0.816,0.28,4.0,4.0,119.0,55.0,0.77865,,0.23,0.343,0.194,0.816,26.0,89.0,116.0,605.0,169.0,121.0,55.0,28.53,111.4,1.074,"Burleson, Alec",Hitter,2026,1.337581852690555,0.6547556560200959,0.4663460670747096,1.3545298755006125,0.41813946882303693,0.41818660368281685,0.8221105930135417,0.8010854356576622,0.42494581231963524,0.9765715302192759,,0.9972309897191739,1.0965398271284685,52,37,1,4,6,4,0,55.0,121.0,0.279,0.31
"Edwards, Xavier",669364,2026,595,444,0.28,0.258,-0.022,0.371,0.356,-0.015,0.325,0.311,-0.014,3.2,28.4,86.8,36.0,2.4,89.0,80.0,84.0,84.0,76.0,24.0,11.4,13.9,89.3,28.6,27.3,0.32,24.4,90.4,83.8,48.2,22.7,24.8,13.3,27.3,2.97,0.772,6.0,61.0,52.0,518.0,145.0,17.0,6.0,0.36,0.371,0.091,0.731,0.28,21.0,6.0,83.0,68.0,0.772,,0.098,0.36,0.091,0.731,6.0,61.0,52.0,518.0,145.0,83.0,68.0,5.76,102.8,3.406,"Edwards, Xavier",Hitter,2026,0.07894830545304801,-0.22965923892624107,3.994783484552202,0.4018235989794683,2.1954844455313474,-0.34513579437593006,0.8183311562233059,0.11587956724412847,0.02348467562094963,0.199741819453502,,0.0531501083792339,0.03630812513539957,53,17,6,21,0,6,3,68.0,83.0,0.28,0.32
"Bregman, Alex",608324,2026,697,508,0.26,0.249,-0.011,0.449,0.382,-0.067,0.35,0.322,-0.028,6.1,37.4,88.1,32.5,4.4,85.0,73.0,87.0,90.0,22.0,94.0,10.8,14.6,90.3,48.0,15.6,0.272,23.4,91.6,85.8,37.6,27.6,23.2,27.2,15.6,5.35,26.287,26.0,89.0,89.0,604.0,157.0,32.0,2.0,0.35,0.449,0.189,0.799,0.26,3.0,6.0,102.0,75.0,25.0,36.667,0.133,0.35,0.189,0.799,26.0,89.0,89.0,604.0,157.0,102.0,75.0,22.12,110.8,0.203,"Bregman, Alex",Hitter,2026,0.27681960319036003,0.022622506751645115,4.248983561255299,1.1611128134656552,-0.24569735566793158,-0.609632318656771,0.7997108909235918,0.2679446830416951,-0.010010061298781528,0.3514529304054465,,0.3305403258677424,0.33025449247115657,54,32,2,3,12,6,0,75.0,102.0,0.26,0.272
"Roden, Alan",702176,2026,94,68,0.291,0.29,-0.001,0.392,0.406,0.014,0.332,0.351,0.019,4.4,41.2,87.0,30.9,3.3,,,,,41.0,,12.8,12.8,92.5,35.3,25.0,0.324,25.9,92.5,84.0,50.0,22.1,23.5,19.1,25.0,0.28,0.78,1.0,7.0,14.0,79.0,23.0,4.0,0.0,0.376,0.392,0.101,0.768,0.286,0.0,2.0,12.0,11.0,,,0.116,0.376,0.101,0.768,1.0,7.0,14.0,79.0,23.0,12.0,12.0,1.04,105.1,0.318,"Roden, Alan",Hitter,2026,0.5537012700419315,-0.039439520126092066,4.484527131731737,-0.05218388569809359,-0.15804955450092656,0.179985478539751,0.7975824927941934,0.4695021012442921,0.3793561698811183,0.5711925538724345,,0.3887263691330701,0.39359478027957523,55,5,0,0,0,2,1,12.0,12.0,0.291,0.324
"Turang, Brice",668930,2026,676,413,0.268,0.254,-0.014,0.452,0.425,-0.027,0.357,0.343,-0.014,7.5,41.4,90.2,38.5,4.6,26.0,92.0,80.0,53.0,81.0,98.0,13.3,25.3,82.8,29.1,31.2,0.345,24.8,85.2,79.2,46.7,22.5,28.8,14.5,31.2,7.15,4.15,21.0,102.0,99.0,578.0,155.0,37.0,3.0,0.367,0.452,0.184,0.819,0.268,19.0,2.0,169.0,89.0,0.777,,0.171,0.367,0.184,0.819,21.0,102.0,99.0,578.0,155.0,171.0,90.0,19.75,113.0,1.682,"Turang, Brice",Hitter,2026,0.6243907139062032,0.3787601767582299,2.067398501227854,1.3302151848551798,0.8815295828190285,-0.3438485647995397,0.7952598685426008,0.3777544322053792,0.08490109489145782,0.5641464851564557,,0.575987912162879,0.6256554980907235,56,37,3,19,1,2,5,90.0,171.0,0.268,0.345
"Canzone, Dominic",686527,2026,528,363,0.264,0.272,0.008,0.486,0.493,0.007,0.354,0.359,0.005,12.4,44.9,91.2,35.5,8.6,52.0,46.0,21.0,33.0,26.0,,8.9,20.8,83.2,39.1,19.6,0.297,34.8,85.3,75.1,44.4,27.8,22.3,23.7,19.6,2.73,0.76,23.0,59.0,77.0,473.0,125.0,27.0,4.0,0.335,0.486,0.222,0.821,0.264,2.0,3.0,109.0,46.0,0.76,,0.221,0.335,0.222,0.821,23.0,59.0,77.0,473.0,125.0,110.0,47.0,23.33,112.0,3.174,"Canzone, Dominic",Hitter,2026,1.11561397012788,0.6018649337439554,0.18843471264663403,1.0245015752101934,2.0186645336118243,0.10703417550946288,0.793786793371414,0.7279700236287872,0.30311292328709033,0.8651627177743252,,0.9155950492972915,0.9890714819765212,57,28,4,2,5,3,0,47.0,110.0,0.264,0.297
"Ramírez, José",608070,2026,544,406,0.235,0.265,0.03,0.368,0.391,0.023,0.304,0.325,0.021,4.2,38.5,88.5,35.5,3.2,93.0,76.0,59.0,91.0,62.0,82.0,11.0,12.7,90.7,50.0,12.8,0.248,28.5,92.7,86.8,33.5,27.3,27.1,29.8,12.8,2.75,18.357,12.0,71.0,53.0,473.0,111.0,27.0,0.0,0.32,0.368,0.133,0.688,0.237,37.0,7.0,69.0,60.0,19.15,19.0,0.126,0.32,0.133,0.688,12.0,71.0,53.0,473.0,111.0,69.0,60.0,12.75,96.2,0.149,"Ramírez, José",Hitter,2026,0.3519138785958139,0.05756722808180057,4.016919806857499,0.4360585160235037,-0.2868537144767861,0.45338251573123406,0.7840915438229089,0.29999817764472153,0.3724846704905359,0.3777617268344603,,0.2667228259169294,0.2784044170176219,58,27,0,37,3,7,0,60.0,69.0,0.235,0.248
"Soderstrom, Tyler",691016,2026,453,306,0.245,0.246,0.001,0.472,0.411,-0.061,0.35,0.327,-0.023,9.5,45.4,90.7,31.0,6.4,57.0,84.0,74.0,57.0,41.0,5.0,11.7,20.1,87.7,38.9,19.0,0.272,25.9,89.1,79.2,46.4,27.1,19.3,23.2,19.0,2.66,1.286,19.0,58.0,56.0,396.0,97.0,27.0,3.0,0.338,0.472,0.227,0.81,0.245,2.0,1.0,91.0,53.0,0.765,,0.165,0.338,0.227,0.81,19.0,58.0,56.0,396.0,97.0,91.0,53.0,16.54,110.8,1.919,"Soderstrom, Tyler",Hitter,2026,0.4742345882458468,0.36278422395840215,2.628474030885397,0.8801928527990078,1.0621602687023346,-0.46088704966746413,0.7775428463092899,0.4317186290793545,0.092655371219792,0.47528724492372054,,0.5673144252229155,0.5815946949488167,59,27,3,2,3,1,0,53.0,91.0,0.245,0.272
"Aranda, Jonathan",666018,2026,666,422,0.273,0.256,-0.017,0.433,0.441,0.008,0.348,0.344,-0.004,10.0,45.8,91.0,39.1,6.4,30.0,63.0,54.0,60.0,13.0,58.0,10.4,24.3,81.9,30.1,28.2,0.338,29.2,85.3,80.5,37.2,31.0,27.7,21.1,28.2,2.18,0.776,22.0,73.0,92.0,578.0,158.0,26.0,0.0,0.357,0.433,0.16,0.79,0.275,0.0,8.0,160.0,67.0,0.776,,0.185,0.357,0.16,0.79,22.0,73.0,92.0,578.0,158.0,162.0,69.0,22.41,110.1,2.489,"Aranda, Jonathan",Hitter,2026,0.7286538805270053,0.6110819626104733,1.2136826032102768,1.0056172442849434,1.4965885005735768,-0.1306470219098468,0.7738689876445021,0.405361902077467,0.1551836870301886,0.6261772186779118,,0.6535006201059425,0.7222987499415778,60,26,0,0,11,8,0,69.0,162.0,0.273,0.338
"Contreras, William",661388,2026,640,479,0.27,0.26,-0.01,0.417,0.442,0.025,0.329,0.334,0.005,8.6,44.1,90.3,33.2,6.4,85.0,54.0,60.0,72.0,16.0,,9.5,14.7,87.0,36.5,20.9,0.292,28.4,89.1,81.4,40.7,25.5,25.1,20.0,20.9,2.85,9.4,18.0,82.0,94.0,566.0,153.0,27.0,1.0,0.341,0.417,0.147,0.758,0.27,1.0,9.0,93.0,60.0,6.0,6.0,0.182,0.341,0.147,0.758,18.0,82.0,94.0,566.0,153.0,94.0,61.0,19.08,104.1,0.3,"Contreras, William",Hitter,2026,0.6999934131239343,0.3449485135323335,2.6565204601272283,0.9356932076810471,-0.17176834077054476,0.0630235456815888,0.7719456266497958,0.507440071331025,0.29441255488955,0.581813948062255,,0.6130250208076542,0.6618207544486409,61,27,1,1,4,9,0,61.0,94.0,0.27,0.292
"Keaschall, Luke",807712,2026,615,446,0.283,0.249,-0.034,0.409,0.367,-0.042,0.344,0.319,-0.025,3.8,29.0,85.4,35.0,2.8,87.0,52.0,89.0,86.0,86.0,1.0,9.3,14.1,89.9,39.2,24.0,0.318,22.8,91.1,84.3,37.0,29.8,24.2,22.2,24.0,2.04,0.76,10.0,83.0,52.0,526.0,149.0,27.0,3.0,0.372,0.409,0.126,0.781,0.281,20.0,8.0,87.0,56.0,0.76,,0.118,0.372,0.126,0.781,10.0,83.0,52.0,526.0,149.0,87.0,57.0,8.97,108.9,2.372,"Keaschall, Luke",Hitter,2026,0.17240433234228258,-0.25778869291571993,3.914569006955176,0.7280428157561561,1.4074163898210585,-0.6344259247380386,0.7652341644174284,0.17289801424540985,-0.07193587846678232,0.24039540624787326,,0.15616880228965196,0.1471138966895048,62,28,4,20,22,8,2,57.0,87.0,0.283,0.318
"Jung, Josh",673962,2026,444,321,0.299,0.285,-0.014,0.462,0.44,-0.022,0.362,0.348,-0.014,7.2,49.2,90.7,41.1,5.2,70.0,32.0,53.0,82.0,13.0,22.0,7.9,18.0,90.6,39.3,28.0,0.346,29.3,91.4,82.7,42.4,23.1,31.2,22.7,28.0,2.24,2.9,12.0,54.0,42.0,398.0,119.0,27.0,1.0,0.365,0.462,0.163,0.827,0.299,1.0,3.0,80.0,35.0,0.78,,0.155,0.365,0.163,0.827,12.0,54.0,42.0,398.0,119.0,80.0,35.0,11.43,114.6,0.747,"Jung, Josh",Hitter,2026,0.7517195197345786,0.6119439829013672,2.435146187575186,0.6962008301090336,0.16891485159164,-0.321007251865653,0.7648114891391498,0.4966777633730864,0.1596232095036076,0.6082675546951126,,0.6754736926672797,0.7152874806257542,63,27,1,1,8,3,0,35.0,80.0,0.299,0.346
"Greene, Riley",682985,2026,588,355,0.282,0.264,-0.018,0.477,0.503,0.026,0.369,0.373,0.004,14.9,46.2,90.0,40.0,9.1,19.0,86.0,74.0,18.0,27.0,13.0,12.1,26.2,81.3,38.6,23.4,0.362,25.9,83.8,72.6,34.9,34.4,26.2,30.7,23.4,2.77,5.0,21.0,79.0,75.0,507.0,143.0,31.0,2.0,0.372,0.477,0.195,0.849,0.282,3.0,5.0,153.0,71.0,0.812,,0.239,0.372,0.195,0.849,21.0,79.0,75.0,507.0,143.0,154.0,71.0,22.14,116.8,0.543,"Greene, Riley",Hitter,2026,1.2254809106654747,0.8148803763562718,0.8015856770136607,1.1544312215922337,0.01343527386930067,0.0040502031422349205,0.7644973854296608,0.7525717256278402,0.3457563014495371,1.0541301353632804,,1.0823433921596421,1.190901032081636,64,32,2,3,5,5,0,71.0,154.0,0.282,0.362
"Marte, Ketel",606466,2026,620,472,0.249,0.276,0.027,0.434,0.455,0.021,0.323,0.345,0.022,9.3,42.4,90.2,31.4,7.2,88.0,39.0,37.0,77.0,34.0,86.0,8.2,13.9,88.8,48.9,15.0,0.257,31.5,90.4,81.9,41.5,28.0,22.9,25.6,15.0,2.35,15.0,22.0,78.0,75.0,558.0,139.0,30.0,3.0,0.316,0.434,0.185,0.75,0.248,4.0,5.0,86.0,51.0,14.0,14.0,0.179,0.316,0.185,0.75,22.0,78.0,75.0,558.0,139.0,86.0,51.0,23.06,102.2,0.156,"Marte, Ketel",Hitter,2026,0.8294913701386928,0.28812097889945965,2.3732726788266634,0.8529340154091777,-0.28151863092749013,0.43064132233444713,0.763840311590637,0.5748273918531144,0.4093598318057398,0.6656607977410094,,0.6213998052932859,0.6704572648126684,65,31,3,4,6,5,0,51.0,86.0,0.249,0.257
"Marsee, Jakob",805300,2026,616,394,0.231,0.234,0.003,0.359,0.334,-0.025,0.322,0.314,-0.008,3.8,34.5,87.3,33.5,2.5,54.0,89.0,91.0,83.0,63.0,94.0,12.7,20.5,91.8,40.4,17.3,0.284,22.3,93.1,83.7,37.1,22.8,28.7,25.6,17.3,2.0,0.76,11.0,83.0,41.0,516.0,119.0,19.0,7.0,0.348,0.359,0.128,0.707,0.232,23.0,1.0,126.0,78.0,0.76,,0.1,0.348,0.128,0.707,11.0,83.0,41.0,516.0,119.0,126.0,78.0,10.23,101.9,2.326,"Marsee, Jakob",Hitter,2026,-0.05892448247946164,-0.1283605580408258,4.043687493530148,0.5133276751807724,1.3723572693542567,-0.17087463376285528,0.7632973066377476,0.13744563717647829,0.1293898119777447,0.13407100855963874,,0.09384646775687616,0.05812085637682919,66,19,7,23,15,1,6,78.0,126.0,0.231,0.284
"Karros, Kyle",691720,2026,471,309,0.253,0.253,0.0,0.415,0.407,-0.008,0.34,0.338,-0.002,8.4,40.8,89.6,41.1,5.6,52.0,83.0,80.0,48.0,39.0,58.0,11.5,20.8,87.9,40.5,24.6,0.301,24.8,89.3,77.0,42.4,24.6,27.2,20.7,24.6,1.4,0.78,13.0,63.0,49.0,407.0,103.0,21.0,3.0,0.348,0.415,0.162,0.763,0.256,5.0,3.0,97.0,54.0,,,0.154,0.348,0.162,0.763,13.0,63.0,49.0,407.0,103.0,98.0,54.0,12.75,107.6,1.591,"Karros, Kyle",Hitter,2026,0.49342686343904524,0.45388120828850476,2.438080829390059,0.6420703301691103,0.8121734966781813,-0.06964271546880701,0.750408709572275,0.4508840566129163,0.27572864217979204,0.5479039160982054,,0.5726973950734378,0.5902862320004232,67,21,3,5,7,3,0,54.0,98.0,0.253,0.301
"Rutschman, Adley",668939,2026,407,299,0.24,0.253,0.013,0.417,0.408,-0.009,0.319,0.325,0.006,6.7,38.5,88.9,39.5,4.9,77.0,53.0,76.0,88.0,29.0,,9.3,16.7,89.4,37.8,19.7,0.261,25.8,91.4,85.8,39.8,30.4,25.1,25.4,19.7,2.4,7.25,12.0,43.0,59.0,362.0,87.0,26.0,1.0,0.312,0.417,0.177,0.729,0.24,0.0,5.0,68.0,38.0,5.5,5.5,0.155,0.312,0.177,0.729,12.0,43.0,59.0,362.0,87.0,68.0,38.0,11.74,100.9,0.327,"Rutschman, Adley",Hitter,2026,0.4516952642931408,0.2749945377177565,3.4268221772668976,0.503226574848641,-0.1511901613661175,0.07644368651551169,0.7499553889491066,0.43291170352269337,0.29731056241116993,0.4255244474329827,,0.4730036629200662,0.48643858817871133,68,26,1,0,2,5,0,38.0,68.0,0.24,0.261
"Olson, Matt",621566,2026,696,455,0.252,0.248,-0.004,0.504,0.505,0.001,0.353,0.353,0.0,14.3,52.1,92.5,32.3,9.4,28.0,53.0,63.0,40.0,9.0,95.0,9.2,24.4,80.8,38.0,21.8,0.278,27.7,84.4,77.9,37.1,35.2,20.2,27.0,21.8,4.45,22.0,41.0,99.0,93.0,623.0,157.0,34.0,0.0,0.322,0.504,0.252,0.826,0.252,4.0,5.0,169.0,64.0,22.0,22.0,0.257,0.322,0.252,0.826,41.0,99.0,93.0,623.0,157.0,170.0,64.0,41.08,111.7,0.201,"Olson, Matt",Hitter,2026,1.156132208860209,0.783398046323045,0.793950824582236,1.417494576608633,-0.24722166525344472,-0.041711093479844065,0.7485361957849629,0.7330450632580788,0.28321682040937834,0.8533445617237975,,1.0489567213542879,1.1542182539304202,69,34,0,4,3,6,0,64.0,170.0,0.252,0.278
"Young, Cole",702284,2026,634,468,0.245,0.258,0.013,0.381,0.39,0.009,0.304,0.314,0.01,5.1,37.8,88.3,32.9,3.8,74.0,15.0,41.0,77.0,61.0,8.0,6.6,17.2,85.6,42.1,17.7,0.274,30.9,87.6,82.7,42.5,26.3,22.2,23.3,17.7,4.12,0.76,17.0,74.0,66.0,575.0,141.0,19.0,4.0,0.31,0.381,0.136,0.691,0.243,4.0,3.0,108.0,40.0,0.76,,0.132,0.31,0.136,0.691,17.0,74.0,66.0,575.0,141.0,109.0,42.0,17.4,96.2,4.791,"Young, Cole",Hitter,2026,0.30160534775647174,0.006236739324231241,1.638504427104666,0.5395433009248797,3.2510688334991906,0.18841331111115633,0.7473040584694307,0.2820666439344436,0.19420212628394118,0.20097756247035065,,0.20835929996439143,0.20157658184743626,70,19,4,4,13,3,1,42.0,109.0,0.245,0.274
"Bohm, Alec",664761,2026,625,478,0.25,0.266,0.016,0.384,0.415,0.031,0.31,0.328,0.018,6.1,43.9,90.6,33.9,4.7,87.0,24.0,73.0,87.0,26.0,4.0,7.4,14.1,88.6,28.9,21.5,0.27,26.2,90.4,84.9,47.5,23.0,24.9,14.6,21.5,0.09,10.2,15.0,58.0,88.0,565.0,141.0,29.0,1.0,0.314,0.384,0.134,0.698,0.251,2.0,5.0,88.0,46.0,7.7,7.7,0.149,0.314,0.134,0.698,15.0,58.0,88.0,565.0,141.0,88.0,46.0,16.21,98.1,0.009,"Bohm, Alec",Hitter,2026,0.5128395665652468,0.26539290821669925,3.1382129996117056,0.6030811455514263,-0.3935553854627053,0.36943677681920645,0.7400707341947714,0.4386289311295632,0.3897428742277236,0.40599306874038904,,0.4459618464651188,0.4653228660961998,71,29,1,2,9,5,0,46.0,88.0,0.25,0.27
"Suzuki, Seiya",673548,2026,634,393,0.27,0.246,-0.024,0.473,0.427,-0.046,0.366,0.34,-0.026,10.7,38.9,88.6,36.9,6.6,29.0,91.0,90.0,52.0,62.0,88.0,12.8,24.4,86.1,41.0,21.1,0.33,22.5,88.6,78.8,35.9,30.8,24.9,25.2,21.1,5.12,19.0,26.0,96.0,86.0,545.0,147.0,31.0,1.0,0.368,0.473,0.203,0.841,0.27,3.0,3.0,155.0,81.0,19.0,19.0,0.181,0.368,0.203,0.841,26.0,96.0,86.0,545.0,147.0,155.0,81.0,23.47,115.8,0.268,"Suzuki, Seiya",Hitter,2026,0.62176145658864,0.3704186321773686,2.602962428608267,1.316120492006604,-0.19615729413875482,-0.590001223821413,0.7387706768788477,0.46446780394620224,0.057523218918392946,0.6205755744591058,,0.661906888728663,0.7005571327579974,72,31,1,3,5,3,0,81.0,155.0,0.27,0.33
"Camargo, Jair",665856,2026,2,1,0.5,0.322,-0.178,1.0,0.648,-0.352,0.631,0.407,-0.224,100.0,100.0,108.1,100.0,50.0,,,,,,,0.0,50.0,66.7,0.0,0.0,1.0,33.3,66.7,50.0,0.0,0.0,100.0,100.0,0.0,0.06,0.78,0.0,1.0,0.0,2.0,1.0,1.0,0.0,0.5,1.0,0.5,1.5,0.5,0.0,0.0,1.0,0.0,,,0.326,0.5,0.5,1.5,0.0,1.0,0.0,2.0,1.0,1.0,0.0,0.0,199.7,0.068,"Camargo, Jair",Hitter,2026,2.2823398056275144,7.485359833793671,-8.205140257502826,2.566816586689701,-0.34858825269006793,-4.540111854932131,0.7330383567814247,1.0292760818661528,-0.7725966993370659,3.498950506116912,,3.5338916232326154,3.8372691229437184,73,1,0,0,0,0,0,0.0,1.0,0.5,1.0
"Reynolds, Bryan",668804,2026,697,432,0.261,0.253,-0.008,0.424,0.443,0.019,0.348,0.354,0.006,11.3,48.1,90.9,38.4,7.1,40.0,89.0,82.0,27.0,71.0,17.0,12.6,23.1,83.6,38.4,23.4,0.329,24.6,86.4,74.0,46.1,27.1,24.1,21.5,23.4,3.63,14.25,17.0,102.0,72.0,594.0,155.0,40.0,2.0,0.365,0.424,0.163,0.789,0.259,9.0,3.0,161.0,88.0,12.25,12.25,0.19,0.365,0.163,0.789,17.0,102.0,72.0,594.0,155.0,161.0,88.0,17.76,110.1,0.253,"Reynolds, Bryan",Hitter,2026,0.7764852582760595,0.6913406490612712,1.7029985331015653,1.0610351177901671,-0.2075896160301033,0.057075789823766994,0.7319431093943953,0.6209102561108094,0.38603511782174504,0.7663091569399638,,0.828061861367232,0.8772023403040019,74,40,3,9,11,3,0,88.0,161.0,0.261,0.329
"Gilbert, Drew",687551,2026,390,273,0.24,0.261,0.021,0.396,0.401,0.005,0.32,0.333,0.013,5.9,37.4,86.8,36.3,4.1,70.0,56.0,77.0,60.0,52.0,87.0,9.7,17.9,88.6,43.6,16.5,0.269,25.4,90.4,80.1,43.6,20.1,25.6,21.2,16.5,1.69,0.78,11.0,53.0,43.0,338.0,81.0,14.0,3.0,0.33,0.396,0.156,0.726,0.24,2.0,3.0,70.0,37.0,,,0.14,0.33,0.156,0.726,11.0,53.0,43.0,338.0,81.0,70.0,38.0,11.14,101.3,1.92,"Gilbert, Drew",Hitter,2026,0.4416524391473039,0.07716931353012832,2.74037807790572,0.42202695229567383,1.0629224234950911,0.24855231490700416,0.7313552008632702,0.4101609174778117,0.3233827014264858,0.4179113199105584,,0.3821524682289991,0.385889026007353,75,14,3,2,9,3,2,38.0,70.0,0.24,0.269
"Tucker, Kyle",663656,2026,622,434,0.234,0.255,0.021,0.387,0.393,0.006,0.319,0.331,0.012,6.5,36.6,88.6,34.3,4.5,76.0,88.0,85.0,71.0,28.0,5.0,12.5,16.9,85.8,42.4,20.5,0.258,24.0,88.2,81.3,36.9,34.8,21.9,27.6,20.5,0.88,33.0,17.0,89.0,70.0,535.0,125.0,23.0,4.0,0.331,0.387,0.153,0.718,0.233,12.0,6.0,104.0,77.0,16.5,16.5,0.138,0.331,0.153,0.718,17.0,89.0,70.0,535.0,125.0,105.0,78.0,17.26,100.9,0.027,"Tucker, Kyle",Hitter,2026,0.3814818190905956,0.08304502530549919,3.3433852104056894,0.7719048547425142,-0.3798365991930871,0.2456853529853685,0.7158578449852074,0.4246433002850982,0.35787614666794326,0.45193969582996163,,0.3909301875452566,0.3862134928296033,76,23,4,12,3,6,0,78.0,105.0,0.234,0.258
"Garcia, Maikel",672580,2026,340,260,0.266,0.27,0.004,0.38,0.366,-0.014,0.315,0.315,0.0,4.2,40.0,89.7,33.1,3.2,84.0,46.0,89.0,95.0,55.0,89.0,8.8,14.7,92.7,34.2,22.7,0.307,22.9,93.2,86.5,45.8,21.2,26.5,19.6,22.7,2.17,4.2,3.0,39.0,38.0,308.0,82.0,20.0,3.0,0.329,0.38,0.114,0.709,0.266,5.0,2.0,50.0,30.0,0.774,,0.096,0.329,0.114,0.709,3.0,39.0,38.0,308.0,82.0,50.0,30.0,2.89,99.7,0.505,"Garcia, Maikel",Hitter,2026,0.1619500387910921,0.06003275025837766,4.256648094370456,0.18317942987060354,-0.01552660825544884,-0.05412865166378625,0.711502662393684,0.2749728210385077,0.2260342439587878,0.20040043419244014,,0.195548266542901,0.16671300387222865,77,20,3,5,0,2,0,30.0,50.0,0.266,0.307
"Paredes, Isaac",670623,2026,655,474,0.263,0.244,-0.019,0.449,0.371,-0.078,0.353,0.322,-0.031,4.9,29.3,86.0,38.4,3.5,91.0,73.0,67.0,93.0,6.0,44.0,10.7,13.4,90.2,49.4,16.0,0.269,26.8,91.0,86.0,27.2,30.8,27.6,33.3,16.0,3.96,9.35,25.0,69.0,94.0,559.0,147.0,27.0,1.0,0.36,0.449,0.186,0.809,0.26,0.0,7.0,87.0,70.0,6.625,6.625,0.127,0.36,0.186,0.809,25.0,69.0,94.0,559.0,147.0,88.0,70.0,20.66,111.7,0.419,"Paredes, Isaac",Hitter,2026,0.2058580559773597,-0.10122814359863336,3.9639861507283234,1.0888245201758195,-0.08107192043251348,-0.7382952612542798,0.7072037677415552,0.13248719047892277,-0.13213230279273752,0.3411749558262334,,0.21314720227307052,0.2211457675643203,78,27,1,0,19,7,0,70.0,88.0,0.263,0.269
"Hill, Turner",806367,2026,122,84,0.223,0.248,0.025,0.32,0.358,0.038,0.284,0.317,0.033,3.6,31.0,87.5,32.1,2.5,,,,,78.0,,10.7,16.4,91.4,45.2,14.3,0.256,19.7,93.5,88.0,42.9,26.2,26.2,28.6,14.3,0.32,0.78,1.0,13.0,16.0,103.0,23.0,6.0,0.0,0.311,0.32,0.097,0.631,0.22,2.0,3.0,19.0,13.0,,,0.11,0.311,0.097,0.631,1.0,13.0,16.0,103.0,23.0,20.0,13.0,1.12,89.9,0.364,"Hill, Turner",Hitter,2026,0.10851624594782962,-0.24086500068720218,4.827060528455253,-0.328985213179096,-0.12299043403412457,0.5760626607477748,0.6989745813123055,0.2492235003659504,0.4400498372985784,0.19242228716115276,,0.09603977404236994,0.07858110674735057,79,7,0,2,2,4,0,13.0,20.0,0.223,0.256
"Durbin, Caleb",702332,2026,582,436,0.248,0.236,-0.012,0.379,0.318,-0.061,0.318,0.293,-0.025,2.8,25.2,83.1,28.9,2.1,90.0,46.0,62.0,87.0,63.0,91.0,8.8,13.6,89.2,41.3,12.8,0.269,28.1,90.5,85.1,48.6,19.3,21.6,20.6,12.8,4.42,0.76,13.0,74.0,64.0,504.0,125.0,25.0,1.0,0.333,0.379,0.131,0.712,0.248,20.0,4.0,79.0,51.0,0.76,,0.082,0.333,0.131,0.712,13.0,74.0,64.0,504.0,125.0,79.0,51.0,10.91,100.6,5.14,"Durbin, Caleb",Hitter,2026,-0.23495971399805105,-0.6016080624453531,3.2805016240214737,0.5916959978275421,3.5170608561712315,-0.5669303671880832,0.6967811511870838,-0.08554411026988512,-0.2002585030455195,-0.06915420228277105,,-0.23364012833027964,-0.28317245115587286,80,25,1,20,15,4,7,51.0,79.0,0.248,0.269
"Crawford, J.P.",641487,2026,486,314,0.22,0.234,0.014,0.352,0.356,0.004,0.309,0.319,0.01,6.1,34.4,87.7,32.5,4.0,59.0,93.0,98.0,85.0,22.0,1.0,13.2,19.5,88.3,36.6,15.3,0.251,19.5,89.7,85.1,47.5,22.3,21.0,20.4,15.3,0.92,12.0,14.0,54.0,40.0,409.0,90.0,12.0,0.0,0.335,0.352,0.132,0.687,0.218,1.0,3.0,95.0,64.0,11.0,11.0,0.122,0.335,0.132,0.687,14.0,54.0,40.0,409.0,90.0,95.0,64.0,14.16,97.8,0.076,"Crawford, J.P.",Hitter,2026,0.09643121554631426,-0.051512040080260356,4.3750986351258385,0.27815433482431606,-0.3424910143480154,0.1725852957544842,0.6948027695036965,0.27966608094577067,0.3204516958315571,0.27602946914153836,,0.22703345975737768,0.20529681454791834,81,12,0,1,8,3,2,64.0,95.0,0.22,0.251
"Freeman, Freddie",518692,2026,654,468,0.29,0.291,0.001,0.432,0.464,0.032,0.349,0.364,0.015,8.1,41.2,89.5,38.9,5.8,73.0,62.0,53.0,55.0,8.0,40.0,10.1,17.6,82.8,33.3,26.9,0.334,29.3,84.7,78.7,43.2,25.9,27.8,19.4,26.9,2.79,27.0,16.0,74.0,70.0,576.0,167.0,32.0,1.0,0.364,0.432,0.142,0.796,0.29,7.0,7.0,115.0,66.0,22.704,27.0,0.173,0.364,0.142,0.796,16.0,74.0,70.0,576.0,167.0,115.0,66.0,17.19,110.4,0.103,"Freeman, Freddie",Hitter,2026,0.9631058427706289,0.38989972736434886,1.6915499596858394,0.8506496296878909,-0.32191283494358813,0.24649990222252272,0.69254505129948,0.5955759534167843,0.34967457650371386,0.8016273013461216,,0.69890757399269,0.7585028771844751,82,32,1,7,5,7,0,66.0,115.0,0.29,0.334
"Langford, Wyatt",694671,2026,467,298,0.238,0.231,-0.007,0.423,0.39,-0.033,0.335,0.321,-0.014,8.1,36.9,88.6,32.6,5.2,42.0,85.0,72.0,41.0,72.0,91.0,11.8,22.9,82.9,43.6,15.8,0.282,26.3,85.5,77.4,33.6,30.9,23.2,26.2,15.8,3.6,0.773,17.0,64.0,44.0,407.0,97.0,20.0,2.0,0.334,0.423,0.185,0.757,0.239,15.0,1.0,105.0,55.0,0.773,,0.159,0.334,0.185,0.757,17.0,64.0,44.0,407.0,97.0,107.0,55.0,15.67,106.0,4.124,"Langford, Wyatt",Hitter,2026,0.3138959523382988,0.11030439027793312,1.686834813558335,0.6435335153486931,2.742711586730561,-0.32216505727969996,0.6921447684213018,0.24226994999001888,0.02634226904908012,0.3473028707225286,,0.3450880261444077,0.36418517395014327,83,20,2,15,4,1,0,55.0,107.0,0.238,0.282
"Harper, Bryce",547180,2026,688,429,0.269,0.27,0.001,0.483,0.48,-0.003,0.377,0.38,0.003,10.3,43.1,90.0,37.5,6.4,50.0,97.0,31.0,13.0,46.0,5.0,15.6,21.4,80.7,39.2,19.6,0.311,32.5,83.3,71.4,43.4,26.3,25.9,23.5,19.6,3.3,27.538,28.0,92.0,86.0,572.0,154.0,32.0,3.0,0.381,0.483,0.214,0.864,0.27,7.0,8.0,146.0,107.0,27.538,27.538,0.21,0.381,0.214,0.864,28.0,92.0,86.0,572.0,154.0,147.0,107.0,27.83,119.3,0.119,"Harper, Bryce",Hitter,2026,1.1111749188988354,0.4970072693796763,0.9076265906130441,1.3822042275253859,-0.3097183582594831,-0.0026119824156407728,0.6894367722538961,0.7642133716168554,0.33025632986287634,1.0306641116020947,,0.958015580482818,1.0231806040772662,84,32,3,7,1,8,0,107.0,147.0,0.269,0.311
"Schmitt, Casey",669477,2026,409,310,0.271,0.288,0.017,0.483,0.512,0.029,0.336,0.355,0.019,12.3,44.8,89.9,39.4,9.3,59.0,1.0,15.0,67.0,65.0,81.0,2.7,19.8,89.3,39.0,22.9,0.291,36.5,90.7,80.0,29.7,34.5,25.2,27.7,22.9,1.49,0.78,21.0,47.0,55.0,387.0,105.0,17.0,1.0,0.301,0.483,0.212,0.784,0.271,9.0,4.0,81.0,11.0,0.78,,0.224,0.301,0.212,0.784,21.0,47.0,55.0,387.0,105.0,81.0,11.0,22.26,106.3,1.693,"Schmitt, Casey",Hitter,2026,1.22711891436978,0.6609992873111188,0.12739123860760193,0.6973479000347678,0.8899132855393508,0.37474877373127874,0.6891566627780872,0.6861330542880564,0.3445026589412171,0.8010510583789324,,0.8760009740723501,0.9757623255128078,85,17,1,9,7,4,0,11.0,81.0,0.271,0.291
"Clemens, Kody",665019,2026,579,402,0.239,0.252,0.013,0.461,0.453,-0.008,0.328,0.333,0.005,11.2,46.0,91.9,33.1,7.8,46.0,17.0,31.0,47.0,69.0,59.0,6.7,21.9,83.3,47.3,21.4,0.263,32.5,85.5,77.9,39.6,33.1,21.4,26.1,21.4,2.67,0.771,27.0,74.0,80.0,527.0,126.0,22.0,7.0,0.299,0.461,0.222,0.76,0.239,10.0,3.0,127.0,39.0,0.771,,0.201,0.299,0.222,0.76,27.0,74.0,80.0,527.0,126.0,127.0,39.0,26.53,103.8,3.065,"Clemens, Kody",Hitter,2026,0.7607510852425274,0.5330055277859623,0.28513719999082987,0.9704154576147345,1.9355896612013586,0.07357672459387617,0.6860384140881824,0.5219128924955293,0.22694955090494773,0.5432759263597328,,0.6740150958204867,0.7258846392097833,86,22,7,10,7,3,3,39.0,127.0,0.239,0.263
"Busch, Michael",683737,2026,707,437,0.243,0.233,-0.01,0.395,0.402,0.007,0.334,0.332,-0.002,9.2,39.8,88.4,34.3,5.7,39.0,91.0,79.0,39.0,16.0,87.0,13.0,23.3,84.0,39.6,22.9,0.3,25.1,85.9,76.2,39.6,34.6,21.3,24.0,22.9,1.65,0.78,20.0,78.0,77.0,597.0,145.0,27.0,2.0,0.354,0.395,0.152,0.749,0.243,3.0,5.0,165.0,92.0,0.78,,0.169,0.354,0.152,0.749,20.0,78.0,77.0,597.0,145.0,165.0,92.0,20.35,105.7,1.875,"Busch, Michael",Hitter,2026,0.4301544608076732,0.25475356943074506,1.9661278776988544,0.8357383414532432,1.0286254578210456,-0.07125175243929434,0.6745066324990572,0.3921153276133291,0.21888630805749323,0.4880814744118529,,0.5008447921574186,0.5231336834327052,87,27,2,3,13,5,0,92.0,165.0,0.243,0.3
"Salazar, César",663967,2026,22,15,0.056,0.237,0.181,0.056,0.328,0.272,0.169,0.328,0.159,0.0,33.3,88.6,20.0,0.0,,,,,,,13.6,13.6,92.6,53.3,13.3,0.067,27.8,92.6,88.1,53.3,20.0,26.7,13.3,13.3,-0.15,0.78,0.0,0.0,1.0,18.0,1.0,0.0,0.0,0.227,0.056,0.0,0.283,0.056,0.0,0.0,3.0,3.0,,,0.091,0.227,0.0,0.283,0.0,0.0,1.0,18.0,1.0,3.0,3.0,0.0,53.5,-0.17,"Salazar, César",Hitter,2026,-0.04311683346826195,-0.6240949277595843,4.769664050604348,-1.4782817794703398,-0.5299810933661305,3.675948816159222,0.6727059190304279,0.34727575748801875,1.552326997832706,0.12368651650107676,,-0.16968649047706205,-0.2181522470373021,88,0,0,0,1,0,0,3.0,3.0,0.056,0.067
"Schwarber, Kyle",656941,2026,696,361,0.231,0.237,0.006,0.501,0.489,-0.012,0.368,0.365,-0.003,15.5,49.6,92.4,37.7,8.1,4.0,96.0,74.0,5.0,11.0,,14.9,31.5,77.3,54.0,13.3,0.276,25.9,80.2,70.0,31.0,32.4,26.6,35.2,13.3,2.52,18.0,45.0,94.0,95.0,577.0,133.0,19.0,1.0,0.353,0.501,0.27,0.854,0.232,3.0,6.0,218.0,103.0,20.0,20.0,0.252,0.353,0.27,0.854,45.0,94.0,95.0,577.0,133.0,219.0,104.0,43.92,116.5,0.139,"Schwarber, Kyle",Hitter,2026,1.0953134798898685,0.9178432791895687,0.11223559276173944,1.5259616369619584,-0.2944752624043518,-0.053271204861040596,0.6683519635423962,0.6267745973495216,0.25882894250871646,0.9783657383305195,,1.0580030003254064,1.1761203783418812,89,19,1,3,8,6,0,104.0,219.0,0.231,0.276
"Stewart, Sal",701398,2026,696,470,0.265,0.257,-0.008,0.46,0.469,0.009,0.343,0.345,0.002,12.1,41.5,90.4,35.5,8.2,44.0,50.0,35.0,32.0,28.0,22.0,9.1,22.3,78.7,31.9,28.1,0.299,31.9,81.9,76.0,45.1,28.1,22.8,17.7,28.1,2.05,0.78,32.0,87.0,111.0,619.0,164.0,25.0,0.0,0.332,0.46,0.195,0.792,0.265,15.0,10.0,154.0,63.0,,,0.212,0.332,0.195,0.792,32.0,87.0,111.0,619.0,164.0,155.0,63.0,32.63,108.5,2.33,"Stewart, Sal",Hitter,2026,0.9070949037402557,0.49591688176665516,0.09143448757730754,1.2577736857952868,1.375405888525283,-0.018347734077659175,0.6640441437390465,0.5038630743199068,0.16880187503255922,0.7169533151169426,,0.7170503874936585,0.7986837954861946,90,25,0,15,4,10,0,63.0,155.0,0.265,0.299
"Bleday, JJ",668709,2026,541,344,0.214,0.239,0.025,0.413,0.417,0.004,0.322,0.338,0.016,9.3,39.9,88.4,39.0,6.0,46.0,92.0,88.0,36.0,50.0,28.0,13.3,22.2,81.9,46.8,14.2,0.234,23.1,84.3,75.4,28.7,33.3,27.2,33.6,14.2,0.97,1.4,24.0,61.0,58.0,462.0,99.0,16.0,2.0,0.322,0.413,0.199,0.735,0.214,6.0,3.0,118.0,71.0,0.77,,0.178,0.322,0.199,0.735,24.0,61.0,58.0,462.0,99.0,120.0,72.0,24.23,101.9,0.647,"Bleday, JJ",Hitter,2026,0.5486431773151774,0.3834335141672979,2.075183134160267,0.6679890416385046,0.09269937231598346,0.2943429161543246,0.6640275523791003,0.4056412210602278,0.3544039689779747,0.5956370270902003,,0.5558988399165921,0.6044004608890851,91,16,2,6,3,3,0,72.0,120.0,0.214,0.234
"Meidroth, Chase",805367,2026,643,432,0.276,0.239,-0.037,0.415,0.348,-0.067,0.338,0.3,-0.038,4.6,34.6,87.3,33.8,3.1,46.0,56.0,56.0,78.0,48.0,95.0,9.5,21.9,86.3,41.0,19.9,0.339,28.9,87.9,82.5,49.5,21.8,24.3,22.2,19.9,4.44,0.76,16.0,90.0,63.0,566.0,156.0,30.0,0.0,0.35,0.415,0.139,0.765,0.275,4.0,4.0,141.0,61.0,0.76,,0.109,0.35,0.139,0.765,16.0,90.0,63.0,566.0,156.0,141.0,61.0,13.42,107.0,5.163,"Meidroth, Chase",Hitter,2026,-0.020936866790457254,-0.08580622871077176,1.953026046481357,0.8240580978445026,3.534590416404633,-0.8663303007484865,0.6609931707747249,0.06005867276487824,-0.23830010427323745,0.03211722783991348,,0.06021020680950616,0.029021976097444006,92,31,0,4,6,4,5,61.0,141.0,0.276,0.339
"Keirsey Jr., DaShawn",680577,2026,1,1,1.0,0.983,-0.017,1.0,1.111,0.111,0.89,0.917,0.027,0.0,0.0,87.8,100.0,0.0,,,,,,,0.0,0.0,0.0,0.0,0.0,1.0,100.0,,100.0,0.0,0.0,100.0,100.0,0.0,0.06,0.78,0.0,3.0,0.0,1.0,1.0,0.0,0.0,1.0,1.0,0.0,2.0,1.0,0.0,0.0,0.0,0.0,,,0.128,1.0,0.0,2.0,0.0,3.0,0.0,1.0,1.0,0.0,0.0,0.0,281.6,0.068,"Keirsey Jr., DaShawn",Hitter,2026,7.376275492534456,0.7398974098124713,-12.010160174938664,2.9598761378705514,-0.34858825269006793,0.5703759842890239,0.6566845226957871,2.790016846317879,0.020385205826595643,5.454412266032985,,2.933682451519625,3.2740590692944282,93,0,0,0,0,0,0,0.0,0.0,1.0,1.0
"Bellinger, Cody",641355,2026,562,414,0.264,0.271,0.007,0.429,0.411,-0.018,0.336,0.335,-0.001,6.5,37.8,89.2,38.2,4.8,82.0,67.0,46.0,76.0,46.0,91.0,10.5,15.8,86.8,45.2,15.7,0.287,30.3,88.8,82.0,36.2,30.2,24.9,27.1,15.7,4.73,42.5,17.0,73.0,73.0,496.0,131.0,25.0,3.0,0.338,0.429,0.165,0.767,0.264,12.0,7.0,89.0,59.0,27.5,27.5,0.14,0.338,0.165,0.767,17.0,73.0,73.0,496.0,131.0,89.0,59.0,16.29,106.3,0.111,"Bellinger, Cody",Hitter,2026,0.5162741892956567,0.22664843471705398,2.543948728362736,0.8354878235213481,-0.31581559660153563,-0.058797033787664175,0.6438524540110176,0.3879215667480566,0.19192904832245428,0.5078742918669668,,0.43050168965950714,0.44586184456850814,94,25,3,12,0,7,0,59.0,89.0,0.264,0.287
"Julien, Edouard",666397,2026,276,165,0.208,0.247,0.039,0.292,0.401,0.109,0.287,0.338,0.051,7.3,49.7,90.8,42.4,4.3,,,,,30.0,12.0,14.1,25.7,84.4,37.0,23.0,0.284,18.6,86.4,78.1,50.3,20.0,27.3,17.0,23.0,-0.96,0.772,3.0,37.0,20.0,236.0,49.0,9.0,1.0,0.322,0.292,0.084,0.614,0.208,5.0,0.0,71.0,39.0,0.772,,0.154,0.322,0.084,0.614,3.0,37.0,20.0,236.0,49.0,71.0,39.0,4.12,90.8,-1.101,"Julien, Edouard",Hitter,2026,0.453080414913892,0.6631945724754864,2.9189497522765553,-0.19803278481871187,-1.239547205422493,1.1324295116414098,0.6433347939641384,0.5675494254119294,0.8231846114543853,0.5126884955927394,,0.6128302085476762,0.6259988982540572,95,9,1,5,1,0,0,39.0,71.0,0.208,0.284
"Hoerner, Nico",663538,2026,687,576,0.264,0.298,0.034,0.351,0.376,0.025,0.298,0.323,0.025,1.4,29.2,86.0,36.8,1.2,99.0,15.0,27.0,98.0,76.0,96.0,6.3,8.4,95.2,31.6,21.2,0.276,33.6,95.7,89.0,43.4,20.8,28.3,16.5,21.2,2.18,12.0,8.0,62.0,72.0,626.0,165.0,29.0,1.0,0.317,0.351,0.087,0.668,0.264,23.0,8.0,58.0,43.0,11.5,11.5,0.078,0.317,0.087,0.668,8.0,62.0,72.0,626.0,165.0,58.0,43.0,8.57,94.3,0.18,"Hoerner, Nico",Hitter,2026,0.2677256220080798,-0.2878145250384036,3.695833211408585,0.352641257877943,-0.2632269159013326,0.5203131292472993,0.6423482922219151,0.2738447034728293,0.33240527956460997,0.23654937770816434,,0.027072110499738566,-0.0074325555698788875,96,29,1,23,10,8,0,43.0,58.0,0.264,0.276
"Arraez, Luis",650333,2026,655,588,0.31,0.289,-0.021,0.419,0.377,-0.042,0.331,0.307,-0.024,1.2,19.4,86.4,39.1,1.1,100.0,8.0,29.0,100.0,33.0,97.0,5.2,4.3,94.2,31.0,26.4,0.311,33.1,95.1,93.9,37.6,30.8,26.9,18.7,26.4,2.91,12.0,6.0,67.0,64.0,596.0,185.0,33.0,7.0,0.345,0.419,0.109,0.764,0.31,10.0,14.0,28.0,34.0,14.0,14.0,0.088,0.345,0.109,0.764,6.0,67.0,64.0,596.0,185.0,28.0,34.0,5.4,104.7,0.24,"Arraez, Luis",Hitter,2026,0.2104171063278579,-0.43049332155305053,4.395567820901101,0.6004726939538335,-0.2174976283359387,-0.5358178317258334,0.6405801434934173,0.08259049399816049,-0.1517248792469465,0.1722032657564469,,-0.046965029213328555,-0.06000899898780883,97,33,7,10,5,14,6,34.0,28.0,0.31,0.311
"Correa, Carlos",621043,2026,141,97,0.279,0.289,0.01,0.418,0.459,0.041,0.347,0.364,0.017,10.3,41.2,89.2,36.1,7.1,,,,,44.0,,12.8,18.4,84.3,40.2,21.6,0.33,32.0,85.5,79.0,47.4,16.5,32.0,21.6,21.6,1.29,32.833,3.0,22.0,16.0,122.0,34.0,8.0,0.0,0.369,0.418,0.139,0.787,0.279,1.0,1.0,26.0,18.0,37.333,37.333,0.17,0.369,0.139,0.787,3.0,22.0,16.0,122.0,34.0,26.0,18.0,3.29,109.8,0.039,"Correa, Carlos",Hitter,2026,0.9309872732078917,0.3982848015350485,1.93025947428651,0.2078959433493448,-0.3706907416800083,0.36560439271527834,0.6326184563578877,0.6569482576489214,0.4306077726951923,0.869201684333167,,0.7256611781404488,0.7685302976516202,98,8,0,1,0,1,0,18.0,26.0,0.279,0.33
"Jensen, Carter",695600,2026,603,360,0.239,0.214,-0.025,0.467,0.409,-0.058,0.339,0.311,-0.028,11.9,44.4,91.3,32.8,7.2,11.0,72.0,85.0,18.0,59.0,,10.8,28.2,80.3,41.7,22.5,0.294,24.2,83.7,73.5,33.1,38.1,19.7,29.7,22.5,3.25,0.78,27.0,80.0,81.0,527.0,126.0,33.0,2.0,0.323,0.467,0.228,0.79,0.237,2.0,7.0,170.0,64.0,,,0.195,0.323,0.228,0.79,27.0,80.0,81.0,527.0,126.0,170.0,65.0,23.65,107.3,3.693,"Jensen, Carter",Hitter,2026,0.386729709137112,0.5033965926764468,0.5880443149658834,1.0953204324150043,2.414222871052482,-0.6667041214567827,0.6246183328862704,0.301766487550041,-0.057350284625516584,0.35128138525892766,,0.5474493860401988,0.5869641657083573,99,35,2,2,4,7,0,65.0,170.0,0.239,0.294
"Stott, Bryson",681082,2026,604,436,0.251,0.265,0.014,0.394,0.4,0.006,0.319,0.329,0.01,6.0,37.2,89.3,34.6,4.3,77.0,63.0,47.0,81.0,76.0,93.0,10.1,16.6,88.3,36.5,18.6,0.291,30.2,90.7,83.6,42.2,27.1,24.5,22.5,18.6,1.37,5.9,10.0,70.0,66.0,533.0,134.0,32.0,6.0,0.33,0.394,0.143,0.724,0.25,26.0,3.0,100.0,61.0,3.2,3.2,0.135,0.33,0.143,0.724,10.0,70.0,66.0,533.0,134.0,100.0,61.0,10.15,100.9,0.228,"Stott, Bryson",Hitter,2026,0.4226784773050676,0.10262382722479532,2.7213903734493545,0.621320695199863,-0.22664348584901747,0.18172182092803899,0.6231088785765108,0.4026358587237174,0.2872168516852998,0.4053194470246894,,0.35988040321828974,0.3570903218566905,100,34,6,26,3,3,4,61.0,100.0,0.251,0.291
"Lowe, Nathaniel",663993,2026,425,281,0.252,0.267,0.015,0.446,0.437,-0.009,0.331,0.335,0.004,8.5,41.3,89.4,39.5,5.7,37.0,48.0,64.0,63.0,11.0,,8.9,23.3,87.0,35.9,20.6,0.29,27.5,89.2,80.3,38.1,26.0,29.5,22.1,20.6,0.54,0.76,17.0,38.0,64.0,377.0,95.0,22.0,0.0,0.318,0.446,0.194,0.764,0.251,0.0,6.0,99.0,38.0,0.76,10.3,0.17,0.318,0.194,0.764,17.0,38.0,64.0,377.0,95.0,99.0,38.0,16.66,104.7,0.628,"Lowe, Nathaniel",Hitter,2026,0.6760740908224171,0.4211597833572569,1.7084767005159114,0.62075897167592,0.07821843125360871,0.0755998326531156,0.6180176565965029,0.46949390708996475,0.24669867247466676,0.514774591412455,,0.5742949018715978,0.6130799972266664,101,22,0,0,2,8,0,38.0,99.0,0.252,0.29
"Acuña Jr., Ronald",660670,2026,469,304,0.255,0.263,0.008,0.451,0.5,0.049,0.352,0.369,0.017,13.2,44.1,89.7,34.9,8.6,46.0,80.0,57.0,22.0,45.0,6.0,11.3,22.0,77.4,36.5,24.7,0.292,28.7,80.4,73.9,40.8,28.0,23.4,18.8,24.7,1.81,17.0,20.0,61.0,55.0,408.0,104.0,18.0,1.0,0.345,0.451,0.196,0.796,0.258,21.0,3.0,102.0,53.0,17.0,17.0,0.237,0.345,0.196,0.796,20.0,61.0,55.0,408.0,104.0,103.0,53.0,22.17,111.4,0.106,"Acuña Jr., Ronald",Hitter,2026,1.1915546617732968,0.5601467472367976,0.5212787105133994,0.8187851433262255,-0.31962637056531845,0.3881238982550679,0.6177773457356025,0.7400901097079235,0.4188177495111629,0.9835352531746415,,0.9643386886081694,1.0616948722736541,102,18,1,21,5,3,0,53.0,103.0,0.255,0.292
"Guerrero Jr., Vladimir",665489,2026,609,465,0.26,0.281,0.021,0.356,0.403,0.047,0.308,0.333,0.025,6.9,44.5,90.4,28.8,5.3,92.0,53.0,45.0,76.0,25.0,90.0,9.2,13.3,86.9,35.3,23.7,0.288,30.4,88.6,82.0,48.6,19.1,25.4,14.8,23.7,1.23,40.214,9.0,72.0,57.0,542.0,141.0,25.0,0.0,0.332,0.356,0.096,0.688,0.262,7.0,6.0,79.0,56.0,28.5,28.5,0.122,0.332,0.096,0.688,9.0,72.0,57.0,542.0,141.0,81.0,56.0,10.19,97.5,0.031,"Guerrero Jr., Vladimir",Hitter,2026,0.4641220805716976,0.1721021343037034,2.562927998864798,0.40008828930163354,-0.3767879800220608,0.5296420376526094,0.6101887959916846,0.4221475051137553,0.4296785079248051,0.4432899225080514,,0.346722041687277,0.3448147432813169,103,25,0,7,5,6,0,56.0,81.0,0.26,0.288
"Hernández, Heriberto",681715,2026,501,309,0.225,0.24,0.015,0.432,0.463,0.031,0.325,0.343,0.018,12.3,47.6,91.3,31.1,7.6,17.0,67.0,86.0,9.0,74.0,80.0,10.4,26.5,78.0,46.3,15.2,0.264,23.8,79.8,69.6,40.8,31.1,20.4,27.8,15.2,1.97,0.76,24.0,49.0,66.0,444.0,100.0,16.0,1.0,0.311,0.432,0.207,0.743,0.225,13.0,1.0,132.0,52.0,0.76,,0.223,0.311,0.207,0.743,24.0,49.0,66.0,444.0,100.0,133.0,52.0,25.72,102.8,2.291,"Hernández, Heriberto",Hitter,2026,0.8538580594007403,0.5425561761601035,0.09927916225733768,0.6823737146569577,1.3456818516077769,0.36242347924199164,0.610034214704327,0.5820803423918013,0.382411833368676,0.6567310939523967,,0.7773877632264546,0.8528182328392613,104,16,2,13,4,1,0,52.0,133.0,0.225,0.264
"Caglianone, Jac",695506,2026,549,363,0.287,0.281,-0.006,0.492,0.499,0.007,0.357,0.356,-0.001,13.2,54.3,93.2,34.2,8.8,20.0,14.0,6.0,24.0,38.0,2.0,6.0,26.0,82.8,46.0,16.8,0.359,39.4,84.4,72.7,46.0,22.9,28.4,28.1,16.8,3.14,0.76,23.0,72.0,75.0,508.0,146.0,29.0,2.0,0.339,0.492,0.205,0.831,0.286,7.0,1.0,142.0,33.0,0.76,,0.218,0.339,0.205,0.831,23.0,72.0,75.0,508.0,146.0,143.0,33.0,23.33,113.0,3.651,"Caglianone, Jac",Hitter,2026,1.1463973856182776,0.853777416518861,-1.6386761475553664,1.0715319125171168,2.3822123697567057,-0.03576333762202188,0.6069280976660725,0.6379205991913727,0.1766571657049809,0.772371357761389,,0.903013252952564,0.9905873010973085,105,31,2,7,7,1,0,33.0,143.0,0.287,0.359
"Sanoja, Javier",691594,2026,486,416,0.298,0.272,-0.026,0.462,0.356,-0.106,0.342,0.293,-0.049,2.6,31.5,86.9,33.7,2.3,99.0,10.0,6.0,97.0,83.0,87.0,5.6,8.0,92.3,40.1,18.5,0.306,39.4,93.3,89.0,42.5,19.5,27.9,22.8,18.5,3.22,0.761,11.0,50.0,69.0,457.0,136.0,32.0,5.0,0.336,0.462,0.164,0.798,0.296,11.0,1.0,39.0,27.0,0.761,,0.084,0.336,0.164,0.798,11.0,50.0,69.0,457.0,136.0,39.0,27.0,8.48,108.2,3.74,"Sanoja, Javier",Hitter,2026,0.019565479411326664,-0.24623716550527955,2.6688187728508734,0.7278252965846183,2.4500441463120404,-1.0491337378759829,0.6052315880107053,0.03133205345021759,-0.3671431284280404,0.02542686641233704,,-0.055192458624668,-0.09907826413246455,106,32,5,11,0,1,1,27.0,39.0,0.298,0.306
"Meckler, Wade",685133,2026,335,234,0.302,0.265,-0.037,0.389,0.363,-0.026,0.348,0.318,-0.03,3.0,34.2,87.2,34.2,2.1,,,,,86.0,76.0,9.6,18.5,89.1,33.3,19.7,0.373,23.3,90.4,80.6,53.0,19.2,26.1,19.2,19.7,2.38,0.78,3.0,43.0,27.0,298.0,90.0,15.0,1.0,0.375,0.389,0.087,0.764,0.306,8.0,0.0,62.0,32.0,,,0.098,0.375,0.087,0.764,3.0,43.0,27.0,298.0,90.0,62.0,32.0,2.8,110.1,2.705,"Meckler, Wade",Hitter,2026,0.15184100452156793,-0.15184279700650302,3.010240592910997,0.2633804989336164,1.661213935808995,-0.6195497386233094,0.6028012752243519,0.1689292727319211,-0.07940803475088529,0.16535737932277844,,0.1312098778337663,0.10611107192037056,107,15,1,8,3,0,2,32.0,62.0,0.302,0.373
"Muncy, Max",571970,2026,556,346,0.249,0.24,-0.009,0.487,0.464,-0.023,0.359,0.345,-0.014,12.7,45.7,89.9,35.5,7.9,25.0,78.0,74.0,22.0,43.0,44.0,11.3,25.2,80.9,50.9,14.2,0.29,25.9,84.0,73.5,37.9,32.7,22.3,33.5,14.2,3.8,10.0,29.0,80.0,76.0,485.0,121.0,26.0,1.0,0.344,0.487,0.238,0.831,0.249,3.0,1.0,140.0,63.0,14.5,14.5,0.224,0.344,0.238,0.831,29.0,80.0,76.0,485.0,121.0,140.0,63.0,27.63,113.6,0.376,"Muncy, Max",Hitter,2026,0.8674589798030663,0.5945531374254716,0.821518477806736,1.2047554428337062,-0.11384457652104578,-0.2905090265663559,0.599281100223187,0.5246723730165095,0.1282248221290609,0.7311158062329756,,0.8251891468049148,0.9087232378971778,108,26,1,3,7,1,0,63.0,140.0,0.249,0.29
"Muncy, Max",571970,2026,556,346,0.249,0.24,-0.009,0.487,0.464,-0.023,0.359,0.345,-0.014,12.7,45.7,89.9,35.5,7.9,25.0,78.0,74.0,22.0,43.0,44.0,11.3,25.2,80.9,50.9,14.2,0.29,25.9,84.0,73.5,37.9,32.7,22.3,33.5,14.2,3.8,10.0,29.0,80.0,76.0,485.0,121.0,9.0,2.0,0.344,0.487,0.238,0.831,0.23,3.0,3.0,91.0,21.0,14.5,14.5,0.224,0.344,0.238,0.831,29.0,80.0,76.0,485.0,121.0,140.0,63.0,27.63,113.6,0.376,"Muncy, Max",Hitter,2026,0.8674589798030663,0.5945531374254716,0.821518477806736,1.2047554428337062,-0.11384457652104578,-0.2905090265663559,0.599281100223187,0.5246723730165095,0.1282248221290609,0.7311158062329756,,0.8251891468049148,0.9087232378971778,109,26,1,3,7,1,0,63.0,140.0,0.249,0.29
"Torres, Gleyber",650402,2026,420,279,0.26,0.252,-0.008,0.363,0.368,0.005,0.328,0.325,-0.003,6.1,32.3,86.2,38.4,4.0,63.0,94.0,99.0,59.0,8.0,12.0,13.6,19.3,84.2,27.2,29.4,0.314,18.9,86.1,79.5,45.2,24.7,26.9,11.8,29.4,2.02,22.025,8.0,57.0,38.0,358.0,93.0,13.0,0.0,0.364,0.363,0.103,0.727,0.26,0.0,2.0,81.0,57.0,15.0,15.0,0.116,0.364,0.103,0.727,8.0,57.0,38.0,358.0,93.0,81.0,57.0,8.11,103.8,0.091,"Torres, Gleyber",Hitter,2026,0.20226406216569404,0.01627082760385873,3.5502860535693137,0.33151749689152216,-0.33105869245666697,-0.07379690696683251,0.5956051536889707,0.2121704850244564,0.1828453751437683,0.3744843011107793,,0.22956664539973154,0.22954926682212903,110,13,0,0,3,2,0,57.0,81.0,0.26,0.314
"Rodríguez, Endy",682848,2026,159,94,0.267,0.245,-0.022,0.467,0.403,-0.064,0.37,0.338,-0.032,10.6,46.8,92.4,37.2,6.3,,,,,37.0,,14.5,25.8,85.4,45.7,19.1,0.333,26.1,88.0,77.4,33.0,33.0,27.7,29.8,19.1,0.75,0.78,7.0,20.0,20.0,135.0,36.0,6.0,0.0,0.373,0.467,0.2,0.84,0.267,6.0,0.0,41.0,23.0,,,0.158,0.373,0.2,0.84,7.0,20.0,20.0,135.0,36.0,41.0,23.0,6.04,117.1,0.852,"Rodríguez, Endy",Hitter,2026,0.46452460325575584,0.646155278177738,2.1213659685340125,0.4948453005169379,0.24894110483107934,-0.7028147022794538,0.5924065370622917,0.3746039739997867,0.02095996300042803,0.5761111464959925,,0.63394273880529,0.6586587494141546,111,6,0,6,0,0,0,23.0,41.0,0.267,0.333
"Lee, Jung Hoo",808982,2026,579,486,0.276,0.288,0.012,0.404,0.382,-0.022,0.317,0.315,-0.002,2.3,31.5,87.5,36.0,1.9,97.0,7.0,40.0,96.0,51.0,9.0,5.0,9.8,93.9,37.7,19.5,0.292,31.1,94.7,88.9,43.6,22.6,29.0,21.8,19.5,1.2,22.833,10.0,65.0,57.0,539.0,149.0,31.0,4.0,0.32,0.404,0.128,0.724,0.276,12.0,4.0,57.0,29.0,17.25,16.833,0.094,0.32,0.128,0.724,10.0,65.0,57.0,539.0,149.0,57.0,29.0,9.46,100.3,0.052,"Lee, Jung Hoo",Hitter,2026,0.2705428821080945,-0.18175669490240276,3.498644147941553,0.4980149925885297,-0.360782729374173,-0.04943882075711279,0.5897610976129269,0.2654549192707997,0.12062588595600852,0.18331022761663823,,0.10564222403820148,0.07601667294372248,112,31,4,12,7,4,0,29.0,57.0,0.276,0.292
"Fermín, José",665877,2026,366,282,0.251,0.251,0.0,0.359,0.339,-0.02,0.299,0.293,-0.006,2.1,31.6,86.1,34.8,1.6,91.0,37.0,90.0,96.0,42.0,39.0,8.2,13.4,90.2,47.9,14.5,0.273,22.4,92.0,89.1,39.7,23.4,25.9,28.0,14.5,0.63,0.78,6.0,33.0,41.0,323.0,81.0,17.0,0.0,0.312,0.359,0.108,0.671,0.252,8.0,7.0,49.0,30.0,,,0.088,0.312,0.108,0.671,6.0,33.0,41.0,323.0,81.0,49.0,30.0,5.67,94.6,0.716,"Fermín, José",Hitter,2026,-0.0967540859097951,-0.25822786504094664,4.383862886217652,0.05450484865984567,0.14528805301618644,-0.15420276454378706,0.5890295945932265,0.0433234777144212,0.0620155681539889,-0.022577377064571233,,-0.07706839263069255,-0.11015671160908244,113,17,0,8,2,7,2,30.0,49.0,0.251,0.273
"Bogaerts, Xander",593428,2026,606,415,0.231,0.248,0.017,0.344,0.374,0.03,0.302,0.323,0.021,5.5,42.2,89.6,28.0,3.8,72.0,88.0,88.0,55.0,40.0,85.0,12.7,18.0,85.4,43.9,16.9,0.266,23.0,86.7,78.9,52.3,23.1,20.5,21.2,16.9,2.03,25.455,13.0,68.0,57.0,520.0,120.0,18.0,1.0,0.332,0.344,0.113,0.676,0.23,22.0,5.0,108.0,75.0,25.45,25.455,0.126,0.332,0.113,0.676,13.0,68.0,57.0,520.0,120.0,109.0,77.0,14.13,95.6,0.079,"Bogaerts, Xander",Hitter,2026,0.2302212718347819,0.02351033891146022,3.093141939112167,0.3797054678240985,-0.3402045499697457,0.39418748533488257,0.5885827903179409,0.29236655117605637,0.3737667815896026,0.30285637879366206,,0.2457916211482516,0.24264543609402503,114,18,1,22,4,5,0,77.0,109.0,0.231,0.266
"Kirk, Alejandro",672386,2026,313,238,0.278,0.264,-0.014,0.415,0.369,-0.046,0.338,0.309,-0.029,3.8,39.5,88.2,32.8,2.9,,,,,1.0,,10.5,12.1,90.1,24.4,27.7,0.289,28.7,92.1,86.5,50.4,18.9,24.8,13.9,27.7,1.77,8.7,10.0,26.0,43.0,277.0,77.0,8.0,0.0,0.351,0.415,0.137,0.766,0.282,1.0,3.0,38.0,33.0,4.6,4.6,0.105,0.351,0.137,0.766,10.0,26.0,43.0,277.0,77.0,38.0,33.0,8.89,107.0,0.201,"Kirk, Alejandro",Hitter,2026,0.1554798426097052,-0.016525715198422584,3.8786523186861466,0.3316979970712955,-0.24722166525344472,-0.5421739215745035,0.5881778062935633,0.13042037476777535,-0.0642450086378114,0.2136018063234788,,0.14521078995681874,0.13556418080589416,115,8,0,1,0,3,0,33.0,38.0,0.278,0.289
"Vaughn, Andrew",683734,2026,331,237,0.306,0.264,-0.042,0.444,0.38,-0.064,0.368,0.329,-0.039,5.1,43.5,90.1,30.4,3.6,,,,,13.0,,10.6,16.0,87.7,32.1,26.2,0.355,23.5,89.5,82.5,45.1,24.1,24.9,17.3,26.2,1.48,7.65,6.0,33.0,43.0,288.0,88.0,18.0,2.0,0.39,0.444,0.138,0.834,0.306,0.0,2.0,53.0,35.0,5.85,5.85,0.116,0.39,0.138,0.834,6.0,33.0,43.0,288.0,88.0,53.0,35.0,5.14,116.5,0.191,"Vaughn, Andrew",Hitter,2026,0.29771229776219565,0.11100230006576059,3.471780357872076,0.5556977564730774,-0.2548432131810104,-0.8951272253826404,0.5857532077491089,0.24748841337851785,-0.1145140629989935,0.33645489636791004,,0.3313847110839853,0.32648869559284105,116,18,2,0,6,2,0,35.0,53.0,0.306,0.355
"García Jr., Luis",671277,2026,543,421,0.277,0.276,-0.001,0.521,0.486,-0.035,0.355,0.341,-0.014,12.1,46.1,91.4,33.0,9.4,72.0,4.0,9.0,72.0,24.0,85.0,4.6,17.9,87.6,41.8,15.4,0.289,38.4,90.7,82.3,43.7,23.5,25.4,25.4,15.4,2.77,6.875,30.0,69.0,92.0,516.0,143.0,26.0,5.0,0.309,0.521,0.244,0.83,0.277,5.0,2.0,97.0,25.0,4.5,4.5,0.21,0.309,0.244,0.83,30.0,69.0,92.0,516.0,143.0,97.0,25.0,27.98,112.3,0.397,"García Jr., Luis",Hitter,2026,1.0076568165985893,0.55523752835779,0.500383015087256,1.2315838319486323,-0.0978393258731579,-0.28922179698996575,0.5840506245902762,0.5794289836972225,0.06672819450644213,0.679834569390338,,0.7766248609080296,0.848076595298242,117,26,5,5,0,2,0,25.0,97.0,0.277,0.289
"Yoshida, Masataka",807799,2026,297,233,0.274,0.262,-0.012,0.399,0.372,-0.027,0.33,0.318,-0.012,3.4,39.9,88.8,30.0,2.7,,,,,20.0,,9.4,11.1,90.7,43.3,19.7,0.294,28.1,91.3,86.2,49.8,22.7,22.3,20.6,19.7,0.68,18.6,5.0,34.0,28.0,263.0,72.0,16.0,1.0,0.347,0.399,0.125,0.746,0.274,2.0,3.0,33.0,28.0,,18.6,0.11,0.347,0.125,0.746,5.0,34.0,28.0,263.0,72.0,33.0,28.0,4.66,104.4,0.036,"Yoshida, Masataka",Hitter,2026,0.20634679380973625,-0.08065862113049665,3.8824457177759886,0.2123689678711956,-0.37297720605827805,-0.3149515206282845,0.580884304404756,0.253485581260285,0.08364687732090978,0.23921729329818608,,0.19879235123614533,0.1790694633432601,118,16,1,2,3,3,0,28.0,33.0,0.274,0.294
"Keith, Colt",690993,2026,423,302,0.258,0.272,0.014,0.406,0.423,0.017,0.321,0.333,0.012,7.6,42.1,88.7,38.1,5.4,58.0,26.0,82.0,61.0,70.0,26.0,7.6,19.9,86.0,37.4,22.2,0.305,24.6,88.6,80.5,39.7,25.2,26.8,21.5,22.2,0.75,4.333,10.0,51.0,36.0,384.0,99.0,19.0,4.0,0.322,0.406,0.148,0.728,0.258,6.0,2.0,84.0,32.0,3.83,3.833,0.151,0.322,0.148,0.728,10.0,51.0,36.0,384.0,99.0,84.0,32.0,10.42,101.6,0.169,"Keith, Colt",Hitter,2026,0.584076690531601,0.34517459765697767,2.083102284328244,0.35704845394892476,-0.2716106186216548,0.24684315839941587,0.5785999568836472,0.45347068502269916,0.32669810837628255,0.45701701785893845,,0.4908337323928223,0.5133760407547557,119,19,4,6,5,2,0,32.0,84.0,0.258,0.305
"Steer, Spencer",668715,2026,384,256,0.238,0.246,0.008,0.421,0.452,0.031,0.326,0.342,0.016,11.7,39.1,89.7,35.5,7.8,43.0,50.0,73.0,41.0,80.0,30.0,9.1,22.4,84.9,47.3,18.0,0.271,26.2,86.8,77.9,43.0,29.7,19.1,23.8,18.0,0.21,4.0,16.0,54.0,40.0,340.0,81.0,14.0,0.0,0.319,0.421,0.183,0.74,0.238,3.0,2.0,86.0,35.0,0.78,,0.206,0.319,0.183,0.74,16.0,54.0,40.0,340.0,81.0,86.0,35.0,17.18,103.2,0.051,"Steer, Spencer",Hitter,2026,0.7847204040924562,0.4096690224268608,1.5283016092898702,0.5064545982794159,-0.36154488416692954,0.2984599471846621,0.5770188429456522,0.5452987735880596,0.36165342212906554,0.655123406512352,,0.6946814858625966,0.7589925675463963,120,14,0,3,6,2,0,35.0,86.0,0.238,0.271
"France, Ty",664034,2026,495,333,0.294,0.251,-0.043,0.502,0.427,-0.075,0.372,0.329,-0.043,9.3,48.0,91.7,39.0,6.3,47.0,22.0,22.0,29.0,3.0,94.0,7.3,21.8,83.0,38.7,23.4,0.34,34.6,86.2,75.0,41.4,25.2,26.4,24.6,23.4,4.46,1.0,21.0,57.0,71.0,436.0,128.0,24.0,2.0,0.36,0.502,0.208,0.862,0.294,1.0,8.0,107.0,36.0,1.0,1.0,0.176,0.36,0.208,0.862,21.0,57.0,71.0,436.0,128.0,108.0,36.0,17.86,117.7,4.055,"France, Ty",Hitter,2026,0.5836900603780882,0.6456511604492157,-0.18641830836539036,1.0553773263851685,2.690122906030358,-0.9821323094480583,0.576195659545562,0.3398650469521654,-0.19823464618585612,0.4640546504046935,,0.6133645213368863,0.6534498700063184,121,24,2,1,14,8,0,36.0,108.0,0.294,0.34
"Bernal, Leo",699024,2026,98,67,0.28,0.279,-0.001,0.441,0.483,0.042,0.345,0.344,-0.001,9.0,56.7,92.6,41.8,6.4,,,,,21.0,,5.1,25.5,86.6,40.3,17.9,0.344,30.6,88.4,79.9,32.8,34.3,31.3,29.9,17.9,0.86,0.78,4.0,11.0,18.0,93.0,26.0,3.0,0.0,0.316,0.441,0.161,0.757,0.292,0.0,0.0,22.0,5.0,,,0.204,0.316,0.161,0.757,4.0,11.0,18.0,93.0,26.0,25.0,5.0,4.38,109.2,0.977,"Bernal, Leo",Hitter,2026,1.0015570379954393,0.9141148554255346,0.4080195143333411,0.17074992590771063,0.34421045392565003,0.15919234080126063,0.5703679260928155,0.5884324805315893,0.28791485683388723,0.5965068502506138,,0.8549759311011752,0.9361165339696075,122,3,0,0,0,0,0,5.0,25.0,0.28,0.344
"Anthony, Roman",701350,2026,240,146,0.248,0.262,0.014,0.4,0.428,0.028,0.329,0.344,0.015,11.6,46.6,92.0,38.4,7.1,,,,,53.0,,12.1,26.7,82.6,41.8,21.2,0.333,23.3,84.9,74.9,48.6,23.3,26.7,19.2,21.2,1.45,2.625,5.0,24.0,15.0,210.0,52.0,11.0,3.0,0.342,0.4,0.152,0.742,0.248,2.0,0.0,64.0,29.0,0.76,0.458,0.166,0.342,0.152,0.742,5.0,24.0,15.0,210.0,52.0,64.0,29.0,5.35,104.1,0.532,"Anthony, Roman",Hitter,2026,0.6507585575968124,0.7028502471786373,1.42375696080805,0.1299411987459691,0.005051571148978444,0.31939972037920544,0.5687595419208519,0.6016835044325035,0.46656013711251243,0.6418151093275468,,0.7184013632038856,0.7391638053222921,123,11,3,2,1,0,0,29.0,64.0,0.248,0.333
"Young, Jacob",696285,2026,467,347,0.252,0.258,0.006,0.391,0.386,-0.005,0.314,0.315,0.001,5.8,31.4,87.7,36.3,4.3,78.0,21.0,65.0,72.0,92.0,96.0,7.1,16.5,87.7,37.5,24.5,0.285,27.4,88.7,80.6,39.5,28.0,27.4,18.7,24.5,1.78,0.768,10.0,57.0,49.0,417.0,105.0,22.0,3.0,0.318,0.391,0.139,0.709,0.252,18.0,3.0,77.0,33.0,0.768,,0.128,0.318,0.139,0.709,10.0,57.0,49.0,417.0,105.0,77.0,33.0,9.87,99.4,2.051,"Young, Jacob",Hitter,2026,0.2804011778761054,-0.027660243775578408,2.1705438461710056,0.40382037887754546,1.1627647013462012,0.008447531280052897,0.5678441027338187,0.2286730756442845,0.13028543642955603,0.24916666960356532,,0.19425200830460235,0.19531756043537638,124,22,3,18,9,3,4,33.0,77.0,0.252,0.285
"Madrigal, Nick",663611,2026,63,52,0.278,0.238,-0.04,0.315,0.291,-0.024,0.313,0.293,-0.02,0.0,26.9,88.1,30.8,0.0,,,,,35.0,,11.1,4.8,96.5,30.8,17.3,0.288,30.4,96.5,93.3,51.9,21.2,25.0,15.4,17.3,0.57,0.78,0.0,8.0,3.0,54.0,15.0,2.0,0.0,0.365,0.315,0.037,0.68,0.278,1.0,1.0,3.0,7.0,,,0.053,0.365,0.037,0.68,0.0,8.0,3.0,54.0,15.0,3.0,7.0,0.0,99.1,0.648,"Madrigal, Nick",Hitter,2026,-0.4019851805706337,-0.4908783409630034,5.814984491350437,-0.4068537953340587,0.09346152710874002,-0.5571008610972711,0.5661837076683445,-0.0704928517724993,-0.05185845343251848,-0.05642636803127139,,-0.24021832177991684,-0.31096804294141484,125,2,0,1,1,1,0,7.0,3.0,0.278,0.288
"Sánchez, Gary",596142,2026,271,163,0.208,0.221,0.013,0.412,0.396,-0.016,0.342,0.337,-0.005,8.0,35.6,87.8,29.4,4.8,,,,,2.0,,17.0,21.4,82.4,42.9,16.0,0.229,22.4,83.5,73.9,42.9,26.4,19.0,21.5,16.0,0.46,1.5,11.0,36.0,36.0,221.0,46.0,10.0,1.0,0.351,0.412,0.204,0.763,0.21,0.0,1.0,57.0,46.0,,8.5,0.175,0.351,0.204,0.763,11.0,36.0,36.0,221.0,46.0,58.0,46.0,10.57,108.2,0.288,"Sánchez, Gary",Hitter,2026,0.40524524371548243,-0.026822564949445828,2.7491932540037936,0.5097985444812746,-0.18091419828362354,-0.037321621184471576,0.5629719857649321,0.39249335033635496,0.22087031362271214,0.5372862400721159,,0.4759353809943096,0.4951291829960525,126,10,1,0,3,1,0,46.0,58.0,0.208,0.229
"Mitchell, Garrett",669003,2026,527,295,0.262,0.267,0.005,0.417,0.445,0.028,0.34,0.351,0.011,11.5,52.5,93.2,30.8,6.5,3.0,75.0,89.0,2.0,98.0,92.0,11.2,31.7,74.5,32.9,21.0,0.388,22.8,77.6,67.0,56.3,15.3,26.1,14.6,21.0,3.35,0.95,11.0,73.0,65.0,458.0,120.0,30.0,4.0,0.353,0.417,0.155,0.77,0.263,14.0,1.0,166.0,58.0,,,0.178,0.353,0.155,0.77,11.0,73.0,65.0,458.0,120.0,167.0,59.0,11.74,107.6,3.19,"Mitchell, Garrett",Hitter,2026,0.784881454041026,0.6580340747919882,-0.757019871753193,0.7851568945050941,2.030859010295929,0.22653914415062057,0.5577875473260943,0.5289594576754327,0.3187384756030153,0.610688620193504,,0.6971758637507375,0.7450882360176617,127,30,4,14,6,1,3,59.0,167.0,0.262,0.388
"Walker, Jordan",691023,2026,663,433,0.271,0.264,-0.007,0.469,0.464,-0.005,0.347,0.341,-0.006,13.4,49.9,92.7,32.6,8.8,20.0,26.0,18.0,9.0,92.0,6.0,7.5,26.1,78.6,38.8,20.1,0.332,35.9,81.2,70.0,42.7,24.2,24.7,21.0,20.1,3.54,0.77,29.0,96.0,101.0,605.0,164.0,33.0,0.0,0.329,0.469,0.198,0.798,0.271,21.0,4.0,172.0,50.0,0.77,,0.2,0.329,0.198,0.798,29.0,96.0,101.0,605.0,164.0,173.0,50.0,28.69,109.8,4.069,"Walker, Jordan",Hitter,2026,0.8647314082559951,0.7139256620990113,-1.6664918331014866,1.2791125038758884,2.70079307312895,-0.13477190878262962,0.5574632015345935,0.5334824061717277,0.1252861512210951,0.6362266585361313,,0.7428299219941891,0.7999527764195031,128,33,0,22,4,4,0,50.0,173.0,0.271,0.332
"Ewing, A.J.",805999,2026,488,315,0.254,0.254,0.0,0.379,0.392,0.013,0.309,0.316,0.007,7.0,41.6,89.4,34.3,4.5,24.0,50.0,69.0,45.0,95.0,90.0,9.2,25.4,84.3,30.8,21.0,0.328,26.6,85.6,77.0,46.3,24.4,25.1,21.3,21.0,2.96,0.78,11.0,55.0,43.0,433.0,110.0,19.0,1.0,0.324,0.379,0.125,0.703,0.253,25.0,4.0,123.0,44.0,,,0.138,0.324,0.125,0.703,11.0,55.0,43.0,433.0,110.0,124.0,45.0,11.38,97.8,3.364,"Ewing, A.J.",Hitter,2026,0.3194248914548394,0.23072747092949092,1.0556583653549232,0.30008406809686666,2.1634739442355713,0.09320781942923427,0.555031258433857,0.28260867408434265,0.19624713678667044,0.2352468814752048,,0.2932995495559551,0.29875442292278537,129,19,1,25,2,4,4,45.0,124.0,0.254,0.328
"Bell, Josh",605137,2026,627,444,0.254,0.256,0.002,0.413,0.443,0.03,0.322,0.334,0.012,9.5,42.1,89.8,32.9,6.7,60.0,37.0,50.0,57.0,17.0,,8.1,19.6,83.5,40.5,18.9,0.29,29.7,86.3,79.7,42.1,26.4,23.4,25.5,18.9,0.61,5.75,20.0,77.0,93.0,566.0,144.0,28.0,1.0,0.318,0.413,0.159,0.731,0.254,2.0,5.0,123.0,51.0,6.0,6.0,0.187,0.318,0.159,0.731,20.0,77.0,93.0,566.0,144.0,123.0,51.0,21.45,101.9,0.104,"Bell, Josh",Hitter,2026,0.7042120364199759,0.3179001610913844,1.2836362575976945,0.8755416764566369,-0.3211506801508316,0.22207100110094413,0.5536017635264319,0.5052485289628251,0.29672176045149556,0.532974562590984,,0.5823974049349616,0.626366933073292,130,28,1,2,4,5,0,51.0,123.0,0.254,0.29
"Horwitz, Spencer",687462,2026,447,313,0.246,0.229,-0.017,0.366,0.348,-0.018,0.322,0.311,-0.011,5.8,30.7,86.8,30.0,4.1,81.0,84.0,80.0,87.0,4.0,11.0,11.9,16.1,91.0,40.6,23.3,0.275,24.8,91.8,84.7,40.9,27.8,22.0,19.8,23.3,0.07,0.767,10.0,44.0,49.0,382.0,94.0,14.0,1.0,0.345,0.366,0.12,0.711,0.248,1.0,5.0,71.0,52.0,0.767,,0.119,0.345,0.12,0.711,10.0,44.0,49.0,382.0,94.0,72.0,53.0,9.51,101.9,0.081,"Horwitz, Spencer",Hitter,2026,0.01462874462861051,-0.23171128570927968,4.074983077691414,0.3205939920484702,-0.33868024038423256,-0.3014684207249491,0.552636623365361,0.16974568893112063,0.0785118215781887,0.20358681875002466,,0.12245150532679411,0.09869815945957465,131,14,1,1,7,5,0,53.0,72.0,0.246,0.275
"Carroll, Corbin",682998,2026,668,433,0.238,0.25,0.012,0.466,0.449,-0.017,0.342,0.343,0.001,12.2,48.0,91.8,30.0,8.0,43.0,75.0,50.0,32.0,97.0,96.0,10.9,22.6,79.1,42.5,18.7,0.28,29.7,81.5,75.2,40.6,29.6,20.8,27.0,18.7,4.92,10.625,22.0,90.0,77.0,579.0,138.0,32.0,17.0,0.328,0.466,0.228,0.794,0.239,21.0,8.0,149.0,73.0,5.625,5.625,0.199,0.328,0.228,0.794,22.0,90.0,77.0,579.0,138.0,151.0,73.0,21.2,108.2,0.459,"Carroll, Corbin",Hitter,2026,0.771744113174506,0.5321759591881545,0.576427088998728,1.1449379887900006,-0.05058572872225084,-0.0042918342979867685,0.5520882254975429,0.5688251881901337,0.24577565678129398,0.6673574349169603,,0.7352922456183689,0.7812407855255402,132,32,17,21,8,8,0,73.0,151.0,0.238,0.28
"Stephenson, Tyler",663886,2026,468,286,0.241,0.235,-0.006,0.404,0.424,0.02,0.323,0.325,0.002,11.9,44.1,91.0,39.9,7.3,15.0,71.0,91.0,36.0,39.0,,10.5,27.4,85.2,36.4,27.6,0.308,22.2,87.6,75.3,33.6,32.5,28.7,23.4,27.6,2.25,6.8,15.0,41.0,54.0,411.0,99.0,22.0,0.0,0.323,0.404,0.163,0.727,0.243,0.0,5.0,126.0,49.0,4.925,4.925,0.189,0.323,0.163,0.727,15.0,41.0,54.0,411.0,99.0,128.0,49.0,15.74,102.2,0.326,"Stephenson, Tyler",Hitter,2026,0.5422464571114581,0.6737715955930135,1.4977646375090712,0.44585538892686377,-0.15195231615887403,0.045929749531322284,0.5512566806991023,0.3704094212633323,0.264041520579896,0.50301396761079,,0.6190666483881103,0.6816144244025384,133,22,0,0,3,5,0,49.0,128.0,0.241,0.308
"Gelof, Zack",680869,2026,431,286,0.259,0.237,-0.022,0.479,0.441,-0.038,0.349,0.325,-0.024,10.8,43.0,89.6,28.7,7.3,31.0,22.0,80.0,26.0,87.0,37.0,7.2,24.1,75.9,39.5,18.9,0.299,24.8,78.0,73.2,43.4,30.8,18.5,21.7,18.9,3.49,0.78,22.0,76.0,55.0,390.0,101.0,16.0,2.0,0.325,0.479,0.22,0.804,0.256,16.0,0.0,103.0,31.0,,,0.204,0.325,0.22,0.804,22.0,76.0,55.0,390.0,101.0,104.0,31.0,20.25,110.4,3.966,"Gelof, Zack",Hitter,2026,0.6490440402249404,0.2747604372808899,-0.13925710277730757,0.9531761600858446,2.622291129475024,-0.5245580789559382,0.5490742611606022,0.3835363767381226,-0.07078914863165912,0.42696177245116057,,0.5662763142840547,0.6192751445592715,134,16,2,16,7,0,3,31.0,104.0,0.259,0.299
"Alexander, Blaze",677942,2026,289,201,0.303,0.3,-0.003,0.414,0.452,0.038,0.341,0.351,0.01,6.5,48.8,92.3,40.3,4.5,,,,,78.0,11.0,6.6,21.8,80.4,33.3,26.9,0.385,30.2,83.7,77.5,47.8,21.4,29.4,16.9,26.9,1.81,0.76,4.0,35.0,31.0,261.0,79.0,13.0,2.0,0.358,0.414,0.111,0.772,0.303,10.0,1.0,63.0,19.0,0.76,,0.152,0.358,0.111,0.772,4.0,35.0,31.0,261.0,79.0,63.0,19.0,4.37,107.9,2.105,"Alexander, Blaze",Hitter,2026,0.8449823915694221,0.5988656227045595,0.23243766551784864,0.2723965516726455,1.2039210601550556,0.20868016489226285,0.5480039775165734,0.5099282625998456,0.28111694180549757,0.5693097591075447,,0.6114223595866045,0.6540526025656106,135,13,2,10,4,1,2,19.0,63.0,0.303,0.385
"Murakami, Munetaka",808959,2026,549,253,0.207,0.203,-0.004,0.478,0.466,-0.012,0.36,0.351,-0.009,20.2,56.5,93.9,30.0,9.4,1.0,99.0,91.0,1.0,33.0,43.0,16.8,35.5,66.8,47.0,19.4,0.262,22.1,69.7,60.2,41.9,38.3,15.4,30.0,19.4,2.33,0.78,35.0,81.0,77.0,450.0,93.0,15.0,1.0,0.348,0.478,0.271,0.826,0.209,1.0,1.0,193.0,92.0,,,0.263,0.348,0.271,0.826,35.0,81.0,77.0,450.0,93.0,195.0,92.0,34.12,113.9,2.648,"Murakami, Munetaka",Hitter,2026,0.8834956824238341,1.095610567692498,-1.5385226546768276,1.2891416678944598,1.6177711126218708,-0.16801552768366576,0.5475644446209236,0.6122387751209795,0.24629524311639117,0.9190346602480453,,1.0829674834493195,1.1811354063219313,136,15,1,1,6,1,0,92.0,195.0,0.207,0.262
"Groover, LuJames",694410,2026,54,37,0.167,0.215,0.048,0.271,0.328,0.057,0.245,0.286,0.041,10.8,45.9,90.0,24.3,7.4,,,,,34.0,,9.3,20.4,94.1,40.5,18.9,0.194,19.8,95.6,85.1,45.9,21.6,18.9,13.5,18.9,-0.15,0.78,1.0,4.0,4.0,48.0,8.0,2.0,0.0,0.259,0.271,0.104,0.53,0.167,0.0,0.0,11.0,5.0,,,0.113,0.259,0.104,0.53,1.0,4.0,4.0,48.0,8.0,11.0,5.0,1.21,77.5,-0.17,"Groover, LuJames",Hitter,2026,-0.20907334128583743,0.23211388631508073,4.131547803507167,-0.6834517930632483,-0.5299810933661305,0.8836472902397894,0.5467354631955104,0.1957944463007721,0.6029765175330728,0.02360886622424177,,0.10116224888306682,0.064117673880279,137,2,0,0,1,0,0,5.0,11.0,0.167,0.194
"Lile, Daylen",695734,2026,651,475,0.247,0.258,0.011,0.431,0.447,0.016,0.316,0.327,0.011,9.7,38.2,88.7,38.3,7.1,61.0,15.0,9.0,51.0,94.0,72.0,6.1,19.4,85.6,40.8,26.1,0.276,38.4,88.2,78.6,32.6,37.9,23.4,26.9,26.1,1.99,0.76,22.0,81.0,89.0,598.0,148.0,28.0,8.0,0.298,0.431,0.184,0.729,0.249,15.0,7.0,126.0,40.0,0.76,,0.189,0.298,0.184,0.729,22.0,81.0,89.0,598.0,148.0,126.0,40.0,22.82,100.0,2.314,"Lile, Daylen",Hitter,2026,0.7042855123976436,0.35421888132615287,0.0272385927905206,0.9042240855947723,1.363211411841178,0.21379977857258128,0.5443356751638113,0.3981437126001258,0.1904961906510714,0.5005044067635619,,0.5048754237712679,0.5621555369342051,138,28,8,15,6,7,0,40.0,126.0,0.247,0.276
"Merrill, Jackson",701538,2026,664,458,0.254,0.27,0.016,0.44,0.492,0.052,0.32,0.347,0.027,12.4,48.7,91.6,39.7,8.6,33.0,14.0,13.0,31.0,90.0,91.0,6.2,24.1,81.6,38.2,24.7,0.302,37.5,84.2,75.1,36.9,29.9,27.7,25.8,24.7,3.44,2.111,26.0,86.0,87.0,613.0,156.0,26.0,5.0,0.303,0.44,0.186,0.743,0.253,26.0,3.0,158.0,40.0,0.809,0.81,0.222,0.303,0.186,0.743,26.0,86.0,87.0,613.0,156.0,160.0,41.0,29.07,101.3,1.556,"Merrill, Jackson",Hitter,2026,1.064122389443473,0.802256899368466,-1.0542353094807029,0.9544426775388198,0.7854980789317013,0.5322873117172473,0.5432916215081739,0.6074058164421985,0.3897655114513358,0.7364107927763945,,0.8230366622805363,0.9173969321976218,139,26,5,27,3,3,4,41.0,160.0,0.254,0.302
"Foscue, Justin",679822,2026,246,163,0.272,0.247,-0.025,0.487,0.439,-0.048,0.357,0.327,-0.03,10.4,42.3,89.3,34.4,6.9,,,,,54.0,83.0,6.9,25.2,86.5,44.8,14.7,0.329,27.4,88.4,81.5,36.8,31.3,20.9,31.9,14.7,1.47,0.78,11.0,26.0,34.0,224.0,61.0,13.0,1.0,0.333,0.487,0.215,0.82,0.274,0.0,1.0,61.0,17.0,,,0.192,0.333,0.215,0.82,11.0,26.0,34.0,224.0,61.0,62.0,17.0,9.92,113.0,1.67,"Foscue, Justin",Hitter,2026,0.6489867768225486,0.3839333943625553,1.2779333545686264,0.5753598388026554,0.8723837253059498,-0.6358919446058341,0.540676530153852,0.37417105249795535,-0.08190107507924033,0.4390070378650187,,0.5881476697957494,0.6411115885049111,140,13,1,0,4,1,0,17.0,62.0,0.272,0.329
"Wagner, Will",695238,2026,45,28,0.257,0.249,-0.008,0.286,0.282,-0.004,0.333,0.329,-0.004,0.0,17.9,81.9,28.6,0.0,,,,,20.0,,22.2,15.6,93.6,21.4,17.9,0.321,24.0,93.6,83.1,67.9,10.7,17.9,0.0,17.9,-0.01,0.78,0.0,5.0,0.0,35.0,9.0,1.0,0.0,0.422,0.286,0.029,0.708,0.257,0.0,0.0,7.0,10.0,,,0.033,0.422,0.029,0.708,0.0,5.0,0.0,35.0,9.0,7.0,10.0,0.0,105.4,-0.011,"Wagner, Will",Hitter,2026,-0.319683667276674,-0.9103853982607246,6.038509030590655,-0.35410705032323414,-0.4087984813178366,-0.12234649475624197,0.5375478029613916,-0.09399461121009106,0.07734427990494443,0.21091210377272168,,-0.3178959508190115,-0.38292966048528665,141,1,0,0,0,0,0,10.0,7.0,0.257,0.321
"Chourio, Jackson",694192,2026,569,382,0.288,0.262,-0.026,0.485,0.473,-0.012,0.358,0.343,-0.015,12.3,47.0,91.6,33.5,8.3,35.0,39.0,25.0,41.0,87.0,91.0,8.3,23.6,85.2,30.4,27.7,0.343,34.0,87.1,76.5,44.8,30.9,19.9,18.6,27.7,4.73,7.25,25.0,94.0,73.0,518.0,149.0,27.0,0.0,0.348,0.485,0.197,0.833,0.286,23.0,2.0,134.0,47.0,4.25,4.25,0.211,0.348,0.197,0.833,25.0,94.0,73.0,518.0,149.0,134.0,47.0,24.38,113.3,0.644,"Chourio, Jackson",Hitter,2026,0.9271160237755576,0.6009053560391189,0.24497282305294116,1.175071511737991,0.09041290793771375,-0.36691942143286926,0.5373160760208373,0.48131911448901277,0.043962826463435,0.6812781458314807,,0.7550772839837174,0.8423714686097202,142,27,0,23,2,2,0,47.0,134.0,0.288,0.343
"Straw, Myles",664702,2026,327,256,0.243,0.252,0.009,0.346,0.345,-0.001,0.291,0.294,0.003,2.7,25.8,86.3,33.6,2.1,,,,,97.0,88.0,8.3,13.1,91.1,35.2,19.1,0.273,23.1,91.9,88.7,40.6,27.3,23.0,19.5,19.1,0.47,6.4,3.0,44.0,26.0,292.0,71.0,19.0,1.0,0.307,0.346,0.103,0.653,0.243,7.0,3.0,43.0,27.0,6.4,,0.093,0.307,0.103,0.653,3.0,44.0,26.0,292.0,71.0,43.0,27.0,2.99,92.1,0.072,"Straw, Myles",Hitter,2026,-0.05522458753957718,-0.38114726554592504,4.389518034497737,-0.029576366564474866,-0.34553963351904166,0.0626309233756328,0.5356647791815691,0.12765424557769728,0.1588998586056086,0.008137316748061512,,-0.06603067854270037,-0.10813156695644757,143,19,1,7,1,3,4,27.0,43.0,0.243,0.273
"Martin, Austin",668885,2026,354,235,0.231,0.233,0.002,0.318,0.317,-0.001,0.305,0.305,0.0,3.0,28.5,86.8,34.5,2.0,65.0,88.0,100.0,76.0,60.0,78.0,12.4,18.9,88.0,40.0,21.3,0.284,18.1,89.2,81.7,47.7,22.6,23.8,18.7,21.3,0.86,0.78,3.0,42.0,24.0,299.0,69.0,17.0,0.0,0.342,0.318,0.087,0.66,0.232,12.0,3.0,66.0,44.0,,,0.084,0.342,0.087,0.66,3.0,42.0,24.0,299.0,69.0,67.0,44.0,2.99,96.5,0.977,"Martin, Austin",Hitter,2026,-0.1984204203635856,-0.27481629394240503,4.068554517481405,-0.025518786144719807,0.34421045392565003,-0.008767833190109783,0.5354312578946794,0.11442456836255002,0.19464120820635905,0.04362323532339391,,-0.026058683884116474,-0.08388310452706313,144,17,0,12,8,3,0,44.0,67.0,0.231,0.284
"Machado, Manny",592518,2026,675,450,0.216,0.242,0.026,0.407,0.419,0.012,0.308,0.327,0.019,9.6,43.1,90.1,32.7,6.4,51.0,78.0,44.0,42.0,7.0,95.0,11.3,21.2,83.6,40.0,23.1,0.229,30.5,85.6,77.1,39.3,28.4,24.2,20.4,23.1,1.29,25.091,30.0,82.0,90.0,587.0,127.0,22.0,0.0,0.303,0.407,0.191,0.71,0.215,5.0,10.0,143.0,76.0,17.09,17.091,0.177,0.303,0.191,0.71,30.0,82.0,90.0,587.0,127.0,143.0,76.0,30.88,97.5,0.051,"Machado, Manny",Hitter,2026,0.5220159694464894,0.34613714134744805,1.3102050796744416,0.8825507924275575,-0.36154488416692954,0.36020798795099734,0.5285111118248186,0.43853392764662247,0.3531555232240182,0.48484182869284753,,0.5090141928253926,0.5394017289511837,145,22,0,5,1,10,1,76.0,143.0,0.216,0.229
"Flores Jr., Rafael",804668,2026,159,100,0.271,0.253,-0.018,0.542,0.519,-0.023,0.377,0.358,-0.019,15.0,47.0,91.0,36.0,9.4,,,,,26.0,,9.4,27.7,77.7,46.0,16.0,0.315,27.6,79.7,71.3,44.0,37.0,18.0,30.0,16.0,1.16,0.78,11.0,17.0,25.0,144.0,39.0,6.0,0.0,0.34,0.542,0.271,0.882,0.271,0.0,0.0,44.0,15.0,,,0.266,0.34,0.271,0.882,11.0,17.0,25.0,144.0,39.0,44.0,15.0,10.53,119.3,1.318,"Flores Jr., Rafael",Hitter,2026,1.2642076826436393,0.7594430418840288,-0.47594393623562326,0.7291216686670331,0.6041052382556389,-0.3908048273033542,0.5272472299976555,0.6922990298176683,0.08603295065042131,0.9181780235679456,,1.0749206921707468,1.1972092130656076,146,6,0,0,0,0,0,15.0,44.0,0.271,0.315
"Loftin, Nick",679845,2026,426,306,0.24,0.228,-0.012,0.388,0.335,-0.053,0.315,0.293,-0.022,4.2,29.7,86.8,35.9,3.1,75.0,58.0,77.0,84.0,67.0,18.0,9.6,17.1,90.8,43.5,19.6,0.276,25.4,92.0,83.4,41.2,29.1,23.9,26.5,19.6,1.52,0.78,8.0,42.0,45.0,371.0,89.0,27.0,2.0,0.322,0.388,0.148,0.71,0.24,4.0,4.0,73.0,41.0,,,0.107,0.322,0.148,0.71,8.0,42.0,45.0,371.0,89.0,73.0,41.0,6.91,99.7,1.727,"Loftin, Nick",Hitter,2026,-0.13317370046753668,-0.16419002153607282,3.3594706045140748,0.3180829930286603,0.9158265484930742,-0.5080785929686252,0.5262764057597564,0.06985258715540496,-0.050487679362924295,0.014651536270340423,,0.021337190633208138,-0.016459061479085973,147,27,2,4,6,4,4,41.0,73.0,0.24,0.276
"Kelly, Carson",608348,2026,425,310,0.258,0.244,-0.014,0.376,0.372,-0.004,0.32,0.311,-0.009,5.2,36.1,86.7,31.6,3.8,78.0,54.0,78.0,77.0,14.0,,9.4,16.5,89.7,39.4,21.6,0.293,25.2,90.8,81.8,46.1,24.2,21.9,19.0,21.6,1.92,5.0,10.0,57.0,58.0,380.0,98.0,15.0,0.0,0.336,0.376,0.118,0.712,0.258,0.0,0.0,70.0,40.0,5.5,5.0,0.128,0.336,0.118,0.712,10.0,57.0,58.0,380.0,98.0,70.0,40.0,9.89,101.3,0.376,"Kelly, Carson",Hitter,2026,0.17150412610455268,-0.1039647588782773,3.1329953660273535,0.4375859819619818,-0.11384457652104578,-0.2016024027615955,0.5261255840206188,0.2266051612181668,0.10028282342141773,0.19798170953387637,,0.19275608039885744,0.18259361582109632,148,15,0,0,5,0,0,40.0,70.0,0.258,0.293
"Peters, Tristan",671976,2026,490,349,0.266,0.249,-0.017,0.438,0.385,-0.053,0.341,0.315,-0.026,5.4,34.2,87.5,32.7,3.9,67.0,26.0,31.0,54.0,83.0,96.0,7.6,18.4,83.2,51.3,14.0,0.31,32.6,86.3,79.6,41.0,28.4,22.3,32.4,14.0,3.68,0.78,12.0,63.0,56.0,436.0,116.0,31.0,4.0,0.337,0.438,0.172,0.775,0.266,8.0,2.0,89.0,37.0,,,0.136,0.337,0.172,0.775,12.0,63.0,56.0,436.0,116.0,90.0,37.0,10.55,107.9,4.182,"Peters, Tristan",Hitter,2026,0.2696675141222053,-0.08464361137656955,0.9381689861414806,0.7199904352403367,2.7869165647104426,-0.5728859788883511,0.5206151280447191,0.12771469222053392,-0.18223817251194968,0.2087348026206502,,0.165819045431931,0.17232007031183735,149,31,4,8,11,2,4,37.0,90.0,0.266,0.31
"Valencia, Eduardo",680664,2026,134,91,0.344,0.286,-0.058,0.624,0.531,-0.093,0.431,0.369,-0.062,15.4,47.3,89.8,46.2,10.9,,,,,5.0,,4.5,23.1,80.3,41.8,20.9,0.414,35.7,82.0,75.5,40.7,22.0,30.8,35.2,20.9,1.65,0.78,7.0,24.0,20.0,125.0,43.0,14.0,0.0,0.383,0.624,0.28,1.007,0.35,0.0,0.0,29.0,6.0,,,0.245,0.383,0.28,1.007,7.0,24.0,20.0,125.0,43.0,31.0,6.0,5.96,136.4,1.875,"Valencia, Eduardo",Hitter,2026,1.3960020568202145,1.014369022771036,-1.1149467871859888,1.0885335901170128,1.0286254578210456,-1.3108297653281185,0.5196919084482072,0.7055384426322197,-0.27068693019593226,1.0309127970016543,,1.1756251308366268,1.2871870048406358,150,14,0,0,2,0,0,6.0,31.0,0.344,0.414
"Nimmo, Brandon",607043,2026,651,440,0.26,0.268,0.008,0.406,0.444,0.038,0.321,0.34,0.019,9.1,50.5,92.0,34.3,6.2,41.0,32.0,56.0,51.0,65.0,14.0,7.8,22.9,82.8,33.0,23.0,0.323,29.0,85.3,79.1,42.0,26.6,28.0,20.9,23.0,1.13,20.5,14.0,64.0,62.0,589.0,153.0,35.0,4.0,0.324,0.406,0.146,0.73,0.26,7.0,4.0,148.0,51.0,20.5,20.5,0.176,0.324,0.146,0.73,14.0,64.0,62.0,589.0,153.0,149.0,51.0,15.31,101.6,0.055,"Nimmo, Brandon",Hitter,2026,0.7385821788680587,0.5758371344092524,0.8649553182414969,0.583359499601226,-0.35849626499590326,0.3527434588173423,0.5164849136574176,0.4912255125301691,0.3560933748809221,0.5307850194062341,,0.6174633513223756,0.668618087012287,151,36,4,7,7,4,0,51.0,149.0,0.26,0.323
"Langeliers, Shea",669127,2026,464,312,0.261,0.269,0.008,0.474,0.497,0.023,0.349,0.356,0.007,13.5,43.3,91.3,37.8,9.1,39.0,30.0,29.0,26.0,79.0,,7.8,23.5,81.3,40.1,20.5,0.299,33.1,83.8,73.4,35.6,29.8,25.6,27.9,20.5,3.51,5.25,23.0,58.0,58.0,422.0,110.0,21.0,0.0,0.325,0.474,0.213,0.799,0.263,3.0,1.0,107.0,36.0,0.77,,0.228,0.325,0.213,0.799,23.0,58.0,58.0,422.0,110.0,109.0,36.0,24.12,110.4,0.656,"Langeliers, Shea",Hitter,2026,1.1279369998602584,0.6759080121304364,-0.42124460237587125,0.8468581739333062,0.09955876545079255,0.194996825914727,0.5104634472613191,0.680633172603397,0.2987140245495176,0.8493675427482035,,0.9090759782066009,0.9971325523140456,152,21,0,3,5,1,0,36.0,109.0,0.261,0.299
"Mesa Jr., Victor",683748,2026,258,178,0.26,0.246,-0.014,0.502,0.439,-0.063,0.348,0.329,-0.019,11.2,40.4,89.1,30.9,7.9,,,,,66.0,,8.9,19.8,80.1,38.2,16.3,0.275,34.6,84.6,77.6,32.6,31.5,22.5,25.3,16.3,2.79,0.78,14.0,37.0,33.0,231.0,60.0,6.0,3.0,0.328,0.502,0.242,0.83,0.248,9.0,1.0,51.0,23.0,,,0.193,0.328,0.242,0.83,14.0,37.0,33.0,231.0,60.0,51.0,23.0,12.24,110.1,3.17,"Mesa Jr., Victor",Hitter,2026,0.6558632891373493,0.27988408442749735,0.2868658293323132,0.6646211965931709,2.0156159144407977,-0.5454821404655901,0.5096790704561802,0.3713337248347999,-0.0783510548849553,0.5384570541038618,,0.5379574092783104,0.5887461425467122,153,8,3,9,1,1,2,23.0,51.0,0.26,0.275
"Okamoto, Kazuma",672960,2026,633,386,0.233,0.226,-0.007,0.454,0.449,-0.005,0.333,0.329,-0.004,13.2,44.3,90.6,35.0,8.1,10.0,50.0,65.0,7.0,25.0,21.0,9.2,28.6,77.8,51.0,15.5,0.279,27.4,80.4,69.9,36.0,33.9,20.5,30.1,15.5,2.37,0.78,33.0,81.0,92.0,566.0,132.0,26.0,0.0,0.31,0.454,0.221,0.764,0.234,1.0,3.0,180.0,57.0,,,0.223,0.31,0.221,0.764,33.0,81.0,92.0,566.0,132.0,181.0,58.0,32.64,105.4,2.693,"Okamoto, Kazuma",Hitter,2026,0.7080726612637005,0.5921072532370207,-0.7143351346724582,1.1036306055152645,1.6520680782959163,-0.11990145976580452,0.5070505984427615,0.4110071007067687,0.1182872794805077,0.5482453021107716,,0.6854253339995735,0.7643693643313417,154,26,0,1,6,3,0,58.0,181.0,0.233,0.279
"Seager, Corey",608369,2026,432,276,0.226,0.251,0.025,0.418,0.481,0.063,0.32,0.35,0.03,14.5,48.2,91.7,35.9,9.4,34.0,67.0,58.0,5.0,5.0,81.0,10.4,23.8,77.8,44.2,18.5,0.257,28.6,81.4,70.3,44.6,30.1,21.7,24.6,18.5,3.15,31.5,19.0,56.0,49.0,380.0,86.0,16.0,0.0,0.313,0.418,0.192,0.731,0.227,2.0,3.0,102.0,45.0,32.5,32.5,0.23,0.313,0.192,0.731,19.0,56.0,49.0,380.0,86.0,103.0,45.0,21.86,101.3,0.1,"Seager, Corey",Hitter,2026,0.9972111487239635,0.7811868646480574,-0.14240594296001802,0.5589204032648746,-0.32419929932185787,0.6679635518919708,0.5023937544133421,0.7061180885338815,0.5482970232825933,0.8384045999210953,,0.9150986687440092,0.9961137234568157,155,16,0,2,4,3,0,45.0,103.0,0.226,0.257
"Naylor, Bo",666310,2026,98,67,0.154,0.216,0.062,0.275,0.4,0.125,0.22,0.293,0.073,11.9,41.5,89.1,31.3,8.2,,,,,49.0,,7.1,24.5,93.8,38.8,19.4,0.172,26.7,94.6,87.0,34.3,34.3,20.9,23.9,19.4,-0.57,0.79,3.0,5.0,10.0,91.0,14.0,2.0,0.0,0.214,0.275,0.121,0.489,0.154,0.0,0.0,24.0,7.0,0.79,,0.184,0.214,0.121,0.489,3.0,5.0,10.0,91.0,14.0,24.0,7.0,4.36,69.6,-0.64,"Naylor, Bo",Hitter,2026,0.26532373943277027,0.3419497882640764,2.7314493322033133,-0.7418781564126307,-0.8881938459617162,1.530402496490872,0.49737743393252587,0.3852525914888904,0.8054294041323882,0.19253183190676412,,0.33265916116344085,0.36281465978984073,156,2,0,0,0,0,0,7.0,24.0,0.154,0.172
"Frelick, Sal",686217,2026,381,304,0.232,0.239,0.007,0.321,0.322,0.001,0.277,0.28,0.003,2.3,27.1,85.6,27.0,1.8,97.0,36.0,81.0,99.0,84.0,72.0,8.1,10.0,94.1,38.8,18.8,0.248,24.7,95.9,91.6,50.7,21.4,19.1,18.1,18.8,-0.43,0.771,4.0,36.0,40.0,336.0,78.0,18.0,0.0,0.298,0.321,0.089,0.619,0.232,7.0,4.0,38.0,31.0,0.771,,0.083,0.298,0.089,0.619,4.0,36.0,40.0,336.0,78.0,38.0,31.0,4.01,87.7,-0.494,"Frelick, Sal",Hitter,2026,-0.2565180888813786,-0.5617763448217501,5.0598086207866135,-0.11045113145345815,-0.7769192462192576,0.0577408533947577,0.49400099293282873,-0.004345215182662048,0.11496282469966111,-0.13719027898461633,,-0.2343746781178199,-0.284527259960548,157,18,0,7,2,4,2,31.0,38.0,0.232,0.248
"Lindor, Francisco",596019,2026,464,317,0.222,0.239,0.017,0.415,0.431,0.016,0.32,0.329,0.009,8.8,49.5,91.6,29.0,6.1,55.0,58.0,48.0,42.0,43.0,41.0,9.7,20.5,84.5,45.4,17.0,0.241,29.9,86.6,77.0,35.0,34.1,23.0,28.7,17.0,1.66,34.1,20.0,61.0,48.0,414.0,92.0,12.0,4.0,0.306,0.415,0.193,0.721,0.224,3.0,0.0,93.0,44.0,34.15,34.1,0.192,0.306,0.193,0.721,20.0,61.0,48.0,414.0,92.0,95.0,45.0,20.77,101.3,0.049,"Lindor, Francisco",Hitter,2026,0.6025691813954415,0.3932924544688686,1.2493713275115406,0.5754831656000071,-0.3630691937524427,0.24100911501904443,0.49082295233602646,0.4357899056993246,0.2915468350882855,0.4609191812653089,,0.5752623968341714,0.6236444509858866,158,12,4,3,5,0,0,45.0,95.0,0.222,0.241
"Contreras, Willson",575929,2026,533,316,0.276,0.256,-0.02,0.518,0.486,-0.032,0.393,0.377,-0.016,13.3,44.0,89.8,32.3,7.9,26.0,76.0,24.0,14.0,48.0,66.0,11.1,25.1,82.4,49.7,16.5,0.333,34.1,83.8,70.9,38.0,28.5,22.5,28.5,16.5,4.51,18.0,27.0,68.0,81.0,446.0,123.0,21.0,3.0,0.387,0.518,0.242,0.905,0.276,3.0,3.0,134.0,59.0,18.0,18.0,0.23,0.387,0.242,0.905,27.0,68.0,81.0,446.0,123.0,134.0,59.0,25.33,124.4,0.249,"Contreras, Willson",Hitter,2026,1.1304317243484063,0.4971560945651135,-0.2969492752493586,1.3766747019042365,-0.2106382352011296,-0.4236401122135418,0.48057012925688886,0.6323975942637501,0.06361111929211216,0.9587360364139558,,0.9376543606723299,1.029352321353115,159,21,3,3,24,3,1,59.0,134.0,0.276,0.333
"Clark, Max",703601,2026,202,136,0.278,0.271,-0.007,0.426,0.354,-0.072,0.348,0.322,-0.026,2.2,38.2,87.5,33.8,1.5,,,,,84.0,,8.9,20.3,89.9,35.3,26.5,0.346,28.8,93.0,85.8,41.2,25.7,26.5,19.9,26.5,1.26,0.78,3.0,27.0,23.0,176.0,49.0,11.0,3.0,0.357,0.426,0.148,0.783,0.281,5.0,1.0,39.0,18.0,,,0.083,0.357,0.148,0.783,3.0,27.0,23.0,176.0,49.0,41.0,18.0,2.49,110.1,1.432,"Clark, Max",Hitter,2026,0.11359402465448487,-0.10258126606821868,2.7069978780022397,0.2986515197718653,0.6909908846298872,-0.5895499922649728,0.4688737518525846,0.12350605212134749,-0.11915377630320659,0.12029967371059494,,0.07391940220471721,0.03700822397686217,160,11,3,5,4,1,3,18.0,41.0,0.278,0.346
"Pereda, Jhonny",640902,2026,97,69,0.287,0.3,0.013,0.368,0.396,0.028,0.322,0.341,0.019,2.9,47.1,90.1,44.9,2.1,,,,,3.0,,8.2,19.6,80.4,31.9,21.7,0.343,24.6,82.4,80.5,39.1,13.0,42.0,17.4,21.7,0.46,0.78,2.0,11.0,8.0,87.0,25.0,1.0,0.0,0.351,0.368,0.081,0.719,0.287,0.0,1.0,19.0,8.0,,,0.096,0.351,0.081,0.719,2.0,11.0,8.0,87.0,25.0,19.0,8.0,2.15,101.9,0.523,"Pereda, Jhonny",Hitter,2026,0.4595919819671252,0.47472737455534536,1.6914118894486163,-0.1922913894019205,-0.0018078219858306507,0.34212732083564285,0.468743495294836,0.31607324245342006,0.33166902445928415,0.3847512927114628,,0.33044119897560986,0.3354185975834399,161,1,0,0,1,1,0,8.0,19.0,0.287,0.343
"Conforto, Michael",624424,2026,309,190,0.237,0.235,-0.002,0.466,0.435,-0.031,0.342,0.331,-0.011,11.6,42.1,90.4,38.9,7.1,,,,,15.0,,11.3,25.9,84.2,46.3,15.8,0.274,27.5,86.8,75.6,36.3,34.2,23.7,35.3,15.8,0.61,17.0,15.0,32.0,44.0,266.0,63.0,16.0,0.0,0.33,0.466,0.229,0.796,0.237,1.0,4.0,80.0,35.0,17.0,17.0,0.2,0.33,0.229,0.796,15.0,32.0,44.0,266.0,63.0,80.0,35.0,14.0,108.2,0.036,"Conforto, Michael",Hitter,2026,0.6328352273522667,0.5767281268534028,1.0999891035468459,0.6179594373984508,-0.37297720605827805,-0.25565637069483277,0.46838335567523065,0.43495678634480694,0.1345173607167805,0.5755876797036207,,0.6782904057676176,0.7350271699731777,162,16,0,1,4,4,0,35.0,80.0,0.237,0.274
"Winn, Masyn",691026,2026,532,361,0.232,0.245,0.013,0.317,0.329,0.012,0.283,0.297,0.014,3.3,34.9,88.3,33.0,2.3,47.0,48.0,85.0,51.0,80.0,99.0,9.0,21.8,85.0,29.9,27.4,0.292,24.0,86.9,78.4,44.0,21.1,26.6,16.6,27.4,2.77,0.77,5.0,54.0,56.0,470.0,109.0,21.0,2.0,0.308,0.317,0.085,0.625,0.232,10.0,7.0,116.0,48.0,0.77,,0.084,0.308,0.085,0.625,5.0,54.0,56.0,470.0,109.0,116.0,48.0,5.19,89.6,3.184,"Winn, Masyn",Hitter,2026,-0.14723820040566862,-0.12544432578241532,1.888752056998897,0.10916375463986656,2.0262860815393897,0.2318589969051399,0.4636034643323673,0.006678151094809671,0.16765793395560108,-0.06639703373519247,,-0.11599270814881339,-0.15168684761538115,163,21,2,10,7,7,0,48.0,116.0,0.232,0.292
"Campusano, Luis",669134,2026,245,161,0.268,0.24,-0.028,0.437,0.393,-0.044,0.355,0.327,-0.028,8.1,37.9,87.4,37.9,5.3,,,,,10.0,,11.8,21.2,84.8,41.6,15.5,0.32,29.1,86.7,76.0,37.3,24.2,24.8,27.3,15.5,1.77,0.9,8.0,23.0,30.0,213.0,57.0,12.0,0.0,0.363,0.437,0.169,0.8,0.268,0.0,0.0,52.0,29.0,,1.0,0.153,0.363,0.169,0.8,8.0,23.0,30.0,213.0,57.0,52.0,29.0,7.19,112.3,1.77,"Campusano, Luis",Hitter,2026,0.3592091261699485,0.23588647303151533,1.5526479751662392,0.4065471933678417,0.9485992045816063,-0.6237883379735433,0.46333993808970864,0.2682065595693031,-0.054321726562256645,0.4327027756524266,,0.415261137401193,0.432302909282731,164,12,0,0,3,0,0,29.0,52.0,0.268,0.32
"Bazzana, Travis",683953,2026,513,340,0.247,0.223,-0.024,0.411,0.343,-0.068,0.326,0.298,-0.028,5.0,36.4,87.7,29.4,3.3,52.0,75.0,67.0,52.0,74.0,42.0,10.9,20.9,86.2,38.8,17.9,0.29,26.9,88.0,78.3,41.5,28.5,20.3,22.4,17.9,2.54,0.78,15.0,56.0,57.0,445.0,110.0,21.0,2.0,0.337,0.411,0.164,0.748,0.243,19.0,5.0,106.0,56.0,,,0.12,0.337,0.164,0.748,15.0,56.0,57.0,445.0,110.0,107.0,56.0,12.52,103.2,2.886,"Bazzana, Travis",Hitter,2026,-0.0674493030424472,-0.13521745603782975,2.0620902240371284,0.5834370556179483,1.7991639532979333,-0.7053734497473414,0.462302325335143,0.07981012354223602,-0.14514308887834182,0.03083527919868085,,0.0721191157386432,0.04251186319499692,165,22,3,19,7,5,0,56.0,107.0,0.247,0.29
"Henderson, Gunnar",683002,2026,702,469,0.226,0.246,0.02,0.404,0.401,-0.003,0.314,0.322,0.008,7.7,43.3,89.2,32.6,5.1,45.0,56.0,45.0,53.0,72.0,76.0,9.5,22.2,85.6,42.6,16.0,0.263,30.4,87.7,79.0,44.1,26.0,23.2,26.7,16.0,3.33,8.5,24.0,88.0,60.0,623.0,141.0,27.0,6.0,0.311,0.404,0.178,0.715,0.226,10.0,2.0,156.0,67.0,0.782,,0.155,0.311,0.178,0.715,24.0,88.0,60.0,623.0,141.0,156.0,67.0,23.82,99.4,0.387,"Henderson, Gunnar",Hitter,2026,0.39355790377081584,0.2450585080320883,1.3091342086562756,0.7399015249139652,-0.10546087380072355,0.16781679409350556,0.46099212961393593,0.3596821684615454,0.24002527338521928,0.3326981906285482,,0.39027573470193394,0.3988300484456917,166,27,6,10,10,2,0,67.0,156.0,0.226,0.263
"Thomas, Lane",657041,2026,374,235,0.224,0.238,0.014,0.383,0.365,-0.018,0.313,0.311,-0.002,6.4,40.9,89.3,36.2,4.0,27.0,85.0,96.0,57.0,91.0,7.0,11.8,24.9,84.1,44.7,16.2,0.277,20.6,86.2,79.7,37.9,24.3,24.7,24.7,16.2,0.37,5.25,11.0,37.0,40.0,326.0,73.0,19.0,0.0,0.318,0.383,0.159,0.701,0.224,9.0,2.0,93.0,44.0,,7.825,0.127,0.318,0.159,0.701,11.0,37.0,40.0,326.0,73.0,93.0,44.0,10.48,99.1,0.069,"Thomas, Lane",Hitter,2026,0.12493442645017053,0.2382876577900445,2.515709489207658,0.2681741002553237,-0.34782609789731134,-0.01713917525557332,0.45997714927471034,0.2293398217375924,0.19483282619170658,0.19699394437773776,,0.26500182164850167,0.25320686293761113,167,19,0,9,2,2,0,44.0,93.0,0.224,0.277
"Urías, Luis",649966,2026,59,43,0.25,0.237,-0.013,0.481,0.351,-0.13,0.345,0.299,-0.046,7.0,30.2,86.2,41.9,5.1,,,,,16.0,,10.2,16.9,92.2,60.5,7.0,0.25,31.4,93.5,87.8,37.2,27.9,23.3,30.2,7.0,0.5,1.1,3.0,5.0,8.0,52.0,13.0,3.0,0.0,0.322,0.481,0.231,0.803,0.25,0.0,1.0,10.0,6.0,,1.1,0.114,0.322,0.231,0.803,3.0,5.0,8.0,52.0,13.0,10.0,6.0,2.19,109.2,0.417,"Urías, Luis",Hitter,2026,-0.006958261955913314,0.10014433457575445,3.3830218228764912,0.271821788014678,-0.08259623001802661,-1.0452934979296085,0.45372687026508446,-0.023907509373427376,-0.30694861528219397,0.1934136019697229,,0.10637064980165598,0.10280163168499672,168,3,0,0,0,1,0,6.0,10.0,0.25,0.25
"Devers, Rafael",646240,2026,633,401,0.258,0.238,-0.02,0.525,0.473,-0.052,0.367,0.342,-0.025,12.5,51.6,93.0,30.7,7.9,24.0,74.0,48.0,24.0,19.0,24.0,10.9,25.4,74.9,34.2,24.2,0.294,30.0,77.7,73.4,40.6,35.2,18.2,22.4,24.2,3.67,29.5,37.0,88.0,98.0,558.0,144.0,36.0,1.0,0.34,0.525,0.267,0.865,0.258,0.0,4.0,161.0,69.0,31.318,29.5,0.235,0.34,0.267,0.865,37.0,88.0,98.0,558.0,144.0,161.0,69.0,33.34,116.1,0.124,"Devers, Rafael",Hitter,2026,0.9113994221398852,0.6717468502642868,-0.3145431038948321,1.5072666845607825,-0.30590758429570025,-0.5819223845248053,0.4523247658056706,0.5201212776520518,-0.020132162151949393,0.6924199061734853,,0.8567093105308763,0.9437335159686184,169,36,1,0,2,4,0,69.0,161.0,0.258,0.294
"Vargas, Ildemaro",545121,2026,486,407,0.254,0.27,0.016,0.377,0.364,-0.013,0.297,0.298,0.001,3.2,35.0,87.4,30.5,2.7,98.0,10.0,7.0,93.0,40.0,76.0,5.6,10.1,92.0,40.3,12.8,0.267,39.0,92.5,86.9,43.7,20.9,26.3,24.6,12.8,1.27,0.78,9.0,62.0,67.0,453.0,115.0,19.0,5.0,0.298,0.377,0.123,0.675,0.255,3.0,2.0,47.0,27.0,,,0.094,0.298,0.123,0.675,9.0,62.0,67.0,453.0,115.0,49.0,27.0,8.69,94.0,1.443,"Vargas, Ildemaro",Hitter,2026,0.08679334771130656,-0.2177432196158622,2.2591994245653355,0.4048955111601306,0.6993745873502095,0.042034406357982196,0.4519048327342932,0.10977818510958323,0.056381466132241195,0.04829652767559663,,-0.05154161156679281,-0.08282219081761985,170,19,5,3,2,2,1,27.0,49.0,0.254,0.267
"Pratt, Cooper",806198,2026,262,185,0.281,0.265,-0.016,0.371,0.361,-0.01,0.319,0.314,-0.005,3.2,27.6,87.2,39.5,2.3,,,,,88.0,72.0,9.9,17.6,87.4,33.0,21.1,0.33,29.5,90.6,81.5,48.1,21.1,28.6,15.1,21.1,1.6,0.78,3.0,33.0,34.0,224.0,63.0,6.0,2.0,0.351,0.371,0.09,0.722,0.281,18.0,7.0,46.0,25.0,,,0.096,0.351,0.09,0.722,3.0,33.0,34.0,224.0,63.0,46.0,26.0,2.92,100.9,1.818,"Pratt, Cooper",Hitter,2026,0.12463916371691558,-0.14404106116034684,2.36332755060569,0.0988095555411609,0.9851826346339215,-0.213297675403038,0.4488606405422755,0.15669323799872814,0.04706258529343047,0.1841656108364504,,0.05936856077914844,0.03354735956312521,171,7,2,19,2,7,3,26.0,46.0,0.281,0.33
"Vilade, Ryan",668723,2026,276,180,0.247,0.253,0.006,0.432,0.425,-0.007,0.328,0.33,0.002,7.2,40.8,89.5,30.0,4.7,,,,,82.0,,9.4,23.6,83.1,35.0,16.7,0.288,27.4,86.2,79.2,40.6,29.4,20.0,22.8,16.7,0.74,0.78,11.0,28.0,43.0,243.0,60.0,8.0,2.0,0.324,0.432,0.185,0.756,0.245,3.0,3.0,65.0,26.0,,,0.172,0.324,0.185,0.756,11.0,28.0,43.0,243.0,60.0,65.0,26.0,10.82,103.8,0.841,"Vilade, Ryan",Hitter,2026,0.575934706672773,0.11281802162446249,1.2942589588465645,0.3999186000491079,0.2405574021107571,0.006746230614910989,0.44540427810000344,0.433966886192443,0.17387928918257917,0.38596071603779586,,0.46184135827625605,0.4850978681029687,172,8,2,3,3,3,1,26.0,65.0,0.247,0.288
"Mayo, Coby",691723,2026,454,275,0.228,0.235,0.007,0.461,0.478,0.017,0.328,0.336,0.008,13.5,47.3,91.3,34.5,8.1,7.0,32.0,38.0,19.0,61.0,34.0,7.9,30.4,83.4,50.9,14.2,0.279,31.3,84.6,72.1,34.5,35.3,20.0,34.9,14.2,1.11,0.76,24.0,64.0,63.0,412.0,94.0,18.0,3.0,0.297,0.461,0.233,0.758,0.228,4.0,1.0,138.0,36.0,0.76,,0.243,0.297,0.233,0.758,24.0,64.0,63.0,412.0,94.0,138.0,36.0,24.89,103.8,1.291,"Mayo, Coby",Hitter,2026,0.9188791990918463,0.6738341339897367,-0.8060887463935766,0.834615450322015,0.5835270588512115,0.16800917732526022,0.4439192557778218,0.5133359556225704,0.23053845346485408,0.6116789804673765,,0.800209407008569,0.9009642145219027,173,18,3,4,5,1,0,36.0,138.0,0.228,0.279
"Sogard, Nick",686765,2026,273,186,0.254,0.248,-0.006,0.386,0.352,-0.034,0.324,0.308,-0.016,4.8,28.0,86.6,37.1,3.3,,,,,54.0,83.0,11.0,20.5,87.8,44.6,14.5,0.313,24.7,89.5,81.0,38.7,23.1,28.0,25.3,14.5,1.16,0.78,5.0,28.0,19.0,236.0,60.0,14.0,1.0,0.34,0.386,0.132,0.726,0.254,1.0,1.0,56.0,30.0,,,0.104,0.34,0.132,0.726,5.0,28.0,19.0,236.0,60.0,56.0,30.0,4.56,102.5,1.318,"Sogard, Nick",Hitter,2026,0.037977227443518724,-0.14969966112634073,2.8126453020857975,0.09810124763156149,0.6041052382556389,-0.33459047130608877,0.4431178337881704,0.09089345655051684,-0.015456199199920348,0.14833816924853338,,0.053824249208655854,0.03270563618274966,174,14,1,1,1,1,5,30.0,56.0,0.254,0.313
"Bichette, Bo",666182,2026,691,511,0.261,0.281,0.02,0.392,0.424,0.032,0.31,0.331,0.021,6.5,41.9,89.6,37.4,4.8,68.0,19.0,5.0,80.0,19.0,51.0,7.1,18.2,89.9,26.4,29.0,0.296,40.8,91.5,82.9,46.6,24.1,27.0,15.1,29.0,0.8,42.0,18.0,76.0,78.0,633.0,165.0,25.0,2.0,0.313,0.392,0.131,0.705,0.261,2.0,7.0,125.0,48.0,17.583,17.583,0.143,0.313,0.131,0.705,18.0,76.0,78.0,633.0,165.0,126.0,49.0,19.47,98.1,0.019,"Bichette, Bo",Hitter,2026,0.5874326850124038,0.3030145705952938,0.8953063705352505,0.6476064933876683,-0.3859338375351396,0.4243639032400819,0.4427410215310918,0.3419885972345435,0.27401442796650416,0.4245753882803053,,0.35831473950909287,0.38936815582229956,175,25,2,2,2,7,0,49.0,126.0,0.261,0.296
"Rojas, Miguel",500743,2026,249,203,0.269,0.278,0.009,0.395,0.387,-0.008,0.306,0.308,0.002,4.9,35.5,87.1,36.5,4.1,,,,,19.0,84.0,6.0,10.4,91.0,35.5,17.7,0.28,32.8,91.8,84.5,43.8,23.2,24.1,21.2,17.7,0.62,5.5,4.0,22.0,23.0,223.0,60.0,16.0,0.0,0.312,0.395,0.126,0.707,0.268,1.0,7.0,26.0,14.0,4.0,5.0,0.109,0.312,0.126,0.707,4.0,22.0,23.0,223.0,60.0,26.0,15.0,3.92,96.8,0.111,"Rojas, Miguel",Hitter,2026,0.27082572571542946,0.010101529688170283,2.670624017915408,-0.016086406350719156,-0.31581559660153563,0.023217860759778147,0.438647605517019,0.2961084908615065,0.17485187166478028,0.22923658220151416,,0.17630663571870286,0.15347524889544525,176,16,0,1,2,7,2,15.0,26.0,0.269,0.28
"Feduccia, Hunter",676439,2026,246,158,0.225,0.24,0.015,0.319,0.372,0.053,0.29,0.315,0.025,7.6,38.2,89.4,36.7,4.9,,,,,37.0,,11.0,24.0,85.7,32.3,22.8,0.296,24.8,87.1,79.5,38.0,31.6,27.2,22.8,22.8,0.58,0.78,3.0,21.0,19.0,213.0,48.0,9.0,1.0,0.314,0.319,0.094,0.633,0.226,0.0,1.0,59.0,27.0,,,0.132,0.314,0.094,0.633,3.0,21.0,19.0,213.0,48.0,59.0,27.0,3.5,91.8,0.659,"Feduccia, Hunter",Hitter,2026,0.18425483681756025,0.2464117052171446,2.105298020147025,-0.24539603105997876,0.10184522982906226,0.5149718277099843,0.43601305436478055,0.2356689346073731,0.38403006245334587,0.26144466192152965,,0.24380794799869,0.248861225031862,177,9,1,0,1,1,4,27.0,59.0,0.225,0.296
"Arroyo, Michael",703197,2026,40,24,0.353,0.269,-0.084,0.5,0.39,-0.11,0.383,0.346,-0.037,4.2,29.2,88.5,29.2,2.9,,,,,75.0,,12.5,15.0,84.1,45.8,25.0,0.393,26.3,86.4,83.1,37.5,25.0,29.2,16.7,25.0,0.26,0.78,1.0,5.0,4.0,34.0,12.0,2.0,0.0,0.425,0.5,0.147,0.925,0.31,2.0,1.0,6.0,5.0,,,0.121,0.425,0.147,0.925,1.0,5.0,4.0,34.0,12.0,6.0,5.0,0.78,121.2,0.295,"Arroyo, Michael",Hitter,2026,0.42516078266729507,-0.30179356420071435,3.2933428053462763,0.32273158271374025,-0.17557911473432758,-1.3849553536005983,0.4322891942021907,0.21950285551104343,-0.3299000662691662,0.4701094659435434,,0.2544144551027802,0.26742907987752834,178,2,0,2,0,1,0,5.0,6.0,0.353,0.393
"Sheets, Gavin",657757,2026,417,274,0.211,0.23,0.019,0.388,0.379,-0.009,0.313,0.317,0.004,6.9,38.7,87.4,31.4,4.6,55.0,85.0,41.0,70.0,27.0,14.0,11.8,20.4,88.2,38.7,15.0,0.229,31.0,90.4,81.1,45.6,23.4,20.8,24.5,15.0,-0.25,4.5,16.0,46.0,47.0,361.0,76.0,15.0,0.0,0.312,0.388,0.177,0.7,0.211,4.0,2.0,84.0,49.0,1.6,,0.149,0.312,0.177,0.7,16.0,46.0,47.0,361.0,76.0,85.0,49.0,15.63,99.1,-0.054,"Sheets, Gavin",Hitter,2026,0.23018369441229086,0.03430164205862537,2.2719251011680086,0.40065493574138467,-0.44157113740636894,0.10365302296197498,0.43150144610676733,0.2756362012678982,0.20220701679502498,0.2907002463399885,,0.2836324734206784,0.2824380861252175,179,16,0,4,5,2,0,49.0,85.0,0.211,0.229
"Young, Jared",676724,2026,342,248,0.266,0.25,-0.016,0.429,0.4,-0.029,0.333,0.321,-0.012,7.7,46.8,90.4,30.2,5.6,66.0,22.0,64.0,48.0,52.0,33.0,7.3,18.4,82.3,42.7,13.7,0.305,27.5,86.0,78.1,48.0,23.4,21.8,24.2,13.7,1.55,1.15,9.0,46.0,39.0,308.0,82.0,17.0,3.0,0.33,0.429,0.163,0.759,0.266,3.0,3.0,63.0,25.0,,1.15,0.15,0.33,0.163,0.759,9.0,46.0,39.0,308.0,82.0,63.0,25.0,8.39,105.4,1.24,"Young, Jared",Hitter,2026,0.3856504458382256,0.28949308307128424,1.2371399937081486,0.45485230442500607,0.5446571644206267,-0.3521412361106984,0.4273616656247793,0.27532153348542054,0.031964428936552214,0.3117539085589566,,0.3768493481346931,0.3961302493674063,180,17,3,3,6,3,0,25.0,63.0,0.266,0.305
"Johnson, Daniel",669288,2026,17,11,0.143,0.28,0.137,0.143,0.32,0.177,0.23,0.341,0.111,0.0,45.5,92.7,18.2,0.0,,,,,,,11.8,17.6,92.9,45.5,0.0,0.182,28.1,92.9,78.3,54.5,9.1,18.2,27.3,0.0,-0.15,0.78,0.0,1.0,0.0,14.0,2.0,0.0,0.0,0.294,0.143,0.0,0.437,0.143,0.0,0.0,3.0,2.0,,,0.04,0.294,0.0,0.437,0.0,1.0,0.0,14.0,2.0,3.0,2.0,0.0,72.8,-0.17,"Johnson, Daniel",Hitter,2026,-0.023398243020195775,-0.300394415596582,3.0202870041422356,-1.0962874108371616,-0.5299810933661305,2.5764880006140993,0.42732218584619264,0.21572089106001086,1.110025010885496,0.10598529199245194,,-0.17326150621185235,-0.23225616722268372,181,0,0,0,1,0,0,2.0,3.0,0.143,0.182
"Lara, Luis",800325,2026,212,144,0.246,0.258,0.012,0.325,0.332,0.007,0.287,0.295,0.008,3.5,41.7,88.0,34.7,2.4,,,,,79.0,,8.5,21.7,88.0,30.6,23.6,0.315,24.5,89.6,84.9,50.7,14.6,30.6,16.0,23.6,1.06,0.78,1.0,25.0,26.0,191.0,47.0,8.0,2.0,0.311,0.325,0.079,0.636,0.246,3.0,2.0,45.0,18.0,,,0.074,0.311,0.079,0.636,1.0,25.0,26.0,191.0,47.0,46.0,18.0,1.02,90.8,1.205,"Lara, Luis",Hitter,2026,-0.12943107583322122,0.06133308346332846,2.7309498726311094,-0.22399078528716498,0.517981746674147,0.15739303934356091,0.4234901894377228,0.06907992439011723,0.19176732145645858,-0.06608440989424003,,-0.05072964672674054,-0.09818999782949037,182,8,2,3,1,2,0,18.0,46.0,0.246,0.315
"Ortiz, Joey",687401,2026,415,298,0.27,0.243,-0.027,0.402,0.346,-0.056,0.321,0.297,-0.024,4.0,37.6,89.2,29.2,2.9,59.0,42.0,30.0,76.0,91.0,99.0,8.4,19.8,90.7,32.9,22.1,0.319,32.8,91.8,81.9,50.3,20.1,23.2,16.1,22.1,2.59,0.776,9.0,49.0,47.0,371.0,100.0,14.0,4.0,0.328,0.402,0.132,0.73,0.27,9.0,5.0,82.0,35.0,0.776,,0.103,0.328,0.132,0.73,9.0,49.0,47.0,371.0,100.0,82.0,35.0,7.75,101.6,2.957,"Ortiz, Joey",Hitter,2026,-0.04244524512537365,-0.11411600034285008,1.861418357951087,0.3768243917133373,1.8532769435836494,-0.6418532934040063,0.42344426611771446,0.010557813874530187,-0.1771557377700143,-0.02652645423932449,,-0.01583206935702919,-0.0401839633415313,183,14,4,9,0,5,4,35.0,82.0,0.27,0.319
"Walton, Donovan",622268,2026,266,183,0.263,0.247,-0.016,0.452,0.377,-0.075,0.365,0.326,-0.039,4.9,32.2,87.0,38.8,3.4,,,,,25.0,4.0,10.5,16.9,83.6,48.6,18.6,0.293,28.7,86.1,76.1,43.7,27.3,25.7,30.6,18.6,1.51,0.78,9.0,36.0,32.0,228.0,60.0,14.0,1.0,0.361,0.452,0.189,0.813,0.268,3.0,0.0,44.0,28.0,,,0.13,0.361,0.189,0.813,9.0,36.0,32.0,228.0,60.0,45.0,28.0,7.51,115.5,1.716,"Walton, Donovan",Hitter,2026,0.25945637217381745,-0.0019949030888400943,1.6936726887878306,0.5901554091326,0.9074428457727519,-0.7630323768296062,0.4214803740080655,0.21987496998703202,-0.1549362243515872,0.3413337121220995,,0.2898397199318538,0.2790927764495258,184,14,1,3,7,0,3,28.0,45.0,0.263,0.293
"Arozarena, Randy",668227,2026,666,427,0.281,0.259,-0.022,0.483,0.42,-0.063,0.378,0.349,-0.029,8.0,43.4,90.8,35.8,5.1,51.0,65.0,45.0,38.0,41.0,12.0,10.2,21.6,77.1,35.6,22.5,0.333,30.4,79.2,75.9,48.5,23.9,23.2,19.2,22.5,5.61,15.65,26.0,112.0,77.0,569.0,160.0,32.0,2.0,0.38,0.483,0.202,0.863,0.28,25.0,4.0,141.0,68.0,11.3,11.3,0.161,0.38,0.202,0.863,26.0,112.0,77.0,569.0,160.0,144.0,68.0,22.61,119.6,0.356,"Arozarena, Randy",Hitter,2026,0.6179132508708355,0.3875251179744456,0.360997326080425,1.4213121112132525,-0.1290876723761771,-0.675940766167438,0.4188269080522881,0.397199481210381,-0.07594704081986572,0.5710781973080231,,0.5763855987609201,0.6004958672968148,185,33,2,26,25,4,0,68.0,144.0,0.281,0.333
"Donovan, Brendan",680977,2026,159,115,0.277,0.25,-0.027,0.409,0.344,-0.065,0.349,0.314,-0.035,2.6,27.8,85.7,34.8,1.9,,,,,13.0,,9.4,14.5,90.9,34.8,13.0,0.313,25.3,93.0,85.3,47.8,20.0,25.2,15.7,13.0,0.5,5.8,3.0,12.0,15.0,137.0,38.0,7.0,1.0,0.371,0.409,0.132,0.78,0.277,1.0,1.0,23.0,15.0,2.85,2.85,0.094,0.371,0.132,0.78,3.0,12.0,15.0,137.0,38.0,23.0,15.0,2.52,110.4,0.085,"Donovan, Brendan",Hitter,2026,0.011326540145574632,-0.32875215462641005,3.8017568633336234,0.13043818728535608,-0.3356316212132063,-0.764755126277544,0.41687178695488347,0.1256147744603517,-0.1461979362957775,0.13315400501325944,,0.05406053609254449,0.011130808954443667,186,7,1,1,6,1,0,15.0,23.0,0.277,0.313
"Grichuk, Randal",545341,2026,277,201,0.286,0.28,-0.006,0.557,0.478,-0.079,0.372,0.336,-0.036,10.9,49.8,91.5,38.3,8.1,,,,,48.0,,4.0,22.0,86.5,43.3,21.9,0.321,36.1,88.5,78.1,35.8,29.9,26.4,28.4,21.9,1.4,2.344,14.0,40.0,44.0,262.0,75.0,25.0,2.0,0.314,0.557,0.271,0.871,0.291,0.0,3.0,60.0,10.0,2.344,2.0,0.198,0.314,0.271,0.871,14.0,40.0,44.0,262.0,75.0,61.0,11.0,12.01,117.7,0.573,"Grichuk, Randal",Hitter,2026,0.941431262215203,0.7248610688347576,-0.28294491315505804,0.9446031807541587,0.03629991765199757,-0.6888667778793286,0.41432208343788424,0.535635160145965,-0.0933151461026131,0.582957163144701,,0.7864129614858558,0.8450351242503403,187,25,2,0,1,3,0,11.0,61.0,0.286,0.321
"Conine, Griffin",665052,2026,319,183,0.264,0.254,-0.01,0.486,0.491,0.005,0.366,0.363,-0.003,15.3,48.6,90.9,39.3,8.9,,,,,33.0,,10.7,29.2,75.5,42.1,14.2,0.331,33.4,78.0,65.0,42.6,26.2,23.0,30.6,14.2,2.1,0.78,18.0,44.0,42.0,280.0,74.0,8.0,0.0,0.354,0.486,0.222,0.84,0.261,4.0,0.0,93.0,34.0,,,0.237,0.354,0.222,0.84,18.0,44.0,42.0,280.0,74.0,93.0,34.0,18.19,115.8,2.386,"Conine, Griffin",Hitter,2026,1.1089019811662744,0.8884737531904616,-1.9561560818465227,0.7960842133546566,1.4180865569196508,-0.0878235021212622,0.41393577113571994,0.6662882512630667,0.20927477419437668,0.924841276004407,,1.000204089987969,1.0927016722758585,188,8,0,4,5,0,0,34.0,93.0,0.264,0.331
"Gonzales, Nick",693304,2026,604,449,0.302,0.28,-0.022,0.388,0.384,-0.004,0.338,0.325,-0.013,3.1,33.9,86.4,34.3,2.3,80.0,21.0,39.0,58.0,87.0,2.0,7.1,16.4,85.3,36.3,23.6,0.359,31.2,88.2,79.7,51.9,21.4,23.8,14.3,23.6,1.56,0.775,6.0,71.0,61.0,547.0,165.0,27.0,1.0,0.366,0.388,0.086,0.754,0.302,7.0,1.0,99.0,43.0,0.775,,0.104,0.366,0.086,0.754,6.0,71.0,61.0,547.0,165.0,99.0,43.0,5.94,107.0,1.783,"Gonzales, Nick",Hitter,2026,0.31586847506566484,-0.173814090580039,1.4169035675851491,0.5753304793098631,0.9585072168874416,-0.2874496814129654,0.41014516123210787,0.187487335497831,-0.03689682184449773,0.22871697112613826,,0.11332281834189656,0.10223904521753267,189,27,1,7,13,1,0,43.0,99.0,0.302,0.359
"Pederson, Joc",592626,2026,432,275,0.235,0.242,0.007,0.487,0.445,-0.042,0.352,0.343,-0.009,11.3,50.9,92.1,30.5,7.2,37.0,78.0,47.0,17.0,6.0,,11.3,23.6,78.7,42.9,18.9,0.249,30.1,81.4,72.4,41.1,31.3,20.7,27.3,18.9,1.71,21.25,26.0,56.0,53.0,374.0,88.0,12.0,2.0,0.329,0.487,0.252,0.816,0.235,2.0,3.0,102.0,49.0,18.5,15.75,0.203,0.329,0.252,0.816,26.0,56.0,53.0,374.0,88.0,102.0,49.0,23.76,111.4,0.08,"Pederson, Joc",Hitter,2026,0.7428418529912164,0.5777327491553202,0.16384587353611813,0.9193678162190442,-0.33944239517698915,-0.2279171319376241,0.4070031138306811,0.5480234983680364,0.15984180746252546,0.6371925124997928,,0.7592328006470597,0.8048502905047196,190,12,2,2,5,3,0,49.0,102.0,0.235,0.249
"Baty, Brett",683146,2026,469,295,0.238,0.243,0.005,0.375,0.413,0.038,0.308,0.322,0.014,10.2,41.7,90.3,36.6,6.5,19.0,56.0,56.0,22.0,35.0,77.0,9.4,26.2,81.0,35.3,24.4,0.307,28.9,83.4,73.0,39.7,28.8,26.4,20.7,24.4,1.73,0.774,11.0,53.0,56.0,416.0,99.0,22.0,1.0,0.312,0.375,0.137,0.687,0.24,5.0,5.0,122.0,44.0,0.774,,0.17,0.312,0.137,0.687,11.0,53.0,56.0,416.0,99.0,123.0,44.0,12.11,97.5,1.979,"Baty, Brett",Hitter,2026,0.46673344644667036,0.4484772685694084,0.00784178703216698,0.3740750521618193,1.1078895562677284,0.2945274435436333,0.40390804118578344,0.32736983733271363,0.26842189396321114,0.3978385930521922,,0.44230144717919,0.47995808409507,191,22,1,5,3,5,0,44.0,123.0,0.238,0.307
"Larnach, Trevor",663616,2026,433,305,0.269,0.259,-0.01,0.436,0.394,-0.042,0.347,0.327,-0.02,7.5,36.7,87.7,38.0,5.3,68.0,66.0,50.0,35.0,31.0,12.0,10.4,18.2,86.0,44.6,13.8,0.309,29.7,86.9,74.7,39.0,23.6,28.5,27.9,13.8,1.41,4.475,13.0,57.0,48.0,383.0,103.0,23.0,1.0,0.352,0.436,0.167,0.788,0.269,2.0,0.0,79.0,45.0,2.1,2.1,0.135,0.352,0.167,0.788,13.0,57.0,48.0,383.0,103.0,79.0,45.0,11.75,109.8,0.308,"Larnach, Trevor",Hitter,2026,0.3749543595068167,0.1972197366511524,1.5083226509784469,0.6626093136272417,-0.16567110242849223,-0.42893066034281824,0.3993621556206569,0.26127784494248424,0.0012590035288665563,0.42577546149732426,,0.34990499946469794,0.36076080322319865,192,23,1,2,4,0,1,45.0,79.0,0.269,0.309
"Rave, John",670231,2026,161,103,0.232,0.237,0.005,0.43,0.394,-0.036,0.329,0.317,-0.012,10.7,35.9,87.9,31.1,7.0,,,,,88.0,,10.6,23.6,83.3,43.7,9.7,0.276,27.0,86.8,78.5,45.6,25.2,18.4,28.2,9.7,1.07,0.78,6.0,26.0,13.0,142.0,33.0,8.0,1.0,0.314,0.43,0.198,0.744,0.232,8.0,0.0,37.0,17.0,,,0.157,0.314,0.198,0.744,6.0,26.0,13.0,142.0,33.0,38.0,17.0,5.5,104.1,1.216,"Rave, John",Hitter,2026,0.3270405600587997,0.13672578198821067,1.4885598046980522,0.23327555763370303,0.5263654493944692,-0.23683982509662868,0.3963331631918894,0.21979156524105398,0.024273967437345053,0.3601915172904401,,0.31719544899351987,0.339070970159736,193,8,1,8,0,0,2,17.0,38.0,0.232,0.276
"Ross, Shawn",676566,2026,5,3,0.2,0.226,0.026,0.8,0.84,0.04,0.41,0.428,0.018,33.3,33.3,85.5,33.3,20.0,,,,,,,0.0,40.0,71.4,66.7,0.0,0.0,27.3,71.4,50.0,33.3,66.7,0.0,33.3,0.0,0.05,0.78,1.0,1.0,2.0,5.0,1.0,0.0,0.0,0.2,0.8,0.6,1.0,0.2,0.0,0.0,2.0,0.0,,,0.614,0.2,0.6,1.0,1.0,1.0,2.0,5.0,1.0,2.0,0.0,1.05,129.7,0.057,"Ross, Shawn",Hitter,2026,3.5065584818104636,0.9944056339115632,-6.098096032516048,1.4654798222343697,-0.3569719554103902,0.4806841158723511,0.3929995317388731,1.4165510477722119,0.24596493885323462,2.1162549073555827,,2.385414777448363,2.8514761391165515,194,0,0,0,0,0,0,0.0,2.0,0.2,0.0
"Butler, Lawrence",671732,2026,535,331,0.235,0.246,0.011,0.393,0.401,0.008,0.32,0.328,0.008,8.8,45.2,89.8,30.8,5.4,20.0,80.0,82.0,33.0,30.0,2.0,11.4,25.8,78.6,36.6,20.5,0.295,24.6,82.4,76.4,51.7,21.8,21.8,17.5,20.5,0.44,3.429,17.0,64.0,62.0,468.0,110.0,19.0,2.0,0.325,0.393,0.158,0.718,0.237,10.0,2.0,138.0,61.0,2.678,2.929,0.155,0.325,0.158,0.718,17.0,64.0,62.0,468.0,110.0,138.0,61.0,17.35,101.3,0.125,"Butler, Lawrence",Hitter,2026,0.41569091159010807,0.29966026445658006,1.027637712397297,0.595537241893629,-0.3051454295029437,0.15494800435312348,0.3923112814174999,0.3505569213593498,0.24262632462293876,0.38306140327536964,,0.4157647711952227,0.431525076834889,195,19,2,10,2,2,2,61.0,138.0,0.235,0.295
"Joe, Connor",656582,2026,45,24,0.179,0.257,0.078,0.308,0.397,0.089,0.274,0.337,0.063,8.3,45.8,92.5,41.7,4.4,,,,,39.0,,13.3,33.3,81.4,41.7,29.2,0.261,24.3,81.4,75.3,33.3,33.3,29.2,25.0,29.2,0.04,1.0,1.0,2.0,3.0,39.0,7.0,2.0,0.0,0.289,0.308,0.129,0.597,0.179,2.0,0.0,15.0,6.0,,1.0,0.14,0.289,0.129,0.597,1.0,2.0,3.0,39.0,7.0,15.0,6.0,1.29,86.7,0.036,"Joe, Connor",Hitter,2026,0.4295101453433964,0.6514248219381678,0.802442510842536,-0.46917127922494845,-0.37297720605827805,1.4038055595181949,0.39073602081211245,0.4408262261999593,0.7741429408878275,0.4325328887219555,,0.4575425577577082,0.4706013972586304,196,2,0,2,0,0,0,6.0,15.0,0.179,0.261
"Springer, George",543807,2026,515,368,0.248,0.238,-0.01,0.402,0.38,-0.022,0.319,0.306,-0.013,6.5,38.6,88.6,30.2,4.7,67.0,50.0,78.0,53.0,35.0,,9.1,18.3,85.4,42.4,15.5,0.28,25.3,87.5,78.7,45.1,25.8,22.3,22.0,15.5,0.54,24.167,15.0,59.0,54.0,460.0,114.0,22.0,2.0,0.32,0.402,0.154,0.722,0.248,12.0,2.0,94.0,47.0,24.216,24.167,0.142,0.32,0.154,0.722,15.0,59.0,54.0,460.0,114.0,94.0,47.0,14.18,100.9,0.022,"Springer, George",Hitter,2026,0.1998390202058582,0.018150704274074232,2.1627659247185687,0.5092953826960861,-0.3836473731568699,-0.2855188370483807,0.3874824709979525,0.2103339238874341,0.04013469211287912,0.18615583959607745,,0.2307195144964428,0.23212776679435607,197,22,2,12,3,2,0,47.0,94.0,0.248,0.28
"Palacios, Richie",680700,2026,395,274,0.238,0.244,0.006,0.378,0.334,-0.044,0.316,0.306,-0.01,4.0,28.8,86.4,32.8,2.8,74.0,82.0,31.0,70.0,30.0,8.0,11.6,17.2,85.1,38.3,15.3,0.268,32.5,87.7,81.3,41.6,20.4,27.0,19.7,15.3,1.9,0.945,10.0,51.0,57.0,341.0,81.0,13.0,2.0,0.333,0.378,0.14,0.711,0.234,17.0,2.0,67.0,45.0,,,0.09,0.333,0.14,0.711,10.0,51.0,57.0,341.0,81.0,68.0,46.0,8.84,100.0,1.818,"Palacios, Richie",Hitter,2026,-0.08342358998888334,-0.2832153505777354,2.1051706250883795,0.42826772773852423,0.9851826346339215,-0.25150217919680706,0.3758848308549791,0.055845845552292106,-0.02688283305142535,0.10138065178900346,,-0.06188215435234205,-0.10867884929096933,198,14,2,17,4,2,2,46.0,68.0,0.238,0.268
"Lee, Brooks",686797,2026,627,481,0.253,0.231,-0.022,0.43,0.351,-0.079,0.317,0.277,-0.04,4.2,33.7,88.1,31.8,3.2,80.0,12.0,21.0,72.0,24.0,67.0,5.9,16.3,89.5,42.2,17.5,0.268,35.2,91.6,81.7,39.5,30.1,23.1,26.4,17.5,2.56,0.764,24.0,72.0,83.0,582.0,147.0,24.0,3.0,0.3,0.43,0.177,0.73,0.253,8.0,3.0,101.0,37.0,0.764,,0.12,0.3,0.177,0.73,24.0,72.0,83.0,582.0,147.0,102.0,37.0,19.59,100.3,2.963,"Lee, Brooks",Hitter,2026,-0.09111956570976548,-0.15077714520645338,1.362490170868988,0.80597560288655,1.8578498723401888,-0.8308204371484175,0.3750374891137759,-0.03394896290034698,-0.31378708351891077,-0.12488110681904885,,-0.044910206960965135,-0.06832325137719567,199,25,3,8,4,3,1,37.0,102.0,0.253,0.268
"Collins, Isaac",686555,2026,515,323,0.212,0.218,0.006,0.321,0.302,-0.019,0.295,0.292,-0.003,5.0,39.0,88.0,29.1,3.1,40.0,87.0,92.0,66.0,54.0,25.0,12.2,23.3,88.2,39.0,18.9,0.275,21.8,90.6,80.9,40.9,25.7,22.9,22.3,18.9,0.52,0.761,6.0,47.0,40.0,439.0,93.0,24.0,3.0,0.318,0.321,0.109,0.639,0.214,8.0,3.0,118.0,63.0,0.761,,0.084,0.318,0.109,0.639,6.0,47.0,40.0,439.0,93.0,120.0,63.0,5.64,93.4,0.604,"Collins, Isaac",Hitter,2026,-0.3472413919516023,-0.08009123292348186,3.1099741044667444,0.08820122291138899,0.05992671622745112,-0.0852490429684822,0.37436547186001995,0.04173677319402046,0.14249568426901107,-0.08776790363522637,,-0.05686132048062598,-0.12321895240533699,200,24,3,8,7,3,3,63.0,120.0,0.212,0.275
"Seigler, Anthony",678011,2026,173,126,0.247,0.241,-0.006,0.4,0.37,-0.03,0.321,0.312,-0.009,5.6,34.9,86.9,37.3,4.0,,,,,11.0,17.0,10.4,16.2,82.9,34.9,30.4,0.281,26.4,84.8,79.2,42.4,30.4,23.2,20.0,30.4,0.48,0.78,3.0,21.0,13.0,150.0,37.0,12.0,1.0,0.327,0.4,0.153,0.727,0.247,2.0,2.0,28.0,18.0,,,0.129,0.327,0.153,0.727,3.0,21.0,13.0,150.0,37.0,28.0,18.0,2.78,101.6,0.545,"Seigler, Anthony",Hitter,2026,0.1612429876077534,0.04132874983658788,2.279088994594627,0.057561206002181196,0.014959583454813803,-0.264270849400089,0.37414290036424963,0.16571405332112196,0.04628326958145534,0.25936369567470363,,0.19478019005907143,0.19457036817192322,201,12,1,2,1,2,2,18.0,28.0,0.247,0.281
"Rodriguez, Emmanuel",691181,2026,48,29,0.178,0.251,0.073,0.4,0.534,0.134,0.271,0.354,0.083,20.7,48.3,90.6,44.8,12.5,,,,,65.0,,6.2,33.3,80.7,44.8,24.1,0.222,33.3,80.7,66.7,31.0,31.0,27.6,20.7,24.1,0.64,0.78,2.0,3.0,5.0,45.0,8.0,2.0,1.0,0.229,0.4,0.222,0.629,0.178,0.0,0.0,16.0,3.0,,,0.283,0.229,0.222,0.629,2.0,3.0,5.0,45.0,8.0,16.0,3.0,2.67,85.8,0.727,"Rodriguez, Emmanuel",Hitter,2026,1.341798797119282,1.2374430626789026,-2.439134951265708,-0.22975375810041268,0.15367175573650865,1.7230153782053605,0.3702737188048699,0.86445020603032,0.9373489852166985,1.000763084565831,,1.1354047829161809,1.2733240960057375,202,2,1,0,0,0,0,3.0,16.0,0.178,0.222
"Naylor, Josh",647304,2026,646,512,0.261,0.271,0.01,0.349,0.383,0.034,0.298,0.312,0.014,4.5,35.9,87.1,35.5,3.6,94.0,19.0,10.0,85.0,1.0,78.0,7.0,12.2,90.1,40.8,16.2,0.287,38.2,91.1,83.9,45.3,20.9,24.6,21.9,16.2,0.03,11.3,10.0,58.0,56.0,593.0,155.0,22.0,0.0,0.318,0.349,0.088,0.667,0.263,29.0,2.0,79.0,44.0,10.9,10.9,0.112,0.318,0.088,0.667,10.0,58.0,56.0,593.0,155.0,79.0,45.0,10.97,94.3,0.003,"Naylor, Josh",Hitter,2026,0.2571799610366316,-0.02388719998763031,1.888444086811339,0.2362214167896067,-0.39812831421924466,0.31132088108259826,0.3695366324881091,0.25510507591162584,0.23523678505594617,0.22954489764847127,,0.13133315468638357,0.11448744102164138,203,22,0,30,5,2,0,45.0,79.0,0.261,0.287
"Monasterio, Andruw",655316,2026,344,248,0.235,0.231,-0.004,0.374,0.354,-0.02,0.296,0.289,-0.007,6.5,31.5,87.5,36.3,4.7,61.0,26.0,69.0,81.0,44.0,1.0,7.6,19.5,89.0,36.3,22.2,0.278,26.6,90.5,83.0,33.5,31.0,23.8,19.8,22.2,0.55,0.78,6.0,35.0,42.0,310.0,73.0,23.0,1.0,0.297,0.374,0.139,0.671,0.235,4.0,4.0,67.0,26.0,,,0.123,0.297,0.139,0.671,6.0,35.0,42.0,310.0,73.0,67.0,26.0,5.68,93.7,0.625,"Monasterio, Andruw",Hitter,2026,-0.028183796683494928,-0.0025952451533506476,2.436334729053596,0.12873377193343422,0.075931966875339,-0.1896911793610594,0.3658193556979386,0.06386035175126673,0.030088701299014635,0.02947328701552738,,0.049899526315105996,0.03876058159198623,204,23,1,4,3,4,1,26.0,67.0,0.235,0.278
"Buxton, Byron",621439,2026,408,272,0.254,0.248,-0.006,0.511,0.488,-0.023,0.355,0.343,-0.012,15.8,46.7,90.2,32.4,10.5,28.0,24.0,22.0,12.0,97.0,84.0,7.4,24.5,83.5,48.2,14.3,0.279,34.4,85.1,70.9,33.5,33.1,21.0,33.1,14.3,3.37,15.143,25.0,65.0,46.0,370.0,94.0,18.0,1.0,0.319,0.511,0.257,0.83,0.254,7.0,2.0,100.0,30.0,16.142,15.143,0.24,0.319,0.257,0.83,25.0,65.0,46.0,370.0,94.0,100.0,30.0,23.87,112.3,0.221,"Buxton, Byron",Hitter,2026,1.0134485932978334,0.6695910991785877,-0.7998898963010839,0.9652139129207442,-0.23197856939831343,-0.25459868481788545,0.3634212452315051,0.5431040723231831,0.07765176109447351,0.7666388273492165,,0.858854170376354,0.9593840660114819,205,18,1,7,6,2,0,30.0,100.0,0.254,0.279
"Grissom, Vaughn",687093,2026,470,337,0.243,0.245,0.002,0.389,0.382,-0.007,0.31,0.311,0.001,6.8,35.9,87.6,32.9,4.9,70.0,17.0,42.0,63.0,37.0,2.0,6.6,18.3,87.4,39.5,20.1,0.273,30.8,89.9,80.5,45.0,24.9,24.3,20.7,20.1,0.6,0.78,13.0,47.0,71.0,419.0,102.0,22.0,0.0,0.31,0.389,0.146,0.699,0.244,1.0,6.0,84.0,31.0,,,0.137,0.31,0.146,0.699,13.0,47.0,71.0,419.0,102.0,86.0,31.0,12.77,98.1,0.682,"Grissom, Vaughn",Hitter,2026,0.234237794355137,0.016152232444347842,1.4761205986786317,0.46631149072948785,0.11937479006246327,-0.02874218420236128,0.36221796907488196,0.2531275996993124,0.11973020584234188,0.1985243989469181,,0.21482531209771144,0.20637421955621044,206,22,0,1,12,6,1,31.0,86.0,0.243,0.273
"Rocchio, Brayan",677587,2026,592,454,0.253,0.246,-0.007,0.391,0.348,-0.043,0.304,0.294,-0.01,2.9,29.6,87.0,34.8,2.2,86.0,16.0,28.0,61.0,48.0,97.0,6.4,14.4,86.6,42.7,15.2,0.274,33.4,87.8,79.4,41.9,25.3,25.6,23.6,15.2,2.35,0.771,15.0,66.0,73.0,534.0,135.0,24.0,2.0,0.313,0.391,0.138,0.704,0.249,20.0,4.0,85.0,38.0,0.771,,0.102,0.313,0.138,0.704,15.0,66.0,73.0,534.0,135.0,85.0,38.0,13.35,96.2,2.698,"Rocchio, Brayan",Hitter,2026,-0.03956177590167183,-0.2424031355167339,1.324502308915824,0.5503367035641141,1.655878852259699,-0.3381067851138229,0.35463198750781355,0.016545404333136872,-0.09773827884872414,-0.019708512179602136,,-0.08390221313009281,-0.11206139995776598,207,25,2,20,11,4,5,38.0,85.0,0.253,0.274
"McKinstry, Zach",656716,2026,420,305,0.201,0.232,0.031,0.296,0.312,0.016,0.265,0.284,0.019,2.0,22.6,85.8,37.0,1.4,80.0,61.0,61.0,87.0,62.0,93.0,10.0,16.2,90.7,39.3,23.6,0.235,28.2,93.5,85.9,40.3,27.9,26.6,21.3,23.6,1.47,4.2,4.0,42.0,26.0,368.0,74.0,15.0,4.0,0.29,0.296,0.095,0.586,0.201,3.0,2.0,68.0,42.0,1.65,1.65,0.08,0.29,0.095,0.586,4.0,42.0,26.0,368.0,74.0,68.0,42.0,4.22,83.9,0.342,"McKinstry, Zach",Hitter,2026,-0.30750336033554904,-0.4022125816772212,3.446502992717396,-0.22275073669066625,-0.139757839474769,0.4135475261841806,0.35362345065561906,-0.014576570747275861,0.22819564548095056,-0.11620523585348237,,-0.23804428992510443,-0.29477501845996906,208,15,4,3,5,2,3,42.0,68.0,0.201,0.235
"Vivas, Jorbit",678391,2026,364,264,0.238,0.237,-0.001,0.322,0.31,-0.012,0.299,0.293,-0.006,3.0,21.6,82.9,34.5,2.2,85.0,78.0,54.0,83.0,41.0,86.0,11.3,14.6,90.9,38.3,21.6,0.274,29.1,92.0,82.8,44.3,22.0,26.9,17.8,21.6,0.96,0.78,3.0,32.0,31.0,311.0,74.0,15.0,1.0,0.331,0.322,0.084,0.653,0.239,2.0,4.0,53.0,41.0,,,0.073,0.331,0.084,0.653,3.0,32.0,31.0,311.0,74.0,53.0,41.0,2.89,94.6,1.091,"Vivas, Jorbit",Hitter,2026,-0.2842445660735843,-0.5286239598137165,3.404391560829174,-0.0791859895550077,0.4310961002998985,-0.124669961426783,0.35263751609729715,-0.023703971995499607,0.027152775238362504,-0.017971120385221098,,-0.22619152932323164,-0.2890254406133571,209,15,1,2,4,4,3,41.0,53.0,0.238,0.274
"Lukes, Nathan",664770,2026,450,351,0.277,0.258,-0.019,0.387,0.349,-0.038,0.318,0.293,-0.025,2.6,29.3,87.0,30.8,2.0,87.0,9.0,24.0,89.0,38.0,80.0,5.6,14.2,86.7,31.6,21.4,0.306,34.1,89.1,86.4,53.6,19.7,22.2,17.4,21.4,2.28,0.766,10.0,48.0,41.0,408.0,113.0,15.0,0.0,0.327,0.387,0.11,0.714,0.279,1.0,3.0,64.0,24.0,0.766,,0.091,0.327,0.11,0.714,10.0,48.0,41.0,408.0,113.0,64.0,25.0,9.02,100.6,2.633,"Lukes, Nathan",Hitter,2026,-0.031013475909430002,-0.36519417062155135,1.884915438916221,0.260410219689379,1.6063387907305222,-0.5109534107327073,0.3505451836889537,-0.053033599563923894,-0.2322064892649197,-0.06350016329216783,,-0.1604029321816283,-0.1889342985508216,210,15,0,1,7,3,7,25.0,64.0,0.277,0.306
"Harris II, Michael",671739,2026,621,473,0.294,0.289,-0.005,0.491,0.475,-0.016,0.345,0.341,-0.004,10.1,47.6,90.6,31.3,7.8,63.0,2.0,1.0,46.0,55.0,97.0,3.7,19.2,89.1,35.7,19.5,0.33,45.1,91.9,78.2,45.0,23.0,26.0,22.4,19.5,4.77,8.0,26.0,79.0,87.0,591.0,174.0,34.0,1.0,0.321,0.491,0.197,0.812,0.29,12.0,3.0,118.0,23.0,8.0,8.0,0.186,0.321,0.197,0.812,26.0,79.0,87.0,591.0,174.0,119.0,23.0,25.15,109.2,0.589,"Harris II, Michael",Hitter,2026,0.9457160946349313,0.4384516655531161,-0.8583858297036397,1.0999231327599714,0.04849439433610263,-0.15612575306592577,0.34958681635482347,0.5229211505266776,0.06040398206309133,0.5725392305561482,,0.6279805890068205,0.6824707182749454,211,36,1,12,2,3,2,23.0,119.0,0.294,0.33
"Caratini, Victor",605170,2026,382,253,0.22,0.224,0.004,0.315,0.357,0.042,0.284,0.307,0.023,6.3,38.3,89.4,36.4,4.2,54.0,48.0,74.0,57.0,2.0,,8.9,20.9,88.3,37.5,19.8,0.262,25.9,89.8,78.8,45.8,22.1,26.1,20.9,19.8,0.03,7.0,7.0,28.0,44.0,327.0,72.0,9.0,0.0,0.312,0.315,0.095,0.627,0.22,0.0,8.0,78.0,34.0,6.05,6.0,0.133,0.312,0.095,0.627,7.0,28.0,44.0,327.0,72.0,80.0,34.0,7.93,89.9,0.004,"Caratini, Victor",Hitter,2026,0.053376881453990416,0.18765640278186263,2.0883194819675768,-0.0844811324625477,-0.3973661594264881,0.37270421688924404,0.3489850590919001,0.22983864061971496,0.35687373048373616,0.1457529043630956,,0.2097228289841618,0.19841134263186,212,10,0,0,13,8,0,34.0,80.0,0.22,0.262
"Bateman, Brett",703520,2026,177,120,0.325,0.259,-0.066,0.422,0.328,-0.094,0.359,0.304,-0.055,1.7,20.0,84.6,33.3,1.2,,,,,86.0,,10.2,19.2,92.0,33.3,21.7,0.403,28.7,93.0,85.6,60.8,12.5,25.8,13.3,21.7,1.83,0.78,2.0,27.0,11.0,154.0,50.0,6.0,1.0,0.4,0.422,0.097,0.822,0.318,3.0,1.0,34.0,17.0,,,0.069,0.4,0.097,0.822,2.0,27.0,11.0,154.0,50.0,34.0,18.0,1.55,113.6,2.08,"Bateman, Brett",Hitter,2026,-0.12062341166290103,-0.5989916589274419,3.2207704210208776,0.1935717939376108,1.1848671903361416,-1.3194578369737247,0.3487380828788013,-0.12072428207310701,-0.49116720551479864,-0.019060436014827622,,-0.20755116998101675,-0.24858141533528458,213,7,1,3,2,1,2,18.0,34.0,0.325,0.403
"Vierling, Matt",663837,2026,291,223,0.207,0.256,0.049,0.335,0.381,0.046,0.259,0.304,0.045,4.9,37.2,87.9,36.3,3.8,,,,,76.0,79.0,6.5,16.8,89.2,33.6,24.2,0.23,32.4,90.9,83.9,37.2,28.3,23.3,16.1,24.2,-0.91,3.225,5.0,24.0,31.0,266.0,55.0,13.0,3.0,0.255,0.335,0.128,0.59,0.207,4.0,5.0,49.0,19.0,,3.005,0.125,0.255,0.128,0.59,5.0,24.0,31.0,266.0,55.0,49.0,19.0,5.69,82.0,-0.274,"Vierling, Matt",Hitter,2026,0.2077054273113322,0.06292431219032446,1.949887527942908,-0.245302466276433,-0.6092451918128133,0.8701505973961045,0.3462895190741983,0.24260911481798642,0.45319112158571806,0.13929749947936643,,0.11163665620591037,0.10838803406088096,214,13,3,4,0,5,1,19.0,49.0,0.207,0.23
"O'Hearn, Ryan",656811,2026,448,307,0.267,0.249,-0.018,0.443,0.401,-0.042,0.34,0.317,-0.023,6.8,42.7,89.3,34.2,4.7,49.0,32.0,37.0,59.0,33.0,19.0,7.8,21.7,86.7,40.1,19.2,0.308,31.5,88.1,79.9,42.0,28.3,24.1,25.1,19.2,0.3,14.5,18.0,58.0,76.0,404.0,108.0,17.0,0.0,0.333,0.443,0.176,0.776,0.268,1.0,3.0,96.0,35.0,8.0,8.0,0.152,0.333,0.176,0.776,18.0,58.0,76.0,404.0,108.0,97.0,35.0,16.29,107.6,0.021,"O'Hearn, Ryan",Hitter,2026,0.3766172014629627,0.24024963300932803,1.1394611117617066,0.8150584706167834,-0.38440952794962646,-0.5073427144857761,0.34620694008083946,0.2945818873529515,-0.042916541557182324,0.26545294337233305,,0.3786967728548453,0.3865625191622046,215,17,0,1,6,3,0,35.0,97.0,0.267,0.308
"Dubón, Mauricio",643289,2026,615,500,0.275,0.267,-0.008,0.393,0.373,-0.02,0.314,0.303,-0.011,3.8,29.3,86.4,36.2,3.1,94.0,11.0,11.0,91.0,33.0,90.0,5.7,11.9,89.9,31.2,24.6,0.298,37.7,91.5,86.1,40.6,25.6,25.8,18.4,24.6,2.62,6.1,11.0,65.0,71.0,568.0,156.0,28.0,3.0,0.32,0.393,0.118,0.713,0.275,10.0,3.0,73.0,35.0,5.0,5.0,0.106,0.32,0.118,0.713,11.0,65.0,71.0,568.0,156.0,73.0,35.0,10.44,99.4,0.423,"Dubón, Mauricio",Hitter,2026,0.15974331018221838,-0.19226383109922504,1.9716851974076084,0.5372029097918891,-0.07802330126148721,-0.24748526770357052,0.34526542050912845,0.07751154534777127,-0.07221858381515138,0.12412920513816746,,-0.005141303838169318,-0.016164489699640766,216,28,3,10,4,3,2,35.0,73.0,0.275,0.298
"Yastrzemski, Mike",573262,2026,404,259,0.227,0.236,0.009,0.384,0.368,-0.016,0.311,0.309,-0.002,6.6,43.2,90.4,32.0,4.3,29.0,61.0,72.0,54.0,40.0,25.0,10.1,24.0,84.6,45.2,17.8,0.276,26.3,86.6,79.3,39.8,29.3,24.3,27.0,17.8,0.88,9.0,12.0,51.0,41.0,357.0,81.0,18.0,1.0,0.312,0.384,0.157,0.696,0.229,1.0,2.0,97.0,40.0,9.25,9.25,0.132,0.312,0.157,0.696,12.0,51.0,41.0,357.0,81.0,97.0,41.0,11.5,98.4,0.097,"Yastrzemski, Mike",Hitter,2026,0.13522419664816573,0.21598908302053202,1.6534088709289778,0.33779721161231846,-0.32648576370012755,-0.04306913796809275,0.33872928798052027,0.2077503823947876,0.1407083351446571,0.1539090857367266,,0.2385144360227632,0.22895003508090683,217,18,1,1,4,2,0,41.0,97.0,0.227,0.276
"Simpson, Chandler",802415,2026,612,538,0.306,0.261,-0.045,0.356,0.297,-0.059,0.305,0.263,-0.042,0.0,13.4,83.6,25.3,0.0,100.0,4.0,39.0,99.0,94.0,94.0,4.2,7.8,93.2,29.2,20.6,0.331,31.2,93.8,90.7,61.5,14.1,21.6,9.3,20.6,2.47,0.76,0.0,66.0,38.0,571.0,175.0,16.0,6.0,0.333,0.356,0.05,0.689,0.306,46.0,6.0,48.0,26.0,0.76,,0.036,0.333,0.05,0.689,0.0,66.0,38.0,571.0,175.0,48.0,26.0,0.0,96.5,2.872,"Simpson, Chandler",Hitter,2026,-0.4637841028508955,-1.0433086390311537,3.6721394396802873,0.1394902316003319,1.7884937861993413,-0.9156314787056367,0.3344229279225087,-0.3821453749108521,-0.5050981624100044,-0.39671178188943573,,-0.6633745954774215,-0.7269032295622045,218,16,6,46,0,6,9,26.0,48.0,0.306,0.331
"McCarthy, Jake",664983,2026,592,454,0.292,0.274,-0.018,0.478,0.411,-0.067,0.351,0.321,-0.03,5.5,28.2,85.2,36.8,4.3,80.0,6.0,11.0,68.0,98.0,66.0,5.1,16.0,87.2,38.1,16.1,0.328,37.7,89.6,80.9,45.2,21.4,27.5,22.0,16.1,2.0,1.525,15.0,80.0,83.0,544.0,159.0,30.0,13.0,0.336,0.478,0.186,0.814,0.293,32.0,5.0,95.0,29.0,0.803,,0.137,0.336,0.186,0.814,15.0,80.0,83.0,544.0,159.0,95.0,30.0,12.9,111.1,1.231,"McCarthy, Jake",Hitter,2026,0.46613397525886535,-0.16389838373545274,0.6638566857925079,1.08388208825784,0.5377977712858177,-0.6735958507141003,0.33233482523234964,0.2386504290386896,-0.22664005664570308,0.29976317911712325,,0.21812990064950868,0.22237080299921114,219,30,13,32,8,5,4,30.0,95.0,0.292,0.328
"Jordan, Blaze",691458,2026,199,160,0.247,0.266,0.019,0.382,0.425,0.043,0.284,0.317,0.033,10.0,45.0,88.4,33.1,8.0,,,,,14.0,75.0,3.5,15.1,86.5,38.8,20.0,0.274,35.7,87.7,81.0,45.6,20.6,26.9,15.0,20.0,0.36,0.78,3.0,16.0,28.0,186.0,46.0,8.0,4.0,0.276,0.382,0.135,0.658,0.247,0.0,4.0,30.0,7.0,,,0.159,0.276,0.135,0.658,3.0,16.0,28.0,186.0,46.0,30.0,7.0,3.34,89.9,0.409,"Jordan, Blaze",Hitter,2026,0.5344948968554986,0.365232627257779,0.657659683921406,-0.13307504258437575,-0.08869346836007914,0.556824188218373,0.33217101785181435,0.41488457282454594,0.383347623449873,0.37602115791786345,,0.39350310047248505,0.4181558216681654,220,8,4,0,2,4,0,7.0,30.0,0.247,0.274
"McNeil, Jeff",643446,2026,516,418,0.266,0.272,0.006,0.371,0.36,-0.011,0.304,0.299,-0.005,1.7,29.9,86.4,38.0,1.4,95.0,11.0,17.0,90.0,23.0,18.0,6.0,11.4,91.2,41.1,18.7,0.285,36.1,93.4,86.1,41.6,22.0,29.2,25.4,18.7,0.59,15.75,9.0,52.0,59.0,474.0,126.0,23.0,0.0,0.315,0.371,0.105,0.686,0.267,8.0,4.0,59.0,30.0,5.85,15.75,0.088,0.315,0.105,0.686,9.0,52.0,59.0,474.0,126.0,59.0,31.0,8.73,96.2,0.037,"McNeil, Jeff",Hitter,2026,0.06659149174753387,-0.21842857692145667,2.3789735112911394,0.29780189677829627,-0.37221505126552146,-0.06357339129108878,0.33089962450734645,0.1061932537969754,0.029583286908794266,0.042930500274674495,,-0.051984654567981924,-0.0882605366119645,221,23,0,8,5,4,1,31.0,59.0,0.266,0.285
"Stefanic, Michael",683021,2026,28,20,0.346,0.297,-0.049,0.385,0.366,-0.019,0.349,0.316,-0.033,0.0,30.0,90.1,35.0,0.0,,,,,12.0,,7.1,21.4,90.0,25.0,20.0,0.45,23.2,90.0,88.7,55.0,10.0,35.0,10.0,20.0,-0.19,0.78,0.0,3.0,4.0,26.0,9.0,1.0,0.0,0.393,0.385,0.039,0.778,0.346,0.0,0.0,6.0,2.0,,,0.069,0.393,0.039,0.778,0.0,3.0,4.0,26.0,9.0,6.0,2.0,0.0,110.4,-0.216,"Stefanic, Michael",Hitter,2026,0.17917011130165456,-0.2604516736885013,3.2670673731045374,-0.19434908439630894,-0.5650402138329325,-0.6940371449676846,0.32770220051388593,0.08888590514280778,-0.18582436042534534,0.019595443039803123,,-0.016943739705698742,-0.0465729791424804,222,1,0,0,0,0,0,2.0,6.0,0.346,0.45
"Massey, Michael",686681,2026,452,352,0.272,0.256,-0.016,0.428,0.412,-0.016,0.317,0.306,-0.011,6.3,39.2,89.3,36.4,4.9,77.0,6.0,8.0,79.0,32.0,96.0,4.6,16.6,88.0,50.0,13.9,0.3,38.8,89.4,82.4,39.8,29.8,25.9,30.1,13.9,2.06,1.57,13.0,49.0,50.0,423.0,115.0,25.0,1.0,0.303,0.428,0.156,0.731,0.272,3.0,5.0,75.0,21.0,0.79,,0.156,0.303,0.156,0.731,13.0,49.0,50.0,423.0,115.0,75.0,21.0,12.51,100.3,1.234,"Massey, Michael",Hitter,2026,0.40800388159052076,0.20374723468554687,0.6277521935186965,0.43206146969530224,0.5400842356640874,-0.2853185979741797,0.3271990305858301,0.17473267688191546,-0.06242656391721059,0.21638010217646333,,0.2571886620051469,0.29280182923624903,223,25,1,3,0,5,3,21.0,75.0,0.272,0.3
"Ruiz, Keibert",660688,2026,354,296,0.28,0.247,-0.033,0.443,0.373,-0.07,0.331,0.288,-0.043,4.7,36.1,88.0,33.8,4.0,96.0,4.0,8.0,96.0,7.0,,4.5,10.5,93.3,58.8,10.1,0.288,38.7,94.4,87.2,37.8,28.7,23.3,36.8,10.1,2.21,5.375,10.0,44.0,48.0,332.0,93.0,24.0,0.0,0.316,0.443,0.163,0.759,0.283,2.0,3.0,36.0,16.0,5.375,5.375,0.126,0.316,0.163,0.759,10.0,44.0,48.0,332.0,93.0,37.0,16.0,8.42,104.7,0.404,"Ruiz, Keibert",Hitter,2026,0.09438765146805154,-0.03068317019404973,2.221937214374561,0.4879142030212977,-0.09250424232386192,-0.8891580207420237,0.32577176513099315,-0.05101762398463295,-0.3438813024499451,0.03828776733552811,,0.03250632847116103,0.046133759279859174,224,24,0,2,3,3,0,16.0,37.0,0.28,0.288
"Semien, Marcus",543760,2026,543,393,0.214,0.241,0.027,0.339,0.376,0.037,0.276,0.3,0.024,5.9,33.6,86.7,33.3,4.2,65.0,39.0,67.0,55.0,75.0,3.0,8.3,19.0,85.7,47.1,15.0,0.239,27.0,87.4,78.8,36.9,32.6,22.4,27.7,15.0,0.27,26.0,15.0,55.0,49.0,490.0,105.0,14.0,1.0,0.28,0.339,0.125,0.619,0.214,10.0,5.0,103.0,45.0,26.0,26.0,0.135,0.28,0.125,0.619,15.0,55.0,49.0,490.0,105.0,103.0,45.0,16.64,87.3,0.01,"Semien, Marcus",Hitter,2026,0.15431647874454146,-0.08355984139874022,1.7995247887992614,0.12786428764690966,-0.3927932306699487,0.5186039727397108,0.32355658708028917,0.1771148115726142,0.29157409780954396,0.12398856136749764,,0.09115806840323032,0.09339251556887669,225,14,1,10,2,5,1,45.0,103.0,0.214,0.239
"Cruz, Oneil",665833,2026,419,229,0.28,0.252,-0.028,0.486,0.473,-0.013,0.372,0.353,-0.019,15.3,53.7,94.1,33.2,8.4,1.0,77.0,48.0,2.0,80.0,37.0,11.2,33.2,75.9,40.6,14.4,0.397,29.9,78.4,66.6,50.7,22.3,24.0,26.2,14.4,2.96,3.3,20.0,65.0,67.0,368.0,103.0,14.0,1.0,0.368,0.486,0.206,0.854,0.281,30.0,0.0,138.0,47.0,0.785,,0.221,0.368,0.206,0.854,20.0,65.0,67.0,368.0,103.0,139.0,47.0,19.47,117.7,0.871,"Cruz, Oneil",Hitter,2026,0.9589928005580763,0.9259507293296468,-1.6421490738465563,1.0666660902177236,0.2634220458934541,-0.41525517720772864,0.3234325853296961,0.5661430609138359,0.07590349279360889,0.7684363935788471,,0.9234182358331723,1.0047985497524632,226,14,1,30,4,0,0,47.0,139.0,0.28,0.397
"Malgeri, Ben",701162,2026,139,83,0.252,0.241,-0.011,0.42,0.354,-0.066,0.342,0.318,-0.024,7.2,41.0,89.8,38.6,4.4,,,,,90.0,,12.2,25.9,82.8,34.9,24.1,0.316,24.2,84.6,74.8,42.2,25.3,27.7,20.5,24.1,0.92,0.78,5.0,18.0,20.0,119.0,30.0,5.0,0.0,0.353,0.42,0.168,0.773,0.248,5.0,1.0,35.0,17.0,,,0.113,0.353,0.168,0.773,5.0,18.0,20.0,119.0,30.0,36.0,17.0,4.21,108.2,1.045,"Malgeri, Ben",Hitter,2026,0.08380397735938565,0.3495530953663485,1.4213133914987055,0.2399607138398944,0.39603697983309644,-0.5753231580363426,0.3221241113935815,0.17005383978974,-0.025314663046333466,0.24592209066838974,,0.27227200515608596,0.2518790513924135,227,5,0,5,2,1,0,17.0,36.0,0.252,0.316
"Rengifo, Luis",650859,2026,354,268,0.24,0.253,0.013,0.317,0.345,0.028,0.289,0.304,0.015,4.1,34.3,87.7,28.4,3.1,89.0,58.0,43.0,75.0,42.0,29.0,9.6,13.8,86.7,38.8,19.4,0.272,30.6,89.1,82.3,54.1,17.5,23.9,17.2,19.4,0.48,3.5,4.0,38.0,36.0,312.0,75.0,12.0,0.0,0.319,0.317,0.077,0.636,0.24,6.0,2.0,49.0,34.0,5.95,5.95,0.092,0.319,0.077,0.636,4.0,38.0,36.0,312.0,75.0,49.0,34.0,4.35,91.5,0.133,"Rengifo, Luis",Hitter,2026,-0.017835084215793273,-0.24206538018339377,2.5725871336561594,-0.08544871688626964,-0.29904819116089115,0.312386422801991,0.32153273858896636,0.13042792191086702,0.2282310101010956,0.08963028891680203,,-0.04406367802430293,-0.08334524849983733,228,12,0,6,3,2,3,34.0,49.0,0.24,0.272
"Urías, Ramón",602104,2026,100,69,0.151,0.191,0.04,0.326,0.381,0.055,0.265,0.302,0.037,10.1,34.8,88.5,27.5,7.0,,,,,32.0,,9.0,18.0,81.3,31.9,21.7,0.138,25.8,83.6,79.4,39.1,36.2,13.0,21.7,21.7,0.27,1.5,4.0,14.0,9.0,86.0,13.0,3.0,0.0,0.26,0.326,0.175,0.586,0.151,0.0,1.0,18.0,9.0,3.15,3.15,0.19,0.26,0.175,0.586,4.0,14.0,9.0,86.0,13.0,18.0,9.0,4.67,83.9,0.169,"Urías, Ramón",Hitter,2026,0.16775255574894216,0.012105545024470338,1.8087712560443887,-0.3082637070321701,-0.2716106186216548,0.7886634864148644,0.32114066707328337,0.21845152378609564,0.4199176804582592,0.2397613037663213,,0.24898424955262766,0.2819396740075516,229,3,0,0,4,1,0,9.0,18.0,0.151,0.138
"Abrams, CJ",682928,2026,650,422,0.261,0.248,-0.013,0.496,0.438,-0.058,0.36,0.333,-0.027,10.4,40.5,89.6,34.4,6.8,33.0,46.0,15.0,21.0,79.0,1.0,8.8,24.3,80.9,45.0,15.2,0.3,36.8,83.9,72.6,36.5,28.7,23.5,31.0,15.2,5.26,4.2,33.0,93.0,105.0,575.0,150.0,30.0,3.0,0.337,0.496,0.235,0.833,0.263,34.0,6.0,155.0,57.0,0.78,,0.19,0.337,0.235,0.833,33.0,93.0,105.0,575.0,150.0,158.0,57.0,29.14,113.9,1.223,"Abrams, CJ",Hitter,2026,0.665397690470909,0.3545469724396809,-0.8830980277936773,1.450556807749244,0.5317005329437652,-0.5751093260217912,0.31803675479119586,0.339431300577148,-0.13320397259730274,0.5134661182761205,,0.5452394099320628,0.5958661261166618,230,30,3,34,12,6,0,57.0,158.0,0.261,0.3
"Ramos, Heliot",671218,2026,442,285,0.245,0.256,0.011,0.411,0.446,0.035,0.312,0.329,0.017,13.7,48.4,92.2,34.4,8.8,13.0,19.0,29.0,22.0,45.0,2.0,7.0,27.4,82.6,34.0,27.4,0.316,33.1,85.9,73.9,50.5,23.9,23.2,15.4,27.4,0.64,0.78,13.0,48.0,46.0,404.0,99.0,20.0,4.0,0.305,0.411,0.166,0.716,0.245,4.0,2.0,121.0,31.0,0.78,,0.19,0.305,0.166,0.716,13.0,48.0,46.0,404.0,99.0,121.0,31.0,14.11,98.7,0.727,"Ramos, Heliot",Hitter,2026,0.7044376166249187,0.7276270176277081,-0.760203970745382,0.39125796485795855,0.15367175573650865,0.3452081147718291,0.31618089384949155,0.4294734348676276,0.296950315642069,0.5257084717615603,,0.6134433521529407,0.6752037515421314,231,20,4,4,5,2,0,31.0,121.0,0.245,0.316
"Realmuto, J.T.",592663,2026,463,315,0.205,0.249,0.044,0.329,0.387,0.058,0.276,0.317,0.041,5.4,39.7,89.6,35.9,3.7,50.0,35.0,49.0,50.0,67.0,,8.0,21.4,84.1,41.9,23.5,0.239,29.8,85.9,78.2,42.2,27.0,26.0,16.8,23.5,0.17,15.0,11.0,51.0,50.0,410.0,84.0,18.0,0.0,0.283,0.329,0.124,0.612,0.206,3.0,6.0,99.0,37.0,23.875,23.875,0.138,0.283,0.124,0.612,11.0,51.0,50.0,410.0,84.0,99.0,37.0,12.94,87.3,0.011,"Realmuto, J.T.",Hitter,2026,0.28949168565376027,0.1728769236824368,0.976034525595953,0.10232333445502156,-0.39203107587719216,0.8601623625177076,0.3155151138216251,0.32844928748288066,0.47946956209649677,0.21887594006397404,,0.24656215697076533,0.24381044037345753,232,18,0,3,10,6,0,37.0,99.0,0.205,0.239
"Myers, Dane",667472,2026,334,212,0.257,0.236,-0.021,0.377,0.356,-0.021,0.324,0.309,-0.015,4.7,36.3,89.2,33.5,3.0,,,,,64.0,67.0,11.1,24.6,82.5,25.9,26.9,0.328,25.2,84.8,80.7,45.3,24.5,23.6,11.3,26.9,0.84,0.769,8.0,39.0,27.0,292.0,75.0,11.0,0.0,0.344,0.377,0.12,0.721,0.257,10.0,2.0,82.0,37.0,0.769,,0.12,0.344,0.12,0.721,8.0,39.0,27.0,292.0,75.0,82.0,37.0,7.55,102.5,0.967,"Myers, Dane",Hitter,2026,0.06054518309742068,-0.000762633554396347,1.8472746426239632,0.17818012048794982,0.33658890599808433,-0.3729672968277924,0.31516414444729207,0.0632833937117473,-0.05097973594602433,0.10285107189253737,,0.10003092156307031,0.09541262779460971,233,11,0,10,3,2,0,37.0,82.0,0.257,0.328
"Amador, Adael",691182,2026,91,66,0.275,0.199,-0.076,0.488,0.309,-0.179,0.371,0.27,-0.101,7.6,24.2,83.6,24.2,5.7,,,,,32.0,,9.9,13.2,89.3,54.5,9.1,0.281,23.3,91.6,87.5,51.5,21.2,19.7,25.8,9.1,0.53,0.78,4.0,17.0,16.0,80.0,22.0,5.0,0.0,0.356,0.488,0.213,0.844,0.276,0.0,0.0,11.0,9.0,,,0.11,0.356,0.213,0.844,4.0,17.0,16.0,80.0,22.0,12.0,9.0,2.53,117.4,0.602,"Amador, Adael",Hitter,2026,-0.39435497825871174,-0.5352986633110153,4.3319585649685495,0.4900467880524073,0.058402406641937986,-2.1199134600089438,0.31150122038956174,-0.344709367043669,-0.8441736020680477,-0.10700593662265011,,-0.2092713629929266,-0.22588298635421755,234,5,0,0,1,0,1,9.0,12.0,0.275,0.281
"Freeman, Tyler",671289,2026,288,228,0.247,0.265,0.018,0.314,0.353,0.039,0.289,0.309,0.02,1.3,36.0,87.7,30.3,1.0,,,,,56.0,6.0,3.8,11.8,93.3,33.8,23.2,0.275,30.0,93.9,89.0,51.8,20.2,23.2,15.4,23.2,-2.0,1.525,3.0,29.0,23.0,255.0,63.0,6.0,1.0,0.317,0.314,0.067,0.631,0.247,6.0,0.0,34.0,11.0,0.775,,0.088,0.317,0.067,0.631,3.0,29.0,23.0,255.0,63.0,34.0,11.0,3.37,91.5,-1.231,"Freeman, Tyler",Hitter,2026,0.05640898150034199,-0.27109775292575683,3.183862028338757,-0.24090720838742916,-1.3386273284808463,0.43487992168468104,0.3109511771030168,0.12895580658150868,0.2507507024877732,-0.002978568229183699,,-0.05796225377630658,-0.08962719506436317,235,6,1,6,15,0,7,11.0,34.0,0.247,0.275
"Torkelson, Spencer",679529,2026,610,335,0.23,0.212,-0.018,0.436,0.395,-0.041,0.338,0.315,-0.023,12.2,42.1,89.5,40.9,6.8,4.0,83.0,92.0,9.0,26.0,1.0,11.6,31.6,79.9,48.1,18.8,0.306,21.7,82.1,69.6,31.3,36.1,25.4,32.8,18.8,1.33,4.075,26.0,66.0,77.0,525.0,121.0,28.0,1.0,0.33,0.436,0.206,0.766,0.232,1.0,4.0,191.0,70.0,0.785,,0.183,0.33,0.206,0.766,26.0,66.0,77.0,525.0,121.0,193.0,71.0,23.56,107.0,0.319,"Torkelson, Spencer",Hitter,2026,0.3133572179575108,0.6281768790330071,0.2312218417685541,0.9170904554169654,-0.15728739970817002,-0.5027744518989986,0.31021533971309023,0.24263901048740583,0.0038709007252385186,0.37763395507833886,,0.526581572361106,0.5661661811730543,236,28,1,1,9,4,0,71.0,193.0,0.23,0.306
"Valenzuela, Brandon",678218,2026,268,171,0.224,0.239,0.015,0.363,0.37,0.007,0.3,0.309,0.009,6.4,38.0,88.3,36.8,4.1,,,,,11.0,,10.4,25.4,85.6,43.3,16.4,0.278,28.8,86.9,75.4,42.1,23.4,26.3,24.6,16.4,1.36,0.78,8.0,28.0,22.0,237.0,53.0,9.0,0.0,0.307,0.363,0.139,0.67,0.224,2.0,1.0,68.0,28.0,,,0.131,0.307,0.139,0.67,8.0,28.0,22.0,237.0,53.0,68.0,28.0,8.15,94.9,1.545,"Valenzuela, Brandon",Hitter,2026,0.14917416978151365,0.16511865481538382,0.953217287193848,-0.015058227847026396,0.777114376211379,0.18586815658361813,0.30733938558997814,0.20471850590253243,0.2045463364329264,0.16949401329551586,,0.1987909452672355,0.19107650879999755,237,9,0,2,1,1,1,28.0,68.0,0.224,0.278
"Happ, Ian",664023,2026,631,357,0.22,0.208,-0.012,0.416,0.392,-0.024,0.328,0.314,-0.014,11.2,42.1,89.3,31.9,6.3,8.0,91.0,87.0,16.0,64.0,77.0,12.8,29.5,78.1,45.9,16.2,0.286,23.6,81.1,72.7,41.2,31.4,21.0,30.3,16.2,2.97,19.0,24.0,89.0,68.0,541.0,119.0,28.0,3.0,0.329,0.416,0.196,0.745,0.22,4.0,1.0,186.0,81.0,21.0,21.0,0.184,0.329,0.196,0.745,24.0,89.0,68.0,541.0,119.0,186.0,81.0,22.62,103.8,0.155,"Happ, Ian",Hitter,2026,0.28899400210008863,0.347212500664845,0.5809278058766165,0.9157127619314696,-0.28228078572024673,-0.3161171818847779,0.3063472890687016,0.2607597978972513,0.049692630640948324,0.33519082739858713,,0.44599103488127445,0.4746695064528948,238,28,3,4,7,1,1,81.0,186.0,0.22,0.286
"Schuemann, Max",680474,2026,87,51,0.194,0.203,0.009,0.361,0.336,-0.025,0.317,0.312,-0.005,9.8,41.2,89.4,37.3,5.7,,,,,57.0,,13.8,24.1,80.9,39.2,21.6,0.245,21.9,85.5,75.7,33.3,37.3,21.6,29.4,21.6,-0.2,0.765,2.0,17.0,8.0,72.0,14.0,6.0,0.0,0.333,0.361,0.167,0.694,0.194,3.0,0.0,21.0,12.0,0.765,,0.133,0.333,0.167,0.694,2.0,17.0,8.0,72.0,14.0,21.0,12.0,1.86,100.3,-0.231,"Schuemann, Max",Hitter,2026,-0.06939151520130264,0.4147544919547068,2.0547163596368807,-0.009339442065256998,-0.5764725357242809,-0.10648917477432755,0.3041133861764984,0.19150001323182972,0.20788516688985573,0.27667848496998915,,0.31104727126067067,0.28840369662178866,239,6,0,3,3,0,0,12.0,21.0,0.194,0.245
"Montgomery, Braden",695731,2026,361,248,0.226,0.254,0.028,0.351,0.389,0.038,0.3,0.325,0.025,4.4,40.7,88.9,27.8,3.1,60.0,71.0,66.0,17.0,79.0,45.0,10.5,19.7,80.8,35.9,22.6,0.272,27.3,83.9,73.1,60.5,17.7,18.1,13.3,22.6,0.34,0.78,6.0,47.0,38.0,319.0,72.0,16.0,3.0,0.313,0.351,0.125,0.664,0.226,1.0,1.0,71.0,38.0,,,0.135,0.313,0.125,0.664,6.0,47.0,38.0,319.0,72.0,71.0,38.0,6.65,94.9,0.386,"Montgomery, Braden",Hitter,2026,0.3339546497960915,-0.07762132389526716,1.0031116109381586,0.1533449541065628,-0.10622302859348012,0.5376207574121166,0.2845726553085413,0.2321658027631032,0.2974367608762642,0.2622731133131295,,0.1805216405202063,0.19464714193744587,240,16,3,1,3,1,0,38.0,71.0,0.226,0.272
"Taylor, Tyrone",621438,2026,237,181,0.274,0.245,-0.029,0.502,0.418,-0.084,0.354,0.31,-0.044,8.8,34.3,86.8,32.6,6.8,,,,,92.0,,5.9,16.9,88.1,53.0,14.4,0.289,34.7,89.3,80.3,37.0,33.7,21.0,31.5,14.4,1.64,3.8,11.0,34.0,38.0,215.0,59.0,16.0,0.0,0.322,0.502,0.228,0.824,0.274,3.0,2.0,40.0,14.0,3.025,3.025,0.173,0.322,0.228,0.824,11.0,34.0,38.0,215.0,59.0,40.0,14.0,9.16,112.0,0.421,"Taylor, Tyrone",Hitter,2026,0.4545860003708231,0.03398729738371713,1.0821108992213941,0.6650456191071749,-0.07954761084700035,-0.9324957311564601,0.2813131031183885,0.17836432739913394,-0.31315970789424413,0.3123344439890613,,0.32679721568028774,0.36736073857405455,241,16,0,3,2,2,4,14.0,40.0,0.274,0.289
"Rodríguez, Julio",677594,2026,649,451,0.249,0.266,0.017,0.404,0.442,0.038,0.313,0.336,0.023,8.9,44.1,90.3,31.7,6.2,45.0,22.0,9.0,37.0,85.0,17.0,7.2,22.2,85.1,39.2,20.4,0.291,38.5,86.9,75.1,42.8,25.5,24.8,21.1,20.4,3.05,20.186,22.0,69.0,71.0,591.0,147.0,26.0,0.0,0.31,0.404,0.155,0.714,0.249,22.0,4.0,144.0,47.0,20.21,20.186,0.176,0.31,0.155,0.714,22.0,69.0,71.0,591.0,147.0,144.0,47.0,24.07,99.1,0.15,"Rodríguez, Julio",Hitter,2026,0.7103780241468127,0.31809088426452814,-0.49007429505253053,0.6391823127235584,-0.28609155968402955,0.44560403504592744,0.27953013307645275,0.47662612868507975,0.3119697719487838,0.4813883109848125,,0.5063700293395228,0.5430035194365822,242,26,0,22,7,4,0,47.0,144.0,0.249,0.291
"Smith, Cam",701358,2026,563,364,0.208,0.235,0.027,0.389,0.421,0.032,0.291,0.316,0.025,11.3,43.4,88.6,31.0,7.3,21.0,22.0,49.0,24.0,93.0,90.0,7.6,26.1,80.6,38.7,18.1,0.244,29.8,82.3,73.0,44.8,26.1,21.7,20.9,18.1,0.83,0.76,21.0,66.0,55.0,506.0,105.0,17.0,6.0,0.276,0.389,0.181,0.665,0.209,11.0,6.0,145.0,41.0,0.76,,0.186,0.276,0.181,0.665,21.0,66.0,55.0,506.0,105.0,147.0,43.0,22.73,92.1,0.965,"Smith, Cam",Hitter,2026,0.49037719199483354,0.335547453730766,-0.430614402350033,0.4523866843226008,0.3350645964125712,0.5031978843142371,0.2767958791134276,0.39337201299894553,0.3322606262962627,0.3462391361429502,,0.44151825589219634,0.47365992689041064,243,17,6,12,7,6,0,43.0,147.0,0.208,0.244
"Wells, Austin",669224,2026,388,234,0.186,0.208,0.022,0.332,0.36,0.028,0.281,0.3,0.019,7.7,42.7,89.3,33.8,4.6,18.0,87.0,62.0,30.0,15.0,,12.4,26.5,81.0,47.4,18.4,0.219,27.9,83.2,74.3,33.3,34.2,20.5,27.4,18.4,1.19,0.801,14.0,39.0,32.0,334.0,62.0,7.0,0.0,0.292,0.332,0.146,0.624,0.186,4.0,2.0,103.0,48.0,0.801,,0.152,0.292,0.146,0.624,14.0,39.0,32.0,334.0,62.0,103.0,48.0,15.18,88.9,1.321,"Wells, Austin",Hitter,2026,0.038206281053086655,0.26654011909995595,0.7443158292181491,0.006018151460384739,0.6063917026339085,0.4052469990305756,0.27657356135149136,0.1630970675968633,0.29189059465067807,0.13626152053147148,,0.21254061754250997,0.2154811953312816,244,7,0,4,3,2,1,48.0,103.0,0.186,0.219
"Mountcastle, Ryan",663624,2026,15,12,0.286,0.279,-0.007,0.357,0.348,-0.009,0.309,0.301,-0.008,0.0,41.7,90.0,33.3,0.0,,,,,21.0,,6.7,13.3,100.0,25.0,41.7,0.333,44.8,100.0,91.2,58.3,16.7,25.0,8.3,41.7,-0.15,6.787,0.0,0.0,1.0,14.0,4.0,1.0,0.0,0.333,0.357,0.071,0.69,0.286,0.0,0.0,2.0,1.0,6.787,6.787,0.069,0.333,0.071,0.69,0.0,0.0,1.0,14.0,4.0,2.0,1.0,0.0,97.8,-0.022,"Mountcastle, Ryan",Hitter,2026,0.002798246177964009,-0.06203716013639929,2.666970679069495,-0.39754088463537096,-0.4171821840381588,-0.16791540814656525,0.2701968394638573,-0.11062013488383794,-0.08374337104234802,-0.04144132955752158,,-0.15824039689700128,-0.168133689188479,245,1,0,0,0,0,0,1.0,2.0,0.286,0.333
"Shaw, Matt",807713,2026,199,141,0.24,0.228,-0.012,0.415,0.351,-0.064,0.326,0.3,-0.026,4.3,34.8,86.9,29.8,3.0,,,,,91.0,,10.1,17.6,87.4,31.2,24.8,0.271,32.6,88.7,81.9,40.4,27.7,22.0,14.9,24.8,0.69,0.76,5.0,25.0,24.0,171.0,41.0,9.0,3.0,0.327,0.415,0.175,0.742,0.24,4.0,2.0,35.0,20.0,0.76,,0.123,0.327,0.175,0.742,5.0,25.0,24.0,171.0,41.0,35.0,20.0,4.23,103.2,0.802,"Shaw, Matt",Hitter,2026,-0.007779839944035832,-0.20928596813791134,2.0787574492366545,0.22797160476546138,0.2108333651932511,-0.5880703794568282,0.2644835030603684,0.03255211986310628,-0.17159085266982269,0.06166944841337204,,0.031047555524507876,0.015138536238363018,246,9,3,4,3,2,3,20.0,35.0,0.24,0.271
"Ramírez, Pedro",699393,2026,261,192,0.257,0.243,-0.014,0.401,0.344,-0.057,0.312,0.284,-0.028,4.2,39.1,88.9,30.2,3.1,,,,,77.0,77.0,7.7,18.4,88.6,41.1,14.1,0.297,32.6,89.8,80.7,44.3,23.4,23.4,28.1,14.1,1.53,0.78,6.0,36.0,32.0,237.0,61.0,12.0,2.0,0.315,0.401,0.144,0.716,0.257,9.0,2.0,48.0,20.0,,,0.101,0.315,0.144,0.716,6.0,36.0,32.0,237.0,61.0,48.0,20.0,5.15,98.7,1.739,"Ramírez, Pedro",Hitter,2026,-0.10284659765896431,-0.05680154745763986,1.576956098082156,0.19029308090043692,0.924972406006153,-0.5849895855206423,0.26201369998967095,0.011522048466038697,-0.16784117311555347,-0.09540225454733814,,-0.03530703580079332,-0.07159241772251977,247,12,2,9,1,2,1,20.0,48.0,0.257,0.297
"Bolte, Henry",703607,2026,469,280,0.28,0.246,-0.034,0.409,0.376,-0.033,0.342,0.317,-0.025,8.2,48.4,90.9,27.5,4.9,11.0,37.0,58.0,6.0,100.0,83.0,8.3,28.1,79.7,32.5,19.3,0.385,28.6,82.2,69.8,62.5,15.0,19.3,14.3,19.3,3.37,0.78,11.0,57.0,38.0,411.0,115.0,16.0,2.0,0.362,0.409,0.129,0.771,0.277,21.0,2.0,131.0,38.0,,,0.13,0.362,0.129,0.771,11.0,57.0,38.0,411.0,115.0,132.0,39.0,10.11,108.2,3.83,"Bolte, Henry",Hitter,2026,0.21953245235735355,0.28706897183048213,-0.7920745514191537,0.4841096011496895,2.518638077660131,-0.5933115614570428,0.258634816535324,0.0811674846803315,-0.1659252817827026,0.16221857684515756,,0.2182053221029832,0.23083968544410424,248,16,2,21,15,2,1,39.0,132.0,0.28,0.385
"Duran, Ezequiel",677649,2026,593,400,0.262,0.243,-0.019,0.422,0.37,-0.052,0.324,0.3,-0.024,6.0,38.3,88.9,34.3,4.1,37.0,26.0,20.0,38.0,89.0,99.0,7.8,23.6,83.9,37.3,21.0,0.32,35.6,86.5,76.2,46.8,23.0,23.5,19.8,21.0,4.08,1.375,17.0,71.0,83.0,535.0,140.0,27.0,4.0,0.323,0.422,0.16,0.745,0.259,11.0,6.0,139.0,45.0,0.776,,0.127,0.323,0.16,0.745,17.0,71.0,83.0,535.0,140.0,140.0,46.0,14.91,102.5,2.766,"Duran, Ezequiel",Hitter,2026,0.11797928588576254,0.10670656750071884,-0.17996949275295784,0.8039814931134597,1.7077053781671454,-0.5674738624391776,0.2584610865984564,0.10110770044341207,-0.17066743857514444,0.06680731616753383,,0.1255967421974521,0.11229979512430202,249,27,4,12,5,6,1,46.0,140.0,0.262,0.32
"Cowser, Colton",681297,2026,392,224,0.226,0.221,-0.005,0.37,0.4,0.03,0.307,0.315,0.008,9.4,41.1,87.9,32.6,5.4,5.0,84.0,52.0,7.0,68.0,95.0,11.7,30.9,79.5,38.4,19.2,0.305,29.6,80.9,69.4,42.0,30.4,23.2,24.6,19.2,2.48,0.774,13.0,41.0,40.0,341.0,77.0,10.0,0.0,0.317,0.37,0.144,0.687,0.226,10.0,3.0,121.0,46.0,0.774,,0.179,0.317,0.144,0.687,13.0,41.0,40.0,341.0,77.0,121.0,46.0,14.05,97.2,2.838,"Cowser, Colton",Hitter,2026,0.3489838862283259,0.23190719191584663,-0.663623213145046,0.2215242821619027,1.7625805232456182,0.14323702002678865,0.25789432462002,0.28729722705990285,0.17670346271234294,0.2841249870999345,,0.3692649598350981,0.39518354105113046,250,10,0,10,1,3,1,46.0,121.0,0.226,0.305
"Meneses, Joey",608841,2026,25,17,0.15,0.269,0.119,0.15,0.314,0.164,0.22,0.327,0.107,0.0,58.8,92.7,23.5,0.0,,,,,8.0,,12.0,16.0,84.2,70.6,5.9,0.176,33.3,89.5,79.4,52.9,17.6,17.6,17.6,5.9,-0.59,0.78,0.0,1.0,2.0,20.0,3.0,0.0,0.0,0.28,0.15,0.0,0.43,0.15,0.0,1.0,4.0,3.0,,,0.045,0.28,0.0,0.43,0.0,1.0,2.0,20.0,3.0,4.0,3.0,0.0,69.6,-0.67,"Meneses, Joey",Hitter,2026,-0.11789416124851512,0.11684024487603825,1.9087797295571132,-1.1314856264611202,-0.9110584897444133,2.3611203325624746,0.25549480840928396,0.08530848207714593,1.0018879786210233,0.05810930907473452,,-0.1693029170182288,-0.20977187738110137,251,0,0,0,1,1,0,3.0,4.0,0.15,0.176
"Triolo, Jared",669707,2026,361,254,0.238,0.243,0.005,0.303,0.318,0.015,0.281,0.286,0.005,2.4,33.1,86.3,33.1,1.7,61.0,30.0,76.0,66.0,78.0,41.0,7.8,19.7,87.5,38.6,20.9,0.296,25.6,90.0,81.3,50.8,18.5,27.2,13.8,20.9,1.09,0.775,3.0,34.0,29.0,323.0,77.0,12.0,0.0,0.308,0.303,0.065,0.611,0.24,13.0,1.0,70.0,28.0,0.775,,0.075,0.308,0.065,0.611,3.0,34.0,29.0,323.0,77.0,71.0,28.0,3.15,88.9,1.246,"Triolo, Jared",Hitter,2026,-0.25727345774581434,-0.2532310683998255,2.2455403391907875,-0.23129499791172883,0.5492300931771661,0.1225403834720371,0.25434927074036046,0.007332886219921023,0.12308538423548585,-0.17446315229569748,,-0.18560629782104487,-0.24677438232867016,252,12,0,13,5,1,2,28.0,71.0,0.238,0.296
"Genao, Angel",694197,2026,135,102,0.211,0.239,0.028,0.293,0.335,0.042,0.259,0.285,0.026,4.9,51.0,90.6,20.6,3.7,,,,,76.0,,8.1,15.6,86.6,37.3,16.7,0.24,27.1,87.9,78.7,70.6,12.7,14.7,15.7,16.7,0.38,0.78,2.0,15.0,6.0,123.0,26.0,4.0,0.0,0.281,0.293,0.082,0.574,0.211,1.0,0.0,21.0,10.0,,,0.096,0.281,0.082,0.574,2.0,15.0,6.0,123.0,26.0,21.0,11.0,2.29,82.0,0.432,"Genao, Angel",Hitter,2026,-0.15717165101866148,0.018773778522157114,2.1566107621230453,-0.5609747270115425,-0.07116390812667812,0.5633290322676386,0.2530237606305875,-0.014642297193266578,0.2947448518252402,-0.10614549797502854,,-0.10437939034608834,-0.12160462057753264,253,4,0,1,1,0,0,11.0,21.0,0.211,0.24
"Locklear, Tyler",682988,2026,42,28,0.278,0.252,-0.026,0.444,0.427,-0.017,0.35,0.334,-0.016,14.3,32.1,83.8,28.6,9.5,,,,,23.0,,9.5,21.4,74.2,35.7,14.3,0.333,27.1,80.6,81.2,53.6,17.9,25.0,17.9,14.3,0.06,0.78,1.0,8.0,6.0,36.0,10.0,3.0,0.0,0.357,0.444,0.166,0.801,0.278,1.0,1.0,9.0,4.0,,,0.175,0.357,0.166,0.801,1.0,8.0,6.0,36.0,10.0,9.0,4.0,0.96,110.8,0.068,"Locklear, Tyler",Hitter,2026,0.6026353905191286,0.024083794865862873,0.9427007778760906,0.15219041076754608,-0.34858825269006793,-0.3971959588751696,0.24513086374297646,0.3330042507574589,-0.05106591780834621,0.6030015376260475,,0.4214834699790947,0.4600640651393486,254,3,0,1,1,1,0,4.0,9.0,0.278,0.333
"Pham, Tommy",502054,2026,31,14,0.115,0.22,0.105,0.231,0.36,0.129,0.253,0.325,0.072,7.1,57.1,96.1,28.6,3.4,,,,,19.0,,16.1,35.5,77.8,64.3,28.6,0.143,21.8,80.6,68.8,50.0,28.6,21.4,21.4,28.6,-0.23,4.025,1.0,5.0,3.0,26.0,3.0,0.0,0.0,0.258,0.231,0.116,0.489,0.125,0.0,0.0,10.0,5.0,4.025,4.025,0.14,0.258,0.116,0.489,1.0,5.0,3.0,26.0,3.0,11.0,5.0,1.56,80.1,-0.056,"Pham, Tommy",Hitter,2026,0.1364410304663662,0.5987822586039454,0.3247770521883607,-0.6596121145102906,-0.4430954469918821,1.8428121181498067,0.2436131171048836,0.3958517584698858,0.9390417091363403,0.21769866883896405,,0.3776248692775182,0.361299694781818,255,0,0,0,0,0,0,5.0,11.0,0.115,0.143
"Crews, Dylan",686611,2026,439,295,0.223,0.243,0.02,0.373,0.424,0.051,0.295,0.32,0.025,9.5,42.7,90.1,34.2,6.4,35.0,17.0,34.0,20.0,94.0,88.0,6.8,24.1,82.0,33.2,19.3,0.27,32.1,84.0,72.5,39.3,27.8,25.8,20.3,19.3,0.74,0.761,13.0,54.0,44.0,400.0,89.0,19.0,1.0,0.289,0.373,0.15,0.662,0.224,12.0,1.0,103.0,29.0,0.761,,0.181,0.289,0.15,0.662,13.0,54.0,44.0,400.0,89.0,106.0,30.0,14.78,93.4,0.859,"Crews, Dylan",Hitter,2026,0.5278115395950891,0.3727601113993255,-0.5637398449304702,0.2631343936338255,0.2542761883803753,0.5409017904225037,0.2409318873644286,0.3652960521753908,0.33008194782623906,0.3541398179555344,,0.43514884843343526,0.47610876814645003,256,19,1,12,8,1,0,30.0,106.0,0.223,0.27
"Kiner-Falefa, Isiah",643396,2026,183,137,0.242,0.256,0.014,0.311,0.319,0.008,0.29,0.297,0.007,2.2,25.5,82.5,31.4,1.6,,,,,52.0,,10.4,14.8,91.2,39.4,14.6,0.28,31.8,91.7,83.6,50.4,16.1,23.4,17.5,14.6,1.57,6.0,2.0,23.0,16.0,161.0,39.0,5.0,0.0,0.322,0.311,0.069,0.633,0.242,8.0,0.0,27.0,19.0,7.5,7.5,0.063,0.322,0.069,0.633,2.0,23.0,16.0,161.0,39.0,27.0,19.0,2.05,91.8,0.257,"Kiner-Falefa, Isiah",Hitter,2026,-0.20395798515669122,-0.5714010160548811,3.030954879668652,-0.30690481294990163,-0.20454099685907706,0.16855267257635517,0.23973897807939132,-0.0017015849574272823,0.10493592553798271,-0.029673739007499866,,-0.2671917931346405,-0.3310246611959771,257,5,0,8,0,0,3,19.0,27.0,0.242,0.28
"Lee, Hao-Yu",701678,2026,360,242,0.267,0.235,-0.032,0.429,0.396,-0.033,0.324,0.302,-0.022,8.7,41.3,89.6,34.3,5.9,34.0,32.0,54.0,33.0,70.0,1.0,8.3,23.6,82.7,27.3,27.7,0.329,29.1,84.3,74.9,39.3,26.4,26.4,19.4,27.7,0.92,0.78,10.0,40.0,46.0,326.0,87.0,18.0,2.0,0.326,0.429,0.162,0.755,0.263,3.0,3.0,85.0,28.0,,,0.161,0.326,0.162,0.755,10.0,40.0,46.0,326.0,87.0,85.0,30.0,9.23,102.5,1.045,"Lee, Hao-Yu",Hitter,2026,0.28315222885243296,0.29937538330015057,0.4115589549606372,0.41883786851647775,0.39603697983309644,-0.5569792927773745,0.23912842610027782,0.10272824666311861,-0.13334543674176827,0.20422446158960678,,0.2749048829125198,0.3159343274805104,258,19,2,3,0,3,1,30.0,85.0,0.267,0.329
"Hayes, Ke'Bryan",663647,2026,242,179,0.141,0.236,0.095,0.225,0.371,0.146,0.191,0.287,0.096,6.7,38.5,90.4,36.3,5.0,,,,,36.0,89.0,5.4,19.8,89.0,30.7,26.3,0.155,30.9,90.5,78.4,34.6,31.3,29.1,16.8,26.3,-0.85,7.0,5.0,19.0,9.0,227.0,32.0,2.0,1.0,0.194,0.225,0.084,0.419,0.141,1.0,0.0,48.0,13.0,7.0,7.0,0.135,0.194,0.084,0.419,5.0,19.0,9.0,227.0,32.0,48.0,13.0,8.24,60.4,-0.12,"Hayes, Ke'Bryan",Hitter,2026,0.07273958803178043,0.23351760587274561,1.0397725453078528,-0.9276815199108798,-0.4918733537283022,2.028784994554783,0.23539323607468826,0.18548977350323861,0.8706840084627534,0.015634473860668165,,0.022853085443194823,0.03526976233274218,259,2,1,1,2,0,0,13.0,48.0,0.141,0.155
"Jenkins, Walker",805805,2026,89,59,0.213,0.244,0.031,0.388,0.409,0.021,0.311,0.319,0.008,8.5,28.8,86.4,30.5,5.9,,,,,55.0,,7.9,21.3,81.1,37.3,16.9,0.228,25.2,82.0,76.3,42.4,27.1,23.7,22.0,16.9,0.18,0.78,4.0,13.0,10.0,80.0,17.0,2.0,0.0,0.284,0.388,0.175,0.672,0.224,1.0,0.0,18.0,7.0,,,0.165,0.284,0.175,0.672,4.0,13.0,10.0,80.0,17.0,19.0,7.0,4.22,98.4,0.205,"Jenkins, Walker",Hitter,2026,0.431275094978406,-0.1595821913851345,1.0215615724948004,-0.0465093614522073,-0.2441730460824185,0.3546013695255261,0.23320299946827433,0.34546815012508675,0.21922218702473828,0.3208568853120679,,0.2900844640712385,0.3002623121575002,260,2,0,1,1,0,1,7.0,19.0,0.213,0.228
"Rushing, Dalton",687221,2026,251,149,0.248,0.252,0.004,0.464,0.43,-0.034,0.348,0.339,-0.009,12.1,44.3,89.5,36.2,7.2,,,,,47.0,,9.2,29.5,76.4,45.6,15.4,0.314,30.5,79.6,70.4,32.2,27.5,31.5,28.9,15.4,1.4,0.78,12.0,37.0,36.0,222.0,55.0,12.0,0.0,0.331,0.464,0.216,0.795,0.249,0.0,1.0,73.0,23.0,,,0.178,0.331,0.216,0.795,12.0,37.0,36.0,222.0,55.0,74.0,23.0,11.12,110.1,1.591,"Rushing, Dalton",Hitter,2026,0.6397493170895584,0.5477613450884664,-1.240071221285094,0.5943917202160219,0.8121734966781813,-0.2124109239750497,0.23261393040003528,0.3247241039859738,0.022398152408965852,0.54058801991761,,0.547147153267361,0.599588784251008,261,12,0,0,5,1,0,23.0,74.0,0.248,0.314
"Valdez, Esmerlyn",699013,2026,287,136,0.232,0.2,-0.032,0.51,0.44,-0.07,0.368,0.332,-0.036,19.9,49.3,91.9,34.6,9.4,,,,,68.0,,14.6,37.6,67.4,37.5,23.5,0.328,21.0,71.8,63.9,34.6,39.7,19.9,25.0,23.5,0.94,0.78,17.0,40.0,47.0,241.0,56.0,14.0,1.0,0.345,0.51,0.278,0.855,0.232,0.0,3.0,108.0,42.0,,,0.24,0.345,0.278,0.855,17.0,40.0,47.0,241.0,56.0,108.0,42.0,14.67,116.5,1.068,"Valdez, Esmerlyn",Hitter,2026,0.650099824094571,0.9962739053239011,-1.5355922001473807,0.9480779224885872,0.4135665400664975,-0.8300981516059179,0.23199943428566194,0.4294926340808584,-0.07128062510048191,0.714769379083337,,0.8948555397356395,0.9722439684771579,262,14,1,0,1,3,0,42.0,108.0,0.232,0.328
"Bailey, Patrick",672275,2026,343,221,0.208,0.241,0.033,0.338,0.392,0.054,0.264,0.306,0.042,6.8,42.1,90.3,35.3,4.4,21.0,39.0,39.0,35.0,8.0,,8.2,26.2,84.1,35.7,18.6,0.256,31.2,85.7,75.5,43.0,25.8,25.3,19.9,18.6,0.82,0.78,10.0,31.0,37.0,308.0,64.0,8.0,1.0,0.274,0.338,0.13,0.612,0.205,3.0,3.0,88.0,28.0,0.78,,0.151,0.274,0.13,0.612,10.0,31.0,37.0,308.0,64.0,90.0,28.0,11.6,83.5,0.932,"Bailey, Patrick",Hitter,2026,0.27602150463149366,0.2842819972841307,0.09275215259526738,-0.1259293711425384,0.30991348825160464,0.7721782633296476,0.22909436799073415,0.30093197755682805,0.43571609610118894,0.15179761300029265,,0.2516612524625729,0.26005683147488234,263,8,1,3,1,3,3,28.0,90.0,0.208,0.256
"Harris, Dustin",687957,2026,147,108,0.289,0.272,-0.017,0.383,0.354,-0.029,0.319,0.312,-0.007,1.9,18.5,84.8,39.8,1.4,,,,,88.0,,7.5,13.6,87.3,48.1,10.2,0.333,32.4,87.9,82.2,42.6,19.4,30.6,25.0,10.2,0.74,0.78,0.0,22.0,19.0,128.0,37.0,4.0,3.0,0.352,0.383,0.094,0.735,0.285,10.0,3.0,20.0,11.0,,,0.082,0.352,0.094,0.735,0.0,22.0,19.0,128.0,37.0,20.0,11.0,0.0,100.9,0.841,"Harris, Dustin",Hitter,2026,0.0772068352472946,-0.4473012694704592,2.070562629966359,-0.0334217784676674,0.2405574021107571,-0.32197841114584874,0.2272704817390264,-0.008506317346594239,-0.11807449516971164,0.1263367822527162,,-0.1468117962946501,-0.1656463055292418,264,4,4,10,3,3,2,11.0,20.0,0.289,0.333
"Freeland, Alex",690976,2026,269,162,0.234,0.22,-0.014,0.325,0.34,0.015,0.297,0.297,0.0,6.2,39.5,89.6,34.6,3.7,,,,,36.0,81.0,11.9,27.5,79.7,34.6,25.9,0.323,21.7,81.6,74.5,46.9,24.7,23.5,18.5,25.9,1.16,0.78,4.0,32.0,21.0,231.0,54.0,9.0,0.0,0.327,0.325,0.091,0.652,0.234,4.0,2.0,74.0,32.0,,,0.12,0.327,0.091,0.652,4.0,32.0,21.0,231.0,54.0,74.0,32.0,4.18,94.0,1.318,"Freeland, Alex",Hitter,2026,-0.0913113619415726,0.1674331150268857,1.185262046310063,-0.1316169552734661,0.6041052382556389,-0.04788839303710896,0.22432723069732652,0.05789627130528831,0.11481597931867707,0.028571856370528108,,0.08769931293892468,0.07330821445758585,265,9,0,4,1,2,3,32.0,74.0,0.234,0.323
"Chaparro, Andrés",665953,2026,224,141,0.258,0.228,-0.03,0.495,0.432,-0.063,0.371,0.336,-0.035,12.1,43.3,89.6,29.1,7.6,,,,,6.0,,11.2,23.7,78.5,50.4,14.2,0.3,32.2,80.7,68.9,40.4,28.4,19.1,31.9,14.2,0.86,0.78,11.0,34.0,37.0,194.0,50.0,13.0,0.0,0.357,0.495,0.237,0.852,0.258,0.0,0.0,53.0,25.0,,,0.204,0.357,0.237,0.852,11.0,34.0,37.0,194.0,50.0,53.0,25.0,9.6,117.4,0.977,"Chaparro, Andrés",Hitter,2026,0.6291015484392464,0.34451597404220874,-0.5009335497463098,0.7727281361623414,0.34421045392565003,-0.7766584938356336,0.22370296588965977,0.33254062801695555,-0.16485958596978711,0.579979877291908,,0.6059483068793668,0.6657956079761522,266,13,0,0,5,0,0,25.0,53.0,0.258,0.3
"Mack, Joe",691788,2026,330,227,0.234,0.225,-0.009,0.403,0.396,-0.007,0.299,0.292,-0.007,8.4,38.3,88.8,26.9,5.8,,,,,18.0,,5.8,24.8,83.1,47.6,17.6,0.273,27.9,85.5,76.7,50.2,24.7,19.4,23.3,17.6,1.57,0.78,14.0,40.0,52.0,303.0,71.0,9.0,0.0,0.282,0.403,0.169,0.685,0.234,0.0,2.0,82.0,19.0,,,0.171,0.282,0.169,0.685,14.0,40.0,52.0,303.0,71.0,82.0,19.0,13.76,94.6,1.784,"Mack, Joe",Hitter,2026,0.24125231290397794,0.008945784135392126,0.24032791385451124,0.30728958482301355,0.9592693716801984,-0.16537025361902766,0.2236347716608187,0.10067655509556914,-0.05162977684939955,0.04517282353267904,,0.16310608155417375,0.19720837646143724,267,9,0,0,2,2,4,19.0,82.0,0.234,0.273
"Robert Jr., Luis",673357,2026,230,151,0.221,0.239,0.018,0.407,0.418,0.011,0.311,0.321,0.01,9.9,40.4,89.8,27.2,6.5,,,,,89.0,,10.4,23.9,84.0,44.4,15.9,0.243,32.7,85.7,74.2,44.4,27.2,17.9,23.8,15.9,0.96,20.0,11.0,26.0,26.0,204.0,45.0,5.0,0.0,0.3,0.407,0.186,0.707,0.221,2.0,2.0,55.0,24.0,15.0,15.0,0.179,0.3,0.186,0.707,11.0,26.0,26.0,204.0,45.0,55.0,24.0,11.3,98.4,0.048,"Robert Jr., Luis",Hitter,2026,0.4921562396230781,0.14997861492109343,0.36612952159329937,0.17812176444689798,-0.3638313485451992,0.23261632417078515,0.22155097335857638,0.32968074143770165,0.19938878467557428,0.38468405795159855,,0.39207139857029066,0.4287334271334207,268,5,0,2,0,2,0,24.0,55.0,0.221,0.243
"Smith, Dominic",642086,2026,298,223,0.255,0.236,-0.019,0.386,0.369,-0.017,0.301,0.296,-0.005,5.4,32.3,87.7,33.6,4.1,,,,,18.0,,7.7,16.1,86.8,35.4,22.4,0.274,31.6,88.8,80.6,40.8,29.1,24.2,21.5,22.4,-0.15,0.943,9.0,40.0,46.0,267.0,68.0,6.0,1.0,0.313,0.386,0.131,0.699,0.254,0.0,5.0,47.0,22.0,0.943,,0.133,0.313,0.131,0.699,9.0,40.0,46.0,267.0,68.0,48.0,23.0,8.6,95.3,-0.144,"Smith, Dominic",Hitter,2026,0.09349259750226128,-0.09546591404544978,1.7376536364637227,0.20841730948365367,-0.5101650687544598,-0.2663154062421243,0.21854256095892338,0.09886977369880881,-0.01355679995756705,0.09386884865824652,,0.07310175984442362,0.0733647546999466,269,6,1,0,2,5,1,23.0,48.0,0.255,0.274
"Williamson, Ben",810938,2026,284,206,0.239,0.247,0.008,0.32,0.326,0.006,0.282,0.287,0.005,1.9,32.5,87.2,31.1,1.4,,,,,70.0,14.0,7.7,19.0,90.0,27.7,22.8,0.292,31.8,91.0,84.0,55.8,13.1,26.7,13.6,22.8,0.87,0.76,3.0,32.0,26.0,259.0,62.0,10.0,1.0,0.304,0.32,0.081,0.624,0.239,8.0,0.0,54.0,22.0,0.76,,0.079,0.304,0.081,0.624,3.0,32.0,26.0,259.0,62.0,54.0,22.0,3.06,89.2,1.012,"Williamson, Ben",Hitter,2026,-0.20179398624224834,-0.31319096075991776,2.0959796052778596,-0.2099306223393098,0.37088587167212983,0.10246591292268549,0.2171558371877184,-0.06851684615665687,0.0417299287677425,-0.17044201738136458,,-0.2358405697183132,-0.2774826238067561,270,10,1,8,2,0,1,22.0,54.0,0.239,0.292
"Cortes, Carlos",666126,2026,379,278,0.252,0.243,-0.009,0.399,0.37,-0.029,0.32,0.303,-0.017,6.1,35.7,88.4,36.3,4.5,78.0,39.0,62.0,61.0,19.0,,8.2,16.6,83.9,30.2,21.2,0.28,28.0,85.4,79.3,45.0,21.6,25.5,19.1,21.2,-0.88,0.78,10.0,30.0,43.0,341.0,86.0,16.0,2.0,0.319,0.399,0.147,0.718,0.255,2.0,3.0,62.0,31.0,,,0.127,0.319,0.147,0.718,10.0,30.0,43.0,341.0,86.0,63.0,31.0,9.27,101.3,-1.0,"Cortes, Carlos",Hitter,2026,0.12904578979540868,0.09437864010540632,1.7839953012605074,0.26198755464253076,-1.1625695713540798,-0.34022427561225915,0.20775521915875525,0.15687914245780676,-0.0053392002046299125,0.1720078025831663,,0.179329912518871,0.17020037889069028,271,16,2,2,4,3,0,31.0,63.0,0.252,0.28
"Ford, Harry",695670,2026,114,69,0.186,0.184,-0.002,0.34,0.323,-0.017,0.295,0.288,-0.007,10.1,33.3,84.4,30.4,6.1,,,,,45.0,,14.0,24.6,79.8,36.2,15.9,0.227,18.8,80.4,75.1,50.7,30.4,13.0,23.2,15.9,0.27,0.78,3.0,16.0,10.0,97.0,18.0,6.0,0.0,0.307,0.34,0.154,0.647,0.186,3.0,0.0,28.0,16.0,,,0.139,0.307,0.154,0.647,3.0,16.0,10.0,97.0,18.0,28.0,16.0,2.85,93.4,0.307,"Ford, Harry",Hitter,2026,-0.24834779336608487,-0.0583898730348736,2.234732983657562,-0.1620882972140407,-0.1664332572212488,-0.16195979644629768,0.20429247465127756,-0.018987986853673026,0.057026298737158865,0.07944277953236929,,0.03766044072899881,0.026265535332276727,272,6,0,3,1,0,0,16.0,28.0,0.186,0.227
"Lowe, Brandon",664040,2026,656,398,0.26,0.24,-0.02,0.493,0.442,-0.051,0.354,0.331,-0.023,12.3,45.7,91.0,35.2,7.5,9.0,56.0,26.0,3.0,39.0,98.0,9.5,28.8,79.5,46.2,15.3,0.319,33.7,81.6,67.0,36.2,33.7,23.6,33.4,15.3,5.36,10.5,35.0,94.0,96.0,584.0,152.0,29.0,1.0,0.331,0.493,0.233,0.824,0.26,2.0,7.0,189.0,62.0,10.5,10.5,0.202,0.331,0.233,0.824,35.0,94.0,96.0,584.0,152.0,189.0,62.0,31.38,112.0,0.506,"Lowe, Brandon",Hitter,2026,0.678903770048352,0.601163224181177,-1.568855264210699,1.366447103331481,-0.014764453462692274,-0.5624836729212018,0.20187255057805126,0.36031255558879816,-0.08161353585945043,0.5284848929304359,,0.6369808372832435,0.7003870946812751,273,29,1,2,3,7,0,62.0,189.0,0.26,0.319
"Swanson, Dansby",621020,2026,482,317,0.214,0.22,0.006,0.4,0.381,-0.019,0.307,0.302,-0.005,7.3,40.7,89.4,29.0,4.8,38.0,66.0,70.0,15.0,75.0,99.0,10.4,23.4,80.1,50.2,16.1,0.242,26.5,81.7,71.2,42.9,30.0,19.9,26.5,16.1,3.12,28.0,19.0,82.0,69.0,425.0,91.0,16.0,3.0,0.297,0.4,0.186,0.697,0.214,17.0,4.0,113.0,50.0,28.0,28.0,0.161,0.297,0.186,0.697,19.0,82.0,69.0,425.0,91.0,113.0,50.0,18.1,97.2,0.111,"Swanson, Dansby",Hitter,2026,0.18228610753954966,0.08593966524000267,0.45217288066728334,0.7320514983641657,-0.31581559660153563,-0.10011949198530797,0.19879960792892096,0.16193197649517804,0.05312036409083275,0.15051479193381034,,0.22877056353731556,0.244329162446655,274,16,3,17,2,4,1,50.0,113.0,0.214,0.242
"Sullivan, Brett",664954,2026,237,181,0.225,0.237,0.012,0.39,0.356,-0.034,0.289,0.283,-0.006,3.9,33.1,86.9,32.0,3.0,,,,,68.0,,5.5,16.9,88.2,51.4,10.5,0.241,33.4,91.0,85.8,35.4,27.6,25.4,34.8,10.5,0.34,0.78,7.0,23.0,33.0,218.0,49.0,13.0,1.0,0.268,0.39,0.165,0.658,0.228,1.0,3.0,38.0,13.0,,,0.119,0.268,0.165,0.658,7.0,23.0,33.0,218.0,49.0,40.0,13.0,6.39,91.5,0.386,"Sullivan, Brett",Hitter,2026,-0.03486336049454892,-0.20393664320703705,1.7637116488189517,0.02390859422012262,-0.10622302859348012,-0.1339988698320929,0.1946176778482592,-0.06609103371274032,-0.09198365556910933,-0.09856716032262995,,-0.11407835148516862,-0.11682459808956461,275,13,1,1,1,3,2,13.0,40.0,0.225,0.241
"Beavers, Dylan",687637,2026,363,227,0.228,0.219,-0.009,0.373,0.369,-0.004,0.302,0.295,-0.007,8.4,38.3,87.8,38.3,5.2,14.0,58.0,86.0,41.0,91.0,4.0,9.6,27.3,83.2,40.1,18.9,0.3,23.7,85.6,77.3,35.2,32.2,24.7,27.3,18.9,-0.48,0.78,9.0,41.0,44.0,324.0,74.0,20.0,0.0,0.307,0.373,0.145,0.68,0.228,5.0,1.0,99.0,35.0,,,0.15,0.307,0.145,0.68,9.0,41.0,44.0,324.0,74.0,99.0,35.0,8.9,95.6,-0.545,"Beavers, Dylan",Hitter,2026,0.08128409457466682,0.2781256731909625,1.2070353483109135,0.22083736116064837,-0.8157891406498425,-0.15166546585869548,0.19338160405173968,0.15099671751760418,0.08280882568886672,0.1096713719954979,,0.23564573505895034,0.2404830308464793,276,20,0,5,2,1,1,35.0,99.0,0.228,0.3
"Yelich, Christian",592885,2026,496,309,0.235,0.231,-0.004,0.379,0.384,0.005,0.307,0.309,0.002,9.4,43.0,88.9,29.4,5.9,16.0,61.0,83.0,20.0,49.0,,9.9,26.8,79.8,35.0,23.0,0.306,24.5,81.9,72.4,56.0,19.7,22.0,14.2,23.0,0.15,26.0,12.0,69.0,58.0,438.0,103.0,23.0,2.0,0.315,0.379,0.144,0.694,0.236,11.0,4.0,132.0,49.0,24.0,26.0,0.153,0.315,0.144,0.694,12.0,69.0,58.0,438.0,103.0,133.0,49.0,12.16,97.2,0.006,"Yelich, Christian",Hitter,2026,0.23229042992434176,0.2163246508678525,0.3713607052661245,0.49614975561877817,-0.395841849840975,-0.008567594115908522,0.19102316239170297,0.1743227369497911,0.10864065707140765,0.20976558956982505,,0.2551283046765294,0.27588656392044963,277,23,2,11,4,4,1,49.0,133.0,0.235,0.306
"Stowers, Kyle",669065,2026,512,289,0.239,0.227,-0.012,0.459,0.437,-0.022,0.341,0.329,-0.012,12.8,56.4,92.5,33.2,7.2,4.0,63.0,26.0,2.0,23.0,15.0,10.2,31.4,76.1,46.0,17.6,0.322,33.7,79.4,67.3,37.0,33.2,22.1,33.9,17.6,1.18,0.768,21.0,57.0,65.0,447.0,107.0,27.0,4.0,0.331,0.459,0.22,0.79,0.239,1.0,2.0,161.0,52.0,0.768,,0.21,0.331,0.22,0.79,21.0,57.0,65.0,447.0,107.0,161.0,52.0,19.99,107.9,1.359,"Stowers, Kyle",Hitter,2026,0.6338948046712524,0.8358956885848268,-1.9870667677368505,0.857769741487377,0.635353584758658,-0.2921102076943974,0.19058262265378353,0.39400010426939464,0.05457726167224302,0.49538526886140705,,0.7042591246315798,0.765607048197326,278,27,4,1,10,2,1,52.0,161.0,0.239,0.322
"India, Jonathan",663697,2026,58,35,0.167,0.173,0.006,0.313,0.289,-0.024,0.291,0.284,-0.007,5.7,31.4,85.7,28.6,3.4,,,,,56.0,,13.8,22.4,80.6,40.0,20.0,0.182,17.9,81.9,79.6,28.6,31.4,14.3,17.1,20.0,0.21,8.0,2.0,8.0,8.0,48.0,8.0,1.0,0.0,0.31,0.313,0.146,0.623,0.167,0.0,0.0,13.0,8.0,7.05,,0.116,0.31,0.146,0.623,2.0,8.0,8.0,48.0,8.0,13.0,8.0,1.85,92.1,0.026,"India, Jonathan",Hitter,2026,-0.4802063968473222,-0.2883392861642832,3.075155159800656,-0.2752985610123931,-0.38059875398584364,-0.1378312539360209,0.19041603258136575,-0.052274182231850874,0.07037777961933082,-0.11005993685225578,,-0.10002969240932483,-0.1531089558785936,279,1,0,0,2,0,0,8.0,13.0,0.167,0.182
"House, Brady",691781,2026,351,227,0.246,0.265,0.019,0.397,0.435,0.038,0.312,0.333,0.021,9.7,47.6,89.9,31.3,6.3,22.0,35.0,24.0,19.0,71.0,15.0,8.0,25.9,78.6,31.3,25.1,0.311,34.1,81.5,72.9,46.7,26.9,22.9,15.0,25.1,0.56,0.76,10.0,43.0,45.0,317.0,78.0,18.0,0.0,0.311,0.397,0.151,0.708,0.245,3.0,3.0,90.0,28.0,0.76,,0.17,0.311,0.151,0.708,10.0,43.0,45.0,317.0,78.0,91.0,28.0,10.96,98.7,0.651,"House, Brady",Hitter,2026,0.6552476053742686,0.40256666964846494,-1.0419090633510137,0.31623702808812854,0.09574799148700973,0.4447601811835314,0.18952524725088152,0.3923690191132187,0.2728944288638377,0.4451867169940155,,0.4613447417847773,0.502986435292287,280,18,0,3,3,3,0,28.0,91.0,0.246,0.311
"Walker, Christian",572233,2026,630,420,0.224,0.226,0.002,0.421,0.394,-0.027,0.313,0.303,-0.01,9.5,41.0,89.1,31.7,6.4,38.0,30.0,37.0,24.0,15.0,84.0,7.8,23.3,83.4,41.7,19.5,0.25,31.5,85.4,73.3,43.1,27.9,21.2,22.6,19.5,1.82,20.0,28.0,70.0,86.0,568.0,127.0,25.0,1.0,0.295,0.421,0.197,0.716,0.223,0.0,2.0,146.0,49.0,20.0,20.0,0.168,0.295,0.197,0.716,28.0,70.0,86.0,568.0,127.0,147.0,49.0,26.2,99.1,0.091,"Walker, Christian",Hitter,2026,0.2698841486058531,0.2439734037833248,-0.03003458079423288,0.8283900652689035,-0.33105869245666697,-0.20189490553045067,0.18272368078061707,0.24598237285375718,0.03412478852355398,0.20663969061340923,,0.32691750734916963,0.33864556161281606,281,26,1,0,10,3,0,49.0,147.0,0.224,0.25
"Adell, Jo",666176,2026,656,443,0.238,0.254,0.016,0.395,0.436,0.041,0.304,0.324,0.02,8.6,44.3,90.3,32.1,5.8,31.0,7.0,20.0,27.0,75.0,9.0,5.0,23.9,82.3,40.4,22.3,0.284,35.3,85.1,74.2,40.4,26.4,23.7,20.8,22.3,0.25,5.2,22.0,69.0,93.0,600.0,143.0,26.0,1.0,0.296,0.395,0.157,0.691,0.239,4.0,5.0,157.0,33.0,2.1,2.1,0.182,0.296,0.157,0.691,22.0,69.0,93.0,600.0,143.0,157.0,33.0,24.28,96.2,0.047,"Adell, Jo",Hitter,2026,0.6227586182332939,0.32047475752994925,-1.0133204575004342,0.7167362075102446,-0.3645935033379558,0.4299898517038061,0.18183660340236993,0.3958392730461397,0.2562823266960359,0.3396709371950897,,0.44505302137368896,0.48541574307106794,282,26,1,5,18,5,0,33.0,157.0,0.238,0.284
"Torrens, Luis",620443,2026,277,198,0.238,0.231,-0.007,0.401,0.366,-0.035,0.306,0.289,-0.017,5.6,40.9,88.7,30.3,4.0,,,,,28.0,,6.1,20.9,87.1,31.3,26.3,0.274,32.9,88.0,80.8,53.0,21.7,20.7,10.1,26.3,2.09,2.275,9.0,36.0,41.0,252.0,60.0,14.0,0.0,0.296,0.401,0.163,0.697,0.238,1.0,1.0,58.0,17.0,1.5,1.5,0.135,0.296,0.163,0.697,9.0,36.0,41.0,252.0,60.0,58.0,17.0,8.21,96.8,0.88,"Torrens, Luis",Hitter,2026,0.04649521686725013,0.03510059959941265,0.8985432376984486,0.2446322360289945,0.2702814390282632,-0.3536072559784937,0.18178766350078848,-0.008605950315809654,-0.13330600145418203,-0.03933842252648615,,0.04197041139897207,0.049683379563525566,283,14,0,1,4,1,3,17.0,58.0,0.238,0.274
"Goodman, Hunter",696100,2026,570,342,0.247,0.229,-0.018,0.532,0.454,-0.078,0.353,0.321,-0.032,14.3,44.4,89.7,32.2,8.7,6.0,35.0,5.0,4.0,47.0,,7.9,30.5,77.9,47.7,15.8,0.282,40.3,80.4,68.4,34.5,34.2,22.2,28.9,15.8,2.44,0.765,41.0,84.0,88.0,515.0,127.0,20.0,2.0,0.311,0.532,0.285,0.843,0.245,5.0,5.0,173.0,45.0,0.765,,0.225,0.311,0.285,0.843,41.0,84.0,88.0,515.0,127.0,174.0,45.0,34.99,111.7,2.821,"Goodman, Hunter",Hitter,2026,0.711181710692345,0.5409439962826093,-2.774345976822205,1.3889134971644934,1.7496238917687568,-0.7387171881854776,0.17926002533927926,0.2945166111452906,-0.2582277279804091,0.48266888105511924,,0.6034568547191825,0.681724282181943,284,20,2,5,5,5,0,45.0,174.0,0.247,0.282
"Carter, Evan",694497,2026,453,283,0.195,0.201,0.006,0.315,0.315,0.0,0.272,0.277,0.005,4.9,35.0,87.6,27.9,3.1,24.0,67.0,93.0,21.0,89.0,96.0,10.4,25.2,80.6,39.6,17.0,0.249,21.5,83.1,73.4,41.3,29.7,19.8,21.6,17.0,1.81,0.76,9.0,52.0,40.0,390.0,76.0,13.0,3.0,0.288,0.315,0.12,0.603,0.192,17.0,2.0,114.0,47.0,0.76,,0.114,0.288,0.12,0.603,9.0,52.0,40.0,390.0,76.0,114.0,47.0,9.0,86.1,2.105,"Carter, Evan",Hitter,2026,-0.3301913151109046,-0.21056696690715465,1.1427814136621748,0.016447381013042845,1.2039210601550556,0.06102974224759142,0.17571817728239025,-0.04065543677313068,0.08559499456999481,-0.20848816898663022,,-0.1366765427906674,-0.17653582741787172,285,14,3,17,5,2,9,47.0,114.0,0.195,0.249
"Jiménez, Leo",677870,2026,194,130,0.199,0.242,0.043,0.259,0.336,0.077,0.267,0.314,0.047,3.8,40.0,90.0,30.0,2.6,,,,,65.0,,9.3,19.6,84.9,34.6,19.2,0.244,26.2,88.5,78.1,54.6,20.0,23.8,12.3,19.2,-0.77,0.78,2.0,18.0,14.0,166.0,33.0,4.0,0.0,0.306,0.259,0.06,0.565,0.199,1.0,1.0,38.0,18.0,,,0.094,0.306,0.06,0.565,2.0,18.0,14.0,166.0,33.0,38.0,18.0,2.59,84.5,-0.875,"Jiménez, Leo",Hitter,2026,-0.04246872455462977,-0.028698963160242785,1.8549890435402832,-0.5204599155405977,-1.0673002222595092,0.9845574011397402,0.17554811331726994,0.18288515553804857,0.5283115868684771,0.07069143892025455,,0.01481177351547671,-0.024559409924973165,286,4,0,1,8,1,1,18.0,38.0,0.199,0.244
"Carrigg, Cole",694249,2026,368,244,0.28,0.248,-0.032,0.471,0.401,-0.07,0.347,0.314,-0.033,5.7,36.9,87.9,36.5,3.9,35.0,29.0,18.0,44.0,85.0,31.0,7.6,23.6,85.7,47.5,16.4,0.345,35.9,86.8,76.9,37.7,29.1,26.2,29.9,16.4,0.9,0.78,11.0,49.0,52.0,329.0,92.0,21.0,4.0,0.342,0.471,0.191,0.813,0.275,11.0,4.0,86.0,28.0,,,0.153,0.342,0.191,0.813,11.0,49.0,52.0,329.0,92.0,87.0,28.0,9.37,109.8,1.023,"Carrigg, Cole",Hitter,2026,0.3650495405950198,0.09447840719434132,-0.005986093872011794,0.7147961208660929,0.37926957439245196,-0.8077924780806792,0.17362728026791263,0.13889355192640213,-0.27311773031233794,0.21100296975428817,,0.25536056427633563,0.28082527265102936,287,22,4,11,5,4,2,28.0,87.0,0.28,0.345
"Smith, Pavin",656976,2026,118,79,0.19,0.214,0.024,0.305,0.321,0.016,0.26,0.284,0.024,5.1,38.0,88.1,24.1,3.5,,,,,7.0,,10.2,20.3,87.8,40.5,31.6,0.215,27.2,88.5,81.3,43.0,31.6,17.7,16.5,31.6,-0.67,2.25,3.0,12.0,12.0,105.0,20.0,3.0,0.0,0.271,0.305,0.115,0.576,0.186,2.0,1.0,24.0,12.0,1.5,1.5,0.107,0.271,0.115,0.576,3.0,12.0,12.0,105.0,20.0,24.0,12.0,3.16,82.3,-0.285,"Smith, Pavin",Hitter,2026,-0.26051492542183297,-0.22452212946766306,2.4367519942455123,-0.4641021043908575,-0.6176288945331355,0.4016305656857411,0.16426449334446797,-0.03341965614202243,0.222716539784171,-0.1262338608836027,,-0.15467214020180475,-0.18238810150650014,288,3,0,2,0,1,0,12.0,24.0,0.19,0.215
"Arenado, Nolan",571448,2026,596,411,0.255,0.23,-0.025,0.474,0.366,-0.108,0.348,0.299,-0.049,7.1,31.2,85.1,33.8,4.9,57.0,44.0,34.0,50.0,7.0,83.0,8.7,20.1,83.2,49.4,9.5,0.274,32.0,85.5,78.0,37.2,27.7,21.4,29.9,9.5,3.28,27.0,30.0,79.0,86.0,530.0,135.0,24.0,1.0,0.331,0.474,0.219,0.805,0.254,4.0,3.0,119.0,51.0,32.0,32.0,0.136,0.331,0.219,0.805,30.0,79.0,86.0,530.0,135.0,120.0,52.0,23.16,110.1,0.121,"Arenado, Nolan",Hitter,2026,0.0828824062744404,-0.11665954807865025,0.8590758536818144,1.1485339132172336,-0.30819404867397,-1.0512569654723223,0.16258505557310798,-0.019777927294530383,-0.41049453935407815,0.12657986141982994,,0.07755294735841732,0.08072253793906306,289,24,1,4,10,3,0,52.0,120.0,0.255,0.274
"Jarvis, Jim",805347,2026,124,92,0.207,0.234,0.027,0.297,0.304,0.007,0.254,0.268,0.014,3.3,37.0,89.0,27.2,2.4,,,,,63.0,,6.5,18.5,89.6,27.2,15.2,0.253,28.0,90.4,83.7,58.7,18.5,20.7,13.0,15.2,0.64,0.78,1.0,10.0,11.0,111.0,23.0,5.0,1.0,0.267,0.297,0.09,0.564,0.207,0.0,0.0,23.0,8.0,,,0.07,0.267,0.09,0.564,1.0,10.0,11.0,111.0,23.0,23.0,8.0,1.02,80.4,0.727,"Jarvis, Jim",Hitter,2026,-0.41530840963756455,-0.2129827047889751,2.3140206650370065,-0.5718056603873508,0.15367175573650865,0.3072038500522609,0.16099616790913915,-0.12992898153640542,0.13463260753014594,-0.3273690927375317,,-0.3195711120097565,-0.3766866561553901,290,5,1,0,1,0,4,8.0,23.0,0.207,0.253
"Marsh, Brandon",669016,2026,564,384,0.261,0.25,-0.011,0.41,0.402,-0.008,0.309,0.301,-0.008,8.1,43.0,89.3,41.1,5.5,25.0,12.0,16.0,42.0,68.0,35.0,6.0,25.2,87.0,38.5,25.3,0.322,36.4,89.0,77.3,41.9,26.8,27.1,25.3,25.3,0.51,5.2,18.0,71.0,61.0,522.0,136.0,20.0,2.0,0.306,0.41,0.149,0.716,0.26,11.0,4.0,141.0,33.0,3.0,3.0,0.152,0.306,0.149,0.716,18.0,71.0,61.0,522.0,136.0,142.0,34.0,17.65,97.8,0.096,"Marsh, Brandon",Hitter,2026,0.32432025536570896,0.47942271374900935,-0.32704052897522573,0.5635805294873357,-0.3272479184928841,-0.19140033586864738,0.16058078123189246,0.19901572088479183,0.015998359941139656,0.17626984941203655,,0.30816799970037195,0.3302359912763305,291,20,2,11,2,4,2,34.0,142.0,0.261,0.322
"Pérez, Wenceel",672761,2026,175,132,0.18,0.203,0.023,0.348,0.348,0.0,0.262,0.272,0.01,7.6,33.3,87.2,23.5,5.7,,,,,73.0,,8.0,16.6,87.6,44.7,15.9,0.176,29.1,89.9,83.4,41.7,31.8,13.6,21.2,15.9,-0.7,0.77,7.0,22.0,17.0,161.0,29.0,4.0,1.0,0.246,0.348,0.168,0.594,0.18,3.0,0.0,29.0,14.0,0.77,,0.145,0.246,0.168,0.594,7.0,22.0,17.0,161.0,29.0,29.0,14.0,7.0,82.9,-0.805,"Pérez, Wenceel",Hitter,2026,-0.14226588711250593,-0.261955731218898,2.4059964718569895,-0.23573125211992105,-1.0139493867665497,0.21743192360230823,0.15793041862223,-0.012466279866163915,0.1068528320338926,-0.08754192642512339,,-0.07924686105160718,-0.08165969402393056,292,4,1,3,0,0,0,14.0,29.0,0.18,0.176
"Osuna, Alejandro",696030,2026,231,165,0.262,0.251,-0.011,0.307,0.307,0.0,0.301,0.3,-0.001,0.6,28.5,86.5,33.3,0.4,,,,,80.0,,8.2,15.2,87.5,24.8,23.0,0.313,31.5,90.2,85.8,49.7,14.5,28.5,10.9,23.0,0.09,0.78,1.0,27.0,25.0,202.0,53.0,5.0,0.0,0.352,0.307,0.045,0.659,0.256,5.0,0.0,35.0,19.0,,,0.056,0.352,0.045,0.659,1.0,27.0,25.0,202.0,53.0,35.0,19.0,1.0,95.3,0.102,"Osuna, Alejandro",Hitter,2026,-0.27007627958927416,-0.41238892091719687,2.54341084564719,-0.21617054196376798,-0.32267498973634473,-0.10280766361553827,0.1565409261365671,-0.09674758308584516,-0.017185899645449344,-0.10604019383093304,,-0.2831397505673991,-0.34247248899182436,293,6,0,5,9,0,1,19.0,35.0,0.262,0.313
"Martínez, Angel",682657,2026,412,299,0.257,0.256,-0.001,0.47,0.409,-0.061,0.332,0.305,-0.027,7.4,36.2,87.6,35.8,5.4,47.0,1.0,3.0,74.0,55.0,28.0,3.2,21.8,88.5,44.1,15.1,0.291,42.4,90.2,81.3,41.8,25.4,25.4,25.4,15.1,1.22,0.76,18.0,49.0,62.0,385.0,99.0,24.0,2.0,0.293,0.47,0.213,0.763,0.26,11.0,1.0,89.0,13.0,0.76,,0.153,0.293,0.213,0.763,18.0,49.0,62.0,385.0,99.0,90.0,13.0,15.66,105.1,1.419,"Martínez, Angel",Hitter,2026,0.38564529356628585,0.12251133329541326,-0.6047198002056667,0.718426247842507,0.681082872324052,-0.5046545428555457,0.15561239014303077,0.1602500708721646,-0.22410613646395705,0.1542132536798669,,0.22133320160576467,0.23646902970492875,294,24,2,11,7,1,6,13.0,90.0,0.257,0.291
"Tawa, Tim",694374,2026,347,232,0.239,0.244,0.005,0.395,0.419,0.024,0.299,0.315,0.016,10.8,44.0,90.7,35.8,7.3,28.0,32.0,36.0,27.0,53.0,56.0,7.8,24.2,80.4,37.5,15.9,0.289,31.6,83.6,74.1,43.1,26.7,23.7,19.4,15.9,-0.4,0.76,11.0,40.0,41.0,309.0,74.0,13.0,1.0,0.297,0.395,0.156,0.692,0.233,8.0,4.0,84.0,27.0,0.76,,0.175,0.297,0.156,0.692,11.0,40.0,41.0,309.0,74.0,84.0,27.0,11.67,94.6,-0.465,"Tawa, Tim",Hitter,2026,0.4787522677244986,0.5115487109410788,-0.3232933365289784,0.2195469582497218,-0.7548167572293173,0.24544221634557553,0.15549839828907774,0.37721082620691426,0.26697027027247505,0.3710027270457361,,0.4661349963426529,0.49733442493329216,295,13,1,8,0,4,7,27.0,84.0,0.239,0.289
"Davis, Henry",680779,2026,298,196,0.172,0.198,0.026,0.313,0.341,0.028,0.263,0.29,0.027,8.7,40.8,90.2,27.0,5.8,,,,,70.0,,9.4,21.1,84.4,52.6,12.2,0.184,32.2,86.6,76.9,36.7,26.0,19.4,22.4,12.2,0.45,0.76,10.0,33.0,38.0,256.0,44.0,6.0,0.0,0.272,0.313,0.141,0.585,0.166,3.0,2.0,62.0,28.0,0.76,,0.143,0.272,0.141,0.585,10.0,33.0,38.0,256.0,44.0,63.0,28.0,10.89,83.2,0.523,"Davis, Henry",Hitter,2026,-0.12193540635071459,0.11538563738499288,0.852101911176507,-0.11150377806591794,-0.0018078219858306507,0.4927819854067385,0.15278041219799907,0.027553554817699014,0.262793240349002,0.03031990528631477,,0.04055246087864402,0.04128708662547797,296,6,0,3,8,2,3,28.0,63.0,0.172,0.184
"Prieto, César",693409,2026,35,30,0.059,0.239,0.18,0.059,0.352,0.293,0.071,0.266,0.195,3.3,30.0,87.8,23.3,2.9,,,,,27.0,,2.9,11.4,96.9,46.7,10.0,0.067,35.7,96.9,80.8,63.3,16.7,16.7,16.7,10.0,-0.71,0.78,0.0,1.0,0.0,34.0,2.0,0.0,0.0,0.086,0.059,0.0,0.145,0.059,1.0,0.0,4.0,1.0,,,0.113,0.086,0.0,0.145,0.0,1.0,0.0,34.0,2.0,4.0,1.0,0.0,22.5,-0.807,"Prieto, César",Hitter,2026,-0.12146423991619809,-0.4950678188090907,1.8635501716292586,-1.9972119653208775,-1.0154736963520627,4.032537115207195,0.1522774490909028,0.09567434416852323,1.5180130002368721,-0.2576870435307106,,-0.46389832618746135,-0.45920841069527346,297,0,0,1,0,0,0,1.0,4.0,0.059,0.067
"Torres, Bryan",663494,2026,189,129,0.229,0.231,0.002,0.331,0.332,0.001,0.289,0.288,-0.001,3.1,26.4,86.7,35.7,2.2,,,,,45.0,,9.5,20.6,87.4,48.1,14.7,0.272,27.2,88.7,80.7,45.7,23.3,26.4,26.4,14.7,-0.03,0.78,4.0,17.0,19.0,166.0,38.0,1.0,2.0,0.309,0.331,0.102,0.64,0.232,2.0,2.0,38.0,18.0,,,0.101,0.309,0.102,0.64,4.0,17.0,19.0,166.0,38.0,39.0,18.0,4.01,91.5,-0.034,"Torres, Bryan",Hitter,2026,-0.16878415616307602,-0.28632238061219173,2.1871674867528235,-0.24872783836311374,-0.4263280415512376,-0.0070665325249678725,0.14796597468762854,-0.0202201706421178,0.04016816208136872,-0.08432552045172645,,-0.13259227910382834,-0.16437807698227816,298,1,2,2,2,2,1,18.0,39.0,0.229,0.272
"Neto, Zach",687263,2026,699,402,0.24,0.216,-0.024,0.438,0.412,-0.026,0.337,0.316,-0.021,11.7,41.4,89.9,38.1,6.8,7.0,56.0,14.0,6.0,62.0,8.0,9.7,30.5,82.5,48.8,19.7,0.321,37.2,84.4,69.0,30.6,35.6,23.4,31.6,19.7,5.24,4.15,27.0,101.0,77.0,616.0,148.0,31.0,5.0,0.329,0.438,0.198,0.767,0.241,24.0,1.0,212.0,66.0,0.78,,0.196,0.329,0.198,0.767,27.0,101.0,77.0,616.0,148.0,213.0,68.0,25.4,106.6,1.233,"Neto, Zach",Hitter,2026,0.42484594962413547,0.5312909345792064,-1.613479609759434,1.0982790900548671,0.5393220808713308,-0.461459849543801,0.14297581949894309,0.21107698337896236,-0.09690348514438363,0.368434180575592,,0.4804706977715731,0.5337596757482386,299,31,5,24,14,1,0,68.0,213.0,0.24,0.321
"Peck, John",807726,2026,77,50,0.169,0.228,0.059,0.185,0.358,0.173,0.233,0.32,0.087,8.0,40.0,89.4,34.0,5.2,,,,,51.0,,11.7,20.8,78.9,24.0,34.0,0.22,33.1,82.1,75.5,42.0,18.0,30.0,8.0,34.0,-0.08,0.78,0.0,3.0,7.0,65.0,11.0,1.0,0.0,0.286,0.185,0.016,0.471,0.169,5.0,1.0,16.0,9.0,,,0.13,0.286,0.016,0.471,0.0,3.0,7.0,65.0,11.0,16.0,9.0,0.0,73.7,-0.091,"Peck, John",Hitter,2026,0.1095596106915396,0.23012871416183506,0.5038796208307779,-0.9664612066145452,-0.4697708647383618,1.8327323510423223,0.1403245562680829,0.14217485711984093,0.7945493735915795,0.3020963637380767,,0.08190658019075372,0.10370989690943067,300,1,0,5,2,1,0,9.0,16.0,0.169,0.22
"Hernández, Teoscar",606192,2026,488,306,0.269,0.257,-0.012,0.428,0.436,0.008,0.334,0.333,-0.001,10.5,45.1,90.3,33.3,6.6,13.0,45.0,41.0,7.0,77.0,11.0,8.6,27.7,76.9,35.0,24.2,0.351,30.9,79.5,70.1,44.4,28.4,20.3,18.3,24.2,0.89,19.667,16.0,66.0,64.0,439.0,118.0,17.0,2.0,0.336,0.428,0.159,0.764,0.268,5.0,3.0,133.0,42.0,13.308,17.667,0.179,0.336,0.159,0.764,16.0,66.0,64.0,439.0,118.0,135.0,42.0,16.3,105.7,0.045,"Hernández, Teoscar",Hitter,2026,0.6574616008371228,0.4460514016048165,-1.1997016288220692,0.7179223983346575,-0.36611781292346895,-0.07327486049853393,0.13736952861493193,0.3752659753220868,0.09565706575283228,0.4699131798960595,,0.5217959861800767,0.5696327044652565,301,18,2,5,4,3,0,42.0,135.0,0.269,0.351
"Volpe, Anthony",683011,2026,246,165,0.245,0.232,-0.013,0.336,0.334,-0.002,0.297,0.291,-0.006,4.8,37.0,87.9,32.7,3.3,,,,,77.0,92.0,10.2,22.8,83.2,32.7,17.0,0.319,25.7,85.1,77.3,43.0,23.0,27.3,23.0,17.0,1.22,3.475,2.0,24.0,28.0,220.0,54.0,12.0,1.0,0.321,0.336,0.091,0.657,0.245,12.0,1.0,56.0,25.0,0.879,,0.102,0.321,0.091,0.657,2.0,24.0,28.0,220.0,54.0,56.0,25.0,1.99,94.0,0.341,"Volpe, Anthony",Hitter,2026,-0.1447699930366756,-0.03918342390071321,1.511861142162921,-0.13220113297078243,-0.14051999426752554,-0.16314690648558697,0.13255312826419793,0.030004623510538724,0.03513728301527495,-0.04614080796873779,,-0.02942636077521054,-0.06345936790490966,302,12,1,12,0,1,0,25.0,56.0,0.245,0.319
"Simon, Ronny",682927,2026,66,49,0.262,0.274,0.012,0.361,0.394,0.033,0.311,0.316,0.005,4.1,30.6,87.6,28.6,3.2,,,,,85.0,,6.1,16.7,90.2,40.8,14.3,0.306,40.9,92.7,84.3,49.0,16.3,22.4,20.4,14.3,0.08,0.78,1.0,11.0,4.0,61.0,16.0,3.0,0.0,0.308,0.361,0.099,0.669,0.276,4.0,0.0,10.0,4.0,,,0.12,0.308,0.099,0.669,1.0,11.0,4.0,61.0,16.0,11.0,4.0,1.09,98.4,0.091,"Simon, Ronny",Hitter,2026,0.3418945328792331,-0.31729052235670685,1.0368972013807594,-0.26443502605302804,-0.33105869245666697,0.2538621930745346,0.13016520510941337,0.1852872322039984,0.07595030863683261,0.17008686465349282,,0.04336334781467756,0.037901806648036156,303,3,0,4,0,0,1,4.0,11.0,0.262,0.306
"Holliday, Jackson",702616,2026,354,236,0.229,0.236,0.007,0.34,0.352,0.012,0.284,0.293,0.009,6.4,33.1,87.0,36.0,4.2,35.0,58.0,67.0,34.0,88.0,31.0,9.6,23.7,81.8,33.9,20.8,0.285,26.8,85.9,76.5,44.1,24.2,25.4,20.3,20.8,0.18,0.764,7.0,45.0,30.0,315.0,72.0,12.0,1.0,0.3,0.34,0.111,0.64,0.229,8.0,4.0,84.0,34.0,0.764,,0.116,0.3,0.111,0.64,7.0,45.0,30.0,315.0,72.0,84.0,34.0,7.25,89.9,0.208,"Holliday, Jackson",Hitter,2026,-0.023369175604273616,0.005104940775435635,0.9781572297442654,-0.022119163304597112,-0.24188658170414878,0.1526030888997861,0.1296560549395327,0.0950552310297616,0.14493409378465535,0.03843942931596184,,0.022286767848043842,0.0006335236393087275,304,12,1,8,0,4,1,34.0,84.0,0.229,0.285
"Johnston, Troy",687859,2026,445,318,0.28,0.276,-0.004,0.397,0.376,-0.021,0.332,0.323,-0.009,2.2,36.5,89.7,39.9,1.6,68.0,39.0,18.0,48.0,22.0,19.0,8.3,18.2,86.1,38.1,21.7,0.339,35.9,88.0,77.7,40.6,23.9,32.1,24.5,21.7,-0.74,0.78,4.0,41.0,50.0,393.0,110.0,32.0,1.0,0.351,0.397,0.117,0.748,0.28,4.0,5.0,81.0,37.0,,,0.1,0.351,0.117,0.748,4.0,41.0,50.0,393.0,110.0,81.0,37.0,3.79,105.1,-0.841,"Johnston, Troy",Hitter,2026,0.25670016892555014,0.08223220942173833,0.7591447476874442,0.37558075400079777,-1.0413869593057858,-0.20912989096466275,0.12577862434192663,0.18467311732622532,0.010682468232845951,0.21132709083944043,,0.15099363652203598,0.13325148038848605,305,32,1,4,9,5,1,37.0,81.0,0.28,0.339
"McLain, Matt",680574,2026,493,299,0.187,0.215,0.028,0.336,0.365,0.029,0.275,0.295,0.02,9.0,35.8,87.9,35.8,5.5,12.0,58.0,68.0,27.0,85.0,89.0,9.7,28.0,81.3,37.8,24.4,0.233,26.7,84.3,75.0,35.1,35.5,20.1,21.7,24.4,-0.4,2.3,15.0,59.0,40.0,434.0,81.0,18.0,1.0,0.276,0.336,0.149,0.612,0.188,19.0,2.0,137.0,47.0,0.77,,0.15,0.276,0.149,0.612,15.0,59.0,40.0,434.0,81.0,138.0,48.0,16.29,87.0,-0.167,"McLain, Matt",Hitter,2026,0.05438646222456456,0.18777645922913894,0.3829554646522416,0.1408963125701149,-0.5276946289878608,0.459330271589055,0.12289323824544181,0.15082998836819936,0.266985602391719,0.0983925677841537,,0.1581632802284786,0.15875804424273354,306,18,1,20,6,2,3,48.0,138.0,0.187,0.233
"Troy, Tommy",694371,2026,143,96,0.217,0.229,0.012,0.349,0.393,0.044,0.285,0.304,0.019,9.4,30.2,84.9,31.3,6.3,,,,,99.0,,9.1,23.8,81.9,32.3,22.9,0.264,27.7,83.5,75.6,47.9,22.9,22.9,12.5,22.9,0.09,0.78,4.0,23.0,9.0,129.0,28.0,3.0,1.0,0.289,0.349,0.132,0.638,0.217,1.0,0.0,34.0,13.0,,,0.164,0.289,0.132,0.638,4.0,23.0,9.0,129.0,28.0,34.0,13.0,4.5,90.2,0.102,"Troy, Tommy",Hitter,2026,0.2688532029880634,-0.11456491151592771,0.691584919452545,-0.2249420658762207,-0.32267498973634473,0.4082062246468663,0.1228498699713311,0.18963461508064436,0.20897568466581712,0.22329416536980395,,0.1604176384813427,0.18498225031313656,307,3,1,1,0,0,1,13.0,34.0,0.217,0.264
"Edman, Tommy",669242,2026,327,221,0.243,0.237,-0.006,0.378,0.343,-0.035,0.313,0.301,-0.012,5.4,32.6,87.3,28.5,3.7,,,,,67.0,85.0,6.4,20.5,91.0,43.0,19.0,0.29,30.9,92.2,78.6,45.7,28.5,19.9,19.9,19.0,1.37,12.04,8.0,44.0,42.0,288.0,70.0,11.0,2.0,0.324,0.378,0.135,0.702,0.239,6.0,1.0,67.0,21.0,8.4,8.4,0.106,0.324,0.135,0.702,8.0,44.0,42.0,288.0,70.0,67.0,21.0,7.26,99.1,0.113,"Edman, Tommy",Hitter,2026,-0.0493666017166458,-0.2332791350832109,1.3499838405785494,0.26826111523046037,-0.3142912870160225,-0.3094178358592144,0.12136835363802413,0.04776829493886102,-0.0663288045096775,-0.018956608304758607,,-0.033605973985135325,-0.06684343940232161,308,11,2,6,14,1,3,21.0,67.0,0.243,0.29
"Lombard Jr., George",806146,2026,166,111,0.237,0.24,0.003,0.414,0.388,-0.026,0.304,0.298,-0.006,8.1,35.1,87.1,32.4,5.4,,,,,93.0,,6.0,26.5,82.5,36.9,24.3,0.282,27.2,83.9,75.7,49.5,24.3,20.7,18.0,24.3,1.14,0.78,7.0,23.0,22.0,152.0,36.0,4.0,1.0,0.285,0.414,0.177,0.699,0.237,2.0,2.0,44.0,10.0,,,0.148,0.285,0.177,0.699,7.0,23.0,22.0,152.0,36.0,44.0,10.0,6.56,96.2,1.295,"Lombard Jr., George",Hitter,2026,0.2211166660638922,0.02539076692713564,0.02816117308179078,0.08182271676470823,0.5865756780222378,-0.1605724473328069,0.11945522644731812,0.12428689772328398,-0.0376271978943353,0.07314004483040999,,0.13772935540003656,0.1498349374146051,309,4,1,2,1,2,1,10.0,44.0,0.237,0.282
"Hedges, Austin",595978,2026,245,175,0.249,0.226,-0.023,0.38,0.317,-0.063,0.316,0.283,-0.033,4.6,32.6,85.8,26.9,3.3,,,,,2.0,,10.2,18.0,86.2,47.4,15.4,0.285,25.5,86.9,77.1,47.4,22.9,20.0,23.4,15.4,0.95,4.0,6.0,25.0,25.0,213.0,53.0,10.0,0.0,0.328,0.38,0.131,0.708,0.249,1.0,2.0,44.0,25.0,,4.0,0.091,0.328,0.131,0.708,6.0,25.0,25.0,213.0,53.0,44.0,25.0,5.01,100.0,0.232,"Hedges, Austin",Hitter,2026,-0.28308288107573487,-0.34954714883322047,2.2588698914868774,0.0659902719231022,-0.22359486667799122,-0.7126949617783042,0.11441989163028955,-0.1187900794208997,-0.23791215360557177,-0.11534431006993381,,-0.1784369465541983,-0.2189299251949084,310,10,0,1,1,2,4,25.0,44.0,0.249,0.285
"Piper, Kenny",700652,2026,11,6,0.222,0.125,-0.097,0.556,0.332,-0.224,0.394,0.282,-0.112,16.7,33.3,89.8,16.7,9.1,,,,,26.0,,18.2,27.3,72.7,33.3,16.7,0.2,14.3,77.3,72.0,33.3,50.0,0.0,33.3,16.7,0.27,0.78,1.0,4.0,2.0,9.0,2.0,0.0,0.0,0.364,0.556,0.334,0.92,0.222,1.0,0.0,3.0,2.0,,,0.207,0.364,0.334,0.92,1.0,4.0,2.0,9.0,2.0,3.0,2.0,0.6,124.7,0.307,"Piper, Kenny",Hitter,2026,-0.24403980156183014,0.004725129264159911,2.216905262050786,0.7596962626162372,-0.1664332572212488,-2.5545519951279805,0.11432677892750498,-0.16136194543063334,-0.8606310147134694,0.1970430341055488,,0.2913591072370084,0.32305941571207525,311,0,0,1,0,0,0,2.0,3.0,0.222,0.2
"Diaz, Yainer",673237,2026,356,281,0.283,0.271,-0.012,0.457,0.412,-0.045,0.333,0.311,-0.022,6.8,38.4,89.1,29.5,5.4,82.0,1.0,4.0,61.0,16.0,,3.4,15.7,88.5,37.0,16.4,0.303,42.1,90.8,80.3,54.8,17.1,21.7,18.1,16.4,1.49,4.5,14.0,37.0,44.0,339.0,96.0,15.0,1.0,0.312,0.457,0.174,0.769,0.281,0.0,2.0,55.0,12.0,0.805,,0.141,0.312,0.174,0.769,14.0,37.0,44.0,339.0,96.0,56.0,12.0,12.62,105.4,0.324,"Diaz, Yainer",Hitter,2026,0.4339654091477165,0.021923769170584445,-0.05176723952015505,0.4653499482399947,-0.15347662574438717,-0.47153249227440613,0.1124126006271426,0.19688108764146853,-0.17462623456525694,0.21048807648460535,,0.20585505935146542,0.2187587570321381,312,15,1,0,3,2,0,12.0,56.0,0.283,0.303
"Goldschmidt, Paul",502671,2026,380,262,0.252,0.238,-0.014,0.452,0.414,-0.038,0.33,0.311,-0.019,9.9,35.9,86.8,35.1,6.8,43.0,26.0,33.0,37.0,10.0,,7.6,22.6,77.0,32.4,23.7,0.283,32.2,79.5,75.8,43.1,29.4,20.6,17.9,23.7,1.26,4.0,18.0,44.0,52.0,345.0,87.0,13.0,1.0,0.313,0.452,0.2,0.765,0.252,1.0,3.0,86.0,29.0,12.5,12.5,0.176,0.313,0.2,0.765,18.0,44.0,52.0,345.0,87.0,86.0,29.0,16.49,104.4,0.307,"Goldschmidt, Paul",Hitter,2026,0.4298737317823792,0.17759846597292128,-0.4076057733284675,0.5947297141601858,-0.1664332572212488,-0.4312755757961558,0.11128583396319636,0.21405464419501943,-0.12071232128670314,0.32400624267285266,,0.3345376904786646,0.3702271894475039,313,13,1,1,3,3,0,29.0,86.0,0.252,0.283
"Perez, Salvador",521692,2026,624,461,0.229,0.249,0.02,0.383,0.437,0.054,0.285,0.316,0.031,10.4,42.7,89.2,35.1,7.7,63.0,3.0,1.0,42.0,1.0,,4.0,19.1,86.1,40.1,20.8,0.25,44.8,87.7,76.3,38.4,30.2,25.2,21.3,20.8,-0.48,2.0,21.0,50.0,77.0,577.0,132.0,23.0,1.0,0.273,0.383,0.154,0.656,0.229,1.0,7.0,119.0,25.0,20.0,22.0,0.188,0.273,0.154,0.656,21.0,50.0,77.0,577.0,132.0,119.0,25.0,23.96,90.2,-0.229,"Perez, Salvador",Hitter,2026,0.5969654074786489,0.4077769293251782,-1.2461414600087661,0.39780134202372697,-0.5749482261387678,0.5992179252333133,0.10597268994639653,0.3704447655135854,0.3075492796411344,0.3836275181370707,,0.4234858385486481,0.47143088019745283,314,24,1,1,13,7,0,25.0,119.0,0.229,0.25
"Call, Alex",669743,2026,193,127,0.23,0.201,-0.029,0.298,0.256,-0.042,0.303,0.276,-0.027,1.6,15.7,83.4,27.6,1.0,,,,,60.0,,11.9,18.1,89.3,35.4,18.1,0.283,24.3,91.3,85.7,44.1,24.4,18.9,19.7,18.1,0.17,1.6,1.0,24.0,19.0,161.0,37.0,8.0,0.0,0.347,0.298,0.068,0.645,0.231,1.0,2.0,35.0,23.0,0.7691,,0.055,0.347,0.068,0.645,1.0,24.0,19.0,161.0,37.0,35.0,23.0,0.86,95.9,0.1,"Call, Alex",Hitter,2026,-0.7010519663719496,-0.875413754824558,3.8878417970719976,-0.22232597256764994,-0.32419929932185787,-0.6142298858687903,0.10563871259868832,-0.28801083011453116,-0.24168584291249598,-0.31823812956412867,,-0.5056744364911172,-0.5944339826892938,315,8,0,1,7,2,0,23.0,35.0,0.23,0.283
"Hamilton, David",666152,2026,384,260,0.244,0.224,-0.02,0.336,0.309,-0.027,0.292,0.274,-0.018,3.1,27.8,86.8,29.2,2.1,43.0,42.0,52.0,65.0,94.0,1.0,8.3,22.4,86.1,33.8,19.6,0.317,29.5,88.5,80.4,48.5,23.8,23.1,18.1,19.6,1.83,0.78,4.0,48.0,26.0,336.0,82.0,12.0,3.0,0.314,0.336,0.092,0.65,0.243,30.0,0.0,85.0,32.0,,,0.085,0.314,0.092,0.65,4.0,48.0,26.0,336.0,82.0,86.0,32.0,3.68,92.4,2.08,"Hamilton, David",Hitter,2026,-0.3670707157550967,-0.42356634570222707,1.3872643578890667,-0.02941170438461055,1.1848671903361416,-0.41566924829647994,0.104116744150415,-0.1679900862976243,-0.19270637258779322,-0.2838110277527809,,-0.30735632584754446,-0.35883902945209556,316,13,3,30,2,0,13,32.0,86.0,0.244,0.317
"O'Neill, Tyler",641933,2026,260,159,0.212,0.214,0.002,0.377,0.394,0.017,0.302,0.307,0.005,8.8,42.8,89.4,34.0,5.4,,,,,66.0,,10.4,27.7,79.3,44.0,20.8,0.262,27.9,83.1,72.1,30.2,40.9,20.8,25.2,20.8,0.47,16.5,10.0,31.0,23.0,231.0,49.0,8.0,0.0,0.3,0.377,0.165,0.677,0.212,1.0,0.0,72.0,27.0,16.5,16.5,0.18,0.3,0.165,0.677,10.0,31.0,23.0,231.0,49.0,72.0,27.0,10.45,95.6,0.028,"O'Neill, Tyler",Hitter,2026,0.278625603652486,0.32152199359588507,-0.10599671448692838,0.08044296196748897,-0.3790744444003305,0.11063701591394777,0.10328399390574433,0.2377062180071481,0.16480712731526678,0.22665653725476662,,0.3595224778693589,0.3891889390378242,317,8,0,1,2,0,0,27.0,72.0,0.212,0.262
"Burger, Jake",669394,2026,616,388,0.23,0.228,-0.002,0.424,0.42,-0.004,0.318,0.316,-0.002,12.1,45.6,90.1,29.1,7.7,16.0,52.0,20.0,4.0,48.0,68.0,9.1,26.8,80.1,44.3,16.0,0.273,35.4,81.3,67.4,43.6,28.9,19.1,26.8,16.0,1.91,3.2,28.0,71.0,90.0,552.0,127.0,23.0,0.0,0.304,0.424,0.194,0.728,0.23,4.0,4.0,163.0,56.0,0.79,,0.192,0.304,0.194,0.728,28.0,71.0,90.0,552.0,127.0,165.0,56.0,27.74,100.6,0.579,"Burger, Jake",Hitter,2026,0.4806458421575272,0.40675659425669203,-1.5424032500864615,0.8814420363979739,0.040872846408536966,-0.06539626027612712,0.09991625595068807,0.28959008554670185,0.0663823529197525,0.37266292646832117,,0.4535020711187819,0.499512346886236,318,23,0,4,4,4,0,56.0,165.0,0.23,0.273
"Chapman, Matt",656305,2026,352,229,0.235,0.21,-0.025,0.368,0.319,-0.049,0.309,0.286,-0.023,6.6,35.8,88.2,25.3,4.3,41.0,67.0,71.0,55.0,68.0,86.0,10.5,23.0,84.6,39.3,21.0,0.293,26.4,85.7,78.9,45.4,20.5,21.8,19.7,21.0,2.71,25.167,7.0,35.0,42.0,307.0,72.0,18.0,1.0,0.324,0.368,0.133,0.692,0.235,0.0,3.0,81.0,37.0,25.166,25.167,0.109,0.324,0.133,0.692,7.0,35.0,42.0,307.0,72.0,81.0,37.0,6.07,97.8,0.107,"Chapman, Matt",Hitter,2026,-0.2675883862403803,-0.17542212551542166,1.763803486507211,0.186532612827177,-0.3188642157725619,-0.5884136356337216,0.09984110809635041,-0.04706439854136969,-0.1496811447074743,-0.09644520746169763,,-0.07510323807765429,-0.11420433371669776,319,18,1,0,5,3,0,37.0,81.0,0.235,0.293
"Church, Nathan",701675,2026,466,356,0.249,0.244,-0.005,0.367,0.357,-0.01,0.292,0.285,-0.007,5.3,30.1,85.6,33.7,4.1,76.0,9.0,4.0,74.0,81.0,77.0,5.4,17.2,85.4,32.9,18.0,0.28,41.9,86.8,81.4,44.9,23.3,21.6,19.4,18.0,1.92,0.78,10.0,53.0,50.0,430.0,107.0,17.0,2.0,0.292,0.367,0.118,0.659,0.251,10.0,6.0,78.0,25.0,,,0.113,0.292,0.118,0.659,10.0,53.0,50.0,430.0,107.0,80.0,25.0,9.73,92.4,2.182,"Church, Nathan",Hitter,2026,-0.017754341384145028,-0.201805103693495,-0.005530504916228862,0.2068281381637307,1.2626069791973111,-0.15102185107050045,0.0965535517150711,-0.007696831488615937,-0.11323686142844391,-0.04627615458322575,,-0.11689289120423638,-0.14099635764194218,320,17,2,10,4,6,1,25.0,80.0,0.249,0.28
"Espinal, Santiago",669289,2026,60,51,0.268,0.285,0.017,0.375,0.374,-0.001,0.282,0.29,0.008,2.0,31.4,86.2,45.1,1.7,,,,,26.0,,1.7,13.3,85.1,33.3,21.6,0.292,34.2,89.2,84.8,43.1,21.6,31.4,17.6,21.6,0.04,2.4,1.0,5.0,7.0,56.0,15.0,3.0,0.0,0.276,0.375,0.107,0.651,0.268,0.0,1.0,8.0,1.0,2.4,2.4,0.089,0.276,0.107,0.651,1.0,5.0,7.0,56.0,15.0,8.0,1.0,1.0,89.2,0.016,"Espinal, Santiago",Hitter,2026,0.12703253628565636,0.004752542490855105,0.9770834835047264,-0.39757981253420055,-0.38822030191340934,0.1559134265354156,0.09640350567736461,0.08328284420416109,0.06601772619577558,-0.029841944775871584,,-0.06771635317868256,-0.09086270899198833,321,3,0,0,0,1,2,1.0,8.0,0.268,0.292
"Velázquez, Nelson",676369,2026,113,64,0.188,0.233,0.045,0.406,0.489,0.083,0.289,0.341,0.052,14.1,62.5,94.9,40.6,8.0,,,,,53.0,,8.0,33.6,73.5,43.8,17.2,0.22,31.6,78.2,63.8,26.6,37.5,29.7,26.6,17.2,-0.39,0.78,6.0,12.0,18.0,101.0,19.0,4.0,0.0,0.257,0.406,0.218,0.663,0.19,0.0,2.0,38.0,9.0,,,0.256,0.257,0.218,0.663,6.0,12.0,18.0,101.0,19.0,38.0,9.0,7.23,91.5,-0.443,"Velázquez, Nelson",Hitter,2026,1.004776820779513,1.2768969466215325,-2.946612554281229,-0.006787145158042972,-0.7380493517886728,1.0631696943568991,0.09607567386011655,0.613096072019078,0.6287475536316581,0.6799573263844534,,0.9645428962674119,1.0831488790741663,322,4,0,0,1,2,0,9.0,38.0,0.188,0.22
"Alvarez, Francisco",682626,2026,420,244,0.233,0.231,-0.002,0.399,0.434,0.035,0.315,0.323,0.008,15.6,48.0,90.8,33.2,9.1,6.0,50.0,35.0,3.0,9.0,,9.3,30.7,77.3,39.3,16.4,0.309,31.8,80.0,68.6,47.1,25.8,20.1,22.5,16.4,0.45,2.4,16.0,38.0,43.0,373.0,87.0,14.0,0.0,0.311,0.399,0.166,0.71,0.235,0.0,2.0,128.0,38.0,0.795,,0.203,0.311,0.166,0.71,16.0,38.0,43.0,373.0,87.0,129.0,39.0,17.4,99.7,0.18,"Alvarez, Francisco",Hitter,2026,0.5950966712974612,0.7263346735177656,-1.5995449406880717,0.32294998503599326,-0.2632269159013326,0.18711822569231992,0.09494099015920542,0.3992658040380524,0.2325937786399767,0.5141092685285493,,0.6201014288453626,0.6766156625203394,323,14,0,0,4,2,0,39.0,129.0,0.233,0.309
"Wendzel, Davis",673995,2026,4,4,0.0,0.224,0.224,0.0,0.307,0.307,0.0,0.23,0.23,0.0,50.0,92.2,25.0,0.0,,,,,,,0.0,0.0,77.8,25.0,25.0,0.0,35.7,88.9,85.7,25.0,25.0,25.0,0.0,25.0,-0.11,0.78,0.0,0.0,0.0,4.0,0.0,0.0,0.0,0.0,0.0,0.0,0.0,0.0,0.0,0.0,0.0,0.0,,,0.083,0.0,0.0,0.0,0.0,0.0,0.0,4.0,0.0,0.0,0.0,0.0,0.0,-0.125,"Wendzel, Davis",Hitter,2026,-0.5418259420216972,-0.042703440839257895,1.2168911373687454,-2.4182439827365125,-0.49568412769208503,4.6653107426139835,0.09276256101374891,-0.02130475005462952,1.7704151238038461,-0.5692213249777812,,-0.6424847077494171,-0.6761803772518125,324,0,0,0,0,0,0,0.0,0.0,0.0,0.0
"Benintendi, Andrew",643217,2026,468,314,0.24,0.239,-0.001,0.413,0.394,-0.019,0.307,0.304,-0.003,8.3,45.0,89.3,36.3,5.6,31.0,37.0,26.0,29.0,28.0,,8.3,23.9,78.5,50.3,14.3,0.287,33.8,80.2,73.8,36.0,32.2,25.2,31.8,14.3,-0.08,17.1,15.0,58.0,78.0,421.0,101.0,24.0,2.0,0.302,0.413,0.173,0.715,0.239,1.0,6.0,112.0,38.0,17.1,17.1,0.155,0.302,0.173,0.715,15.0,58.0,78.0,421.0,101.0,112.0,39.0,14.31,97.2,-0.005,"Benintendi, Andrew",Hitter,2026,0.2800880237002601,0.40444257779958714,-0.6751769701347871,0.6331686461735183,-0.4042255525612972,-0.13434212600898585,0.09075250503376384,0.14338286514434878,0.010737683048391919,0.20983161347357931,,0.2671525445044058,0.2951197364937488,325,24,2,1,1,6,1,39.0,112.0,0.24,0.287
"Quero, Jeferson",691620,2026,2,1,0.0,0.306,0.306,0.0,0.355,0.355,0.349,0.495,0.146,0.0,0.0,85.6,0.0,0.0,,,,,,,50.0,0.0,0.0,100.0,0.0,0.0,28.6,,50.0,100.0,0.0,0.0,0.0,0.0,0.04,0.78,0.0,0.0,0.0,1.0,0.0,0.0,0.0,0.5,0.0,0.0,0.5,0.0,0.0,0.0,0.0,1.0,,,0.049,0.5,0.0,0.5,0.0,0.0,0.0,1.0,0.0,0.0,1.0,0.0,110.4,0.045,"Quero, Jeferson",Hitter,2026,0.7755261614470279,-1.928021665159674,-0.5417071220772001,-0.5632142475469243,-0.36611781292346895,4.835118889404233,0.08943910953427997,0.21112824761715834,1.4429173482551734,1.8084300183736763,,-0.2578256138598449,-0.2574170607228435,326,0,0,0,0,0,0,1.0,0.0,0.0,0.0
"Higashioka, Kyle",543309,2026,186,118,0.218,0.219,0.001,0.37,0.351,-0.019,0.303,0.295,-0.008,8.5,38.1,88.2,34.7,5.4,,,,,3.0,,10.2,25.3,87.0,38.1,13.6,0.261,31.1,88.4,74.9,33.9,28.0,28.0,25.4,13.6,0.65,6.75,7.0,20.0,18.0,165.0,36.0,4.0,0.0,0.306,0.37,0.152,0.676,0.218,0.0,0.0,47.0,19.0,5.75,5.75,0.132,0.306,0.152,0.676,7.0,20.0,18.0,165.0,36.0,47.0,19.0,6.64,95.9,0.095,"Higashioka, Kyle",Hitter,2026,-0.030734425751450654,0.19535805599449824,0.7379652300886576,-0.0384934128930235,-0.3280100732856407,-0.15749165339662086,0.08775860467215595,0.04967181755567261,0.025975239430239647,0.0876011250826193,,0.11713567130560248,0.11161745492899991,327,4,0,0,2,0,0,19.0,47.0,0.218,0.261
"Nuñez, Nasim",683083,2026,489,339,0.208,0.221,0.013,0.241,0.274,0.033,0.25,0.267,0.017,0.9,21.5,85.0,28.0,0.6,57.0,62.0,74.0,67.0,97.0,85.0,10.0,20.2,85.1,32.4,15.3,0.267,26.0,87.7,80.8,53.1,18.9,22.7,14.5,15.3,1.18,0.78,1.0,55.0,36.0,427.0,89.0,5.0,3.0,0.292,0.241,0.033,0.533,0.209,49.0,2.0,98.0,49.0,,,0.053,0.292,0.033,0.533,1.0,55.0,36.0,427.0,89.0,99.0,49.0,1.14,79.1,1.341,"Nuñez, Nasim",Hitter,2026,-0.6122098186088343,-0.727110966105087,2.2467943675938393,-0.33307810186028697,0.6216347984890398,0.35009818475270404,0.08575609031098125,-0.23064269184572964,0.08956446268454374,-0.40371587656349445,,-0.5523905554898239,-0.6345809767167061,328,5,3,49,2,2,9,49.0,99.0,0.208,0.267
"Hoskins, Rhys",656555,2026,317,167,0.179,0.174,-0.005,0.376,0.348,-0.028,0.305,0.297,-0.008,12.6,41.3,89.4,34.1,6.6,,,,,4.0,,14.8,31.5,74.1,54.5,13.8,0.221,22.2,77.5,70.2,26.3,32.3,22.2,33.5,13.8,-0.86,18.0,13.0,33.0,38.0,263.0,47.0,13.0,0.0,0.306,0.376,0.197,0.682,0.179,1.0,4.0,100.0,47.0,18.0,18.0,0.174,0.306,0.197,0.682,13.0,33.0,38.0,263.0,47.0,100.0,47.0,12.03,96.5,-0.048,"Hoskins, Rhys",Hitter,2026,-0.06457857298939601,0.44767550347775453,0.24926643462985598,0.2678036507923644,-0.4369982086498295,-0.24068580214090649,0.08318256918246138,0.0037976017999368644,0.023633527907154877,0.20884846109881144,,0.26357876867416863,0.2945335460343804,329,13,0,1,3,4,0,47.0,100.0,0.179,0.221
"Ward, Ryan",669899,2026,60,38,0.218,0.239,0.021,0.455,0.424,-0.031,0.319,0.316,-0.003,10.5,28.9,88.5,36.8,6.7,,,,,31.0,,8.3,28.3,76.9,55.3,18.4,0.257,32.1,83.5,79.1,39.5,26.3,26.3,31.6,18.4,0.2,0.78,3.0,8.0,12.0,55.0,12.0,4.0,0.0,0.283,0.455,0.237,0.738,0.218,0.0,0.0,17.0,5.0,,,0.185,0.283,0.237,0.738,3.0,8.0,12.0,55.0,12.0,17.0,5.0,2.8,100.9,0.227,"Ward, Ryan",Hitter,2026,0.511051573215707,0.14701255086966986,-0.48537793310286576,0.16333750414796303,-0.22740564064177404,-0.03486873035158842,0.0826319020352891,0.2400206172938702,-0.012436060635230964,0.3533594311726578,,0.3407599010628775,0.38531060905966813,330,4,0,0,0,0,0,5.0,17.0,0.218,0.257
"Norby, Connor",681393,2026,379,219,0.242,0.217,-0.025,0.376,0.364,-0.012,0.324,0.307,-0.017,7.8,36.1,87.3,34.7,4.5,11.0,66.0,61.0,24.0,66.0,27.0,10.6,28.5,80.8,40.6,22.8,0.336,28.2,82.9,73.2,37.0,37.0,20.1,28.3,22.8,0.81,0.765,7.0,36.0,33.0,327.0,79.0,23.0,0.0,0.34,0.376,0.134,0.716,0.244,10.0,2.0,107.0,39.0,0.765,,0.147,0.34,0.134,0.716,7.0,36.0,33.0,327.0,79.0,108.0,40.0,6.78,102.5,0.936,"Norby, Connor",Hitter,2026,0.09343154065051393,0.09967479642334523,0.07326248967094723,0.22294049482329106,0.31296210742263086,-0.3747765728724808,0.08154184557644828,0.1183756004876597,-0.05757599486418406,0.14259871156235568,,0.19629366251103805,0.19539945142148535,331,23,0,10,10,2,0,40.0,108.0,0.242,0.336
"Heim, Jonah",641680,2026,390,289,0.204,0.226,0.022,0.366,0.361,-0.005,0.278,0.285,0.007,5.9,31.8,87.2,32.9,4.4,73.0,19.0,27.0,68.0,6.0,,6.9,17.9,86.1,39.1,17.3,0.216,33.6,87.3,80.4,43.9,26.6,21.1,18.7,17.3,-1.0,1.5,13.0,34.0,43.0,358.0,73.0,19.0,0.0,0.262,0.366,0.162,0.628,0.206,0.0,3.0,69.0,27.0,4.575,4.575,0.135,0.262,0.162,0.628,13.0,34.0,43.0,358.0,73.0,70.0,27.0,12.82,88.0,-0.625,"Heim, Jonah",Hitter,2026,-0.0018821621165725257,-0.11778147456667923,1.1074078739101572,0.06911283275821252,-0.8767615240703678,0.16527163956596733,0.08130228210733641,0.10237891665523358,0.10395168228457405,-0.009200893240143629,,0.01419519190566729,-0.0030754725258276645,332,19,0,0,2,3,0,27.0,70.0,0.204,0.216
"Ozuna, Marcell",542303,2026,280,171,0.203,0.221,0.018,0.327,0.389,0.062,0.276,0.304,0.028,7.6,36.8,89.1,38.6,4.6,,,,,4.0,,9.6,28.6,80.8,38.0,21.6,0.264,26.7,81.9,71.6,33.9,28.1,26.3,21.1,21.6,-1.03,10.5,8.0,22.0,29.0,251.0,51.0,7.0,0.0,0.286,0.327,0.124,0.613,0.203,0.0,0.0,80.0,27.0,16.0,16.0,0.168,0.286,0.124,0.613,8.0,22.0,29.0,251.0,51.0,80.0,27.0,9.52,87.3,-0.097,"Ozuna, Marcell",Hitter,2026,0.23995094280477391,0.2581696938765802,-0.10276741257876765,-0.1888809209622773,-0.4743437934949012,0.5994317572478637,0.08038322082064903,0.21471049191048125,0.33397400696619767,0.17142809784580282,,0.2609129387229933,0.2889143263406767,333,7,0,0,2,0,0,27.0,80.0,0.203,0.264
"Quero, Edgar",700337,2026,217,151,0.203,0.222,0.019,0.257,0.315,0.058,0.251,0.282,0.031,2.6,39.1,90.7,26.5,1.8,,,,,1.0,,8.3,19.8,85.0,33.1,19.9,0.24,25.7,89.4,82.3,51.7,26.5,17.9,18.5,19.9,-0.84,0.76,3.0,14.0,19.0,187.0,38.0,1.0,0.0,0.284,0.257,0.054,0.541,0.203,1.0,5.0,43.0,18.0,0.76,,0.093,0.284,0.054,0.541,3.0,14.0,19.0,187.0,38.0,43.0,18.0,3.68,79.4,-0.977,"Quero, Edgar",Hitter,2026,-0.30122284580392833,-0.16819808326950086,2.182842783477973,-0.613567429960164,-1.1450400111206787,0.6104776780032075,0.07298974161104196,-0.0519751438347518,0.29239790821622963,-0.2259405598040325,,-0.20460424603696528,-0.24011625080053406,334,1,0,1,5,5,2,18.0,43.0,0.203,0.24
"Kim, Hyeseong",808975,2026,131,87,0.259,0.261,0.002,0.328,0.341,0.013,0.293,0.304,0.011,3.4,25.3,85.8,42.5,2.3,,,,,86.0,,9.2,23.7,87.1,32.2,20.7,0.337,29.2,87.7,75.0,47.1,19.5,29.9,11.5,20.7,0.51,0.78,1.0,16.0,11.0,116.0,30.0,3.0,1.0,0.323,0.328,0.069,0.651,0.259,5.0,2.0,31.0,12.0,,,0.08,0.323,0.069,0.651,1.0,16.0,11.0,116.0,30.0,31.0,12.0,1.04,92.7,0.58,"Kim, Hyeseong",Hitter,2026,-0.03871883306633364,-0.1450869943732846,0.964573018225913,-0.34946383443556517,0.04163500120129353,0.13697531261731546,0.07143030180917274,0.06629164453658949,0.12685811403315037,0.03542821259309763,,-0.08829643553794994,-0.12848756888078688,335,3,1,5,0,2,0,12.0,31.0,0.259,0.337
"Raleigh, Cal",663728,2026,525,284,0.177,0.19,0.013,0.365,0.396,0.031,0.297,0.312,0.015,14.4,39.6,90.1,33.8,7.9,5.0,95.0,19.0,11.0,15.0,,13.7,31.0,77.6,52.8,16.5,0.212,35.8,79.2,70.1,26.4,43.3,17.6,35.6,16.5,1.19,12.667,23.0,49.0,68.0,446.0,79.0,15.0,0.0,0.293,0.365,0.188,0.658,0.179,2.0,4.0,162.0,71.0,2.666,2.667,0.206,0.293,0.188,0.658,23.0,49.0,68.0,446.0,79.0,163.0,72.0,24.95,94.0,0.093,"Raleigh, Cal",Hitter,2026,0.2974885120945637,0.49718159268481044,-1.1586029726113751,0.46468284941495686,-0.32953438287115383,0.3260912105623235,0.06937611085025726,0.20059202236945578,0.2134763112145351,0.4202302436216959,,0.42927590401791577,0.4846474776060482,336,15,0,2,3,4,0,72.0,163.0,0.177,0.212
"Encarnacion-Strand, Christian",687952,2026,213,143,0.277,0.248,-0.029,0.513,0.483,-0.03,0.358,0.332,-0.026,14.0,37.8,89.5,35.7,9.4,,,,,32.0,,5.2,25.8,81.2,45.5,16.8,0.328,46.4,83.0,73.7,35.0,31.5,24.5,29.4,16.8,1.43,0.78,11.0,25.0,39.0,195.0,54.0,13.0,0.0,0.325,0.513,0.236,0.838,0.277,1.0,2.0,55.0,11.0,,,0.235,0.325,0.236,0.838,11.0,25.0,39.0,195.0,54.0,55.0,11.0,10.36,113.3,1.625,"Encarnacion-Strand, Christian",Hitter,2026,0.9417551566496538,0.4758417424050484,-2.613566505853565,0.665230466972534,0.8380867596319044,-0.5519755103190491,0.06696785674255407,0.3723503043377121,-0.21061047986119158,0.6150628322378497,,0.6615958340050754,0.7593008114769372,337,13,0,1,4,2,1,11.0,55.0,0.277,0.328
"Kelenic, Jarred",672284,2026,83,42,0.219,0.231,0.012,0.288,0.431,0.143,0.279,0.331,0.052,19.0,50.0,92.6,35.7,9.6,,,,,40.0,,12.0,37.3,79.2,26.2,33.3,0.366,29.4,82.3,64.2,45.2,33.3,21.4,9.5,33.3,-0.31,2.3,1.0,5.0,6.0,73.0,16.0,2.0,0.0,0.313,0.288,0.069,0.601,0.219,0.0,0.0,31.0,10.0,,2.3,0.2,0.313,0.069,0.601,1.0,5.0,6.0,73.0,16.0,31.0,10.0,1.5,88.3,-0.129,"Kelenic, Jarred",Hitter,2026,0.6059375950021646,1.022484247201242,-1.7940141310065876,-0.5429560969394747,-0.4987327468631113,1.1058266295154529,0.06614510226411441,0.39505126978379984,0.633917952827745,0.6336306935127609,,0.6492242572622521,0.7315547686315531,338,2,0,0,0,0,0,10.0,31.0,0.219,0.366
"Basallo, Samuel",694212,2026,399,257,0.222,0.234,0.012,0.406,0.439,0.033,0.303,0.318,0.015,12.1,42.8,90.4,30.7,7.8,17.0,35.0,6.0,12.0,3.0,,8.0,26.6,79.1,43.6,17.5,0.259,39.9,82.5,71.2,44.7,27.6,22.2,23.7,17.5,1.56,1.625,18.0,40.0,54.0,360.0,80.0,10.0,1.0,0.291,0.406,0.184,0.697,0.222,0.0,3.0,106.0,32.0,,,0.205,0.291,0.184,0.697,18.0,40.0,54.0,360.0,80.0,106.0,32.0,19.46,95.9,0.904,"Basallo, Samuel",Hitter,2026,0.6092722246357517,0.39808842595872057,-1.9211388185926412,0.37925542745622715,0.2885731540544208,0.32821443815866314,0.06233199190152834,0.3600222746315548,0.18765958921428486,0.4133408294503318,,0.48197883781169976,0.5369894179348353,339,10,1,0,4,3,0,32.0,106.0,0.222,0.259
"Varsho, Daulton",662139,2026,526,378,0.221,0.228,0.007,0.355,0.354,-0.001,0.281,0.283,0.002,6.9,36.5,86.7,31.2,4.9,55.0,24.0,15.0,65.0,49.0,93.0,7.4,20.3,85.4,38.1,16.7,0.26,36.5,87.9,80.7,39.4,28.8,22.0,23.3,16.7,0.86,10.75,12.0,51.0,40.0,484.0,107.0,23.0,3.0,0.281,0.355,0.134,0.636,0.221,12.0,1.0,107.0,39.0,8.2,8.2,0.126,0.281,0.134,0.636,12.0,51.0,40.0,484.0,107.0,107.0,39.0,11.97,88.9,0.079,"Varsho, Daulton",Hitter,2026,-0.051820275377677597,-0.03664385678874209,0.5885544597461465,0.10665468739582307,-0.3402045499697457,0.0411691037127898,0.054093987243432014,0.04844003949737927,0.03677234156573038,-0.03388408143693194,,-0.02072074869174075,-0.04132261476542793,340,23,3,12,2,1,0,39.0,107.0,0.221,0.26
"Wade Jr., LaMonte",664774,2026,145,90,0.206,0.188,-0.018,0.349,0.287,-0.062,0.299,0.268,-0.031,3.3,32.2,86.6,28.9,2.1,,,,,14.0,,13.1,24.8,83.0,42.2,15.6,0.256,21.0,86.2,78.9,37.8,30.0,24.4,30.0,15.6,-0.13,5.0,4.0,18.0,19.0,126.0,26.0,6.0,0.0,0.31,0.349,0.143,0.659,0.206,0.0,0.0,36.0,19.0,5.0,5.0,0.099,0.31,0.143,0.659,4.0,18.0,19.0,126.0,26.0,36.0,19.0,3.29,94.6,-0.025,"Wade Jr., LaMonte",Hitter,2026,-0.5441568989161066,-0.3364850330773977,2.511386166272728,-0.09535967420289476,-0.4194686484164285,-0.6581897622886265,0.05130190139546327,-0.21244038627799078,-0.21933595259500951,-0.30075072370631556,,-0.2464678661109724,-0.2973389017192103,341,6,0,0,0,0,0,19.0,36.0,0.206,0.256
"McMahon, Ryan",641857,2026,360,224,0.213,0.23,0.017,0.357,0.381,0.024,0.282,0.297,0.015,8.9,44.8,90.5,32.1,5.6,9.0,30.0,61.0,16.0,14.0,77.0,7.8,29.4,82.3,41.5,23.7,0.278,28.2,84.4,72.7,41.1,31.2,23.2,20.5,23.7,0.04,16.0,11.0,33.0,41.0,328.0,70.0,14.0,0.0,0.279,0.357,0.144,0.636,0.213,3.0,1.0,106.0,28.0,12.0,12.0,0.151,0.279,0.144,0.636,11.0,33.0,41.0,328.0,70.0,106.0,28.0,11.74,89.2,0.002,"McMahon, Ryan",Hitter,2026,0.1688535039397742,0.3487962315494864,-0.4032758211049549,0.03445780635012494,-0.39889046901200126,0.3221665627637411,0.048977529456790334,0.2115279329675198,0.23158142283186026,0.07400927741047329,,0.23765040665095913,0.24138415783586498,342,14,0,3,2,1,1,28.0,106.0,0.213,0.278
"Wilson, Jacob",805779,2026,337,283,0.266,0.262,-0.004,0.388,0.345,-0.043,0.301,0.282,-0.019,2.5,27.6,84.1,31.4,2.1,95.0,2.0,4.0,93.0,38.0,94.0,3.6,11.6,90.9,35.0,19.4,0.284,42.3,93.5,87.1,51.2,21.2,24.0,18.0,19.4,0.64,1.429,7.0,37.0,37.0,320.0,85.0,16.0,1.0,0.298,0.388,0.122,0.686,0.266,4.0,1.0,39.0,12.0,0.76,,0.083,0.298,0.122,0.686,7.0,37.0,37.0,320.0,85.0,39.0,12.0,6.22,95.3,0.419,"Wilson, Jacob",Hitter,2026,-0.09447903359519352,-0.47037091336232945,1.3080256485957145,0.10661315050155802,-0.08107192043251348,-0.3839839129578943,0.04799629545428582,-0.06822603292264692,-0.23133003690624812,-0.14439068829010207,,-0.26477149191579974,-0.3107415761635016,343,16,1,4,3,1,1,12.0,39.0,0.266,0.284
"Higgins, P.J.",664731,2026,32,22,0.231,0.276,0.045,0.269,0.326,0.057,0.245,0.287,0.042,0.0,13.6,83.6,40.9,0.0,,,,,,,6.2,25.0,87.5,40.9,18.2,0.316,18.0,92.5,78.4,36.4,27.3,27.3,27.3,18.2,-0.07,0.78,0.0,1.0,4.0,26.0,6.0,1.0,0.0,0.276,0.269,0.038,0.545,0.231,0.0,1.0,8.0,2.0,,,0.05,0.276,0.038,0.545,0.0,1.0,4.0,26.0,6.0,8.0,2.0,0.0,77.5,-0.08,"Higgins, P.J.",Hitter,2026,-0.18726043445164076,-0.6325096281968214,2.035659108482781,-0.8339134099119935,-0.4613871620180396,0.8700426220165577,0.04781036653319545,0.004563139132685509,0.3329721130265863,-0.2494883891726359,,-0.39775819328483764,-0.4632415140435602,344,1,0,0,0,1,3,2.0,8.0,0.231,0.316
"Albies, Ozzie",645277,2026,681,521,0.238,0.223,-0.015,0.393,0.339,-0.054,0.301,0.275,-0.026,3.8,27.6,87.0,32.4,3.0,83.0,17.0,10.0,70.0,41.0,60.0,6.8,15.3,86.4,45.7,19.2,0.248,38.2,87.9,80.2,35.1,33.0,23.4,29.0,19.2,1.41,4.0,22.0,85.0,73.0,613.0,146.0,27.0,1.0,0.294,0.393,0.155,0.687,0.24,4.0,14.0,102.0,46.0,7.0,7.0,0.116,0.294,0.155,0.687,22.0,85.0,73.0,613.0,146.0,104.0,46.0,18.98,95.3,0.344,"Albies, Ozzie",Hitter,2026,-0.17718550419998225,-0.3102101773589902,0.8126930447726181,0.6713145540588733,-0.13823352988925589,-0.5634276463206983,0.04609661068193467,-0.11556834889487413,-0.2722187454372018,-0.1419157773967003,,-0.1726118901038275,-0.19635678584447785,345,27,1,4,8,14,0,46.0,104.0,0.238,0.248
"Turner, Trea",607208,2026,695,493,0.241,0.241,0.0,0.378,0.362,-0.016,0.296,0.292,-0.004,6.1,38.7,88.4,31.6,4.3,52.0,19.0,22.0,31.0,98.0,4.0,6.9,21.0,84.8,34.3,22.1,0.282,34.6,86.6,74.5,45.6,25.6,20.7,19.3,22.1,-0.24,27.273,19.0,100.0,58.0,640.0,154.0,28.0,1.0,0.296,0.378,0.137,0.674,0.239,21.0,3.0,145.0,48.0,27.272,27.273,0.121,0.296,0.137,0.674,19.0,100.0,58.0,640.0,154.0,146.0,48.0,18.2,93.7,-0.009,"Turner, Trea",Hitter,2026,0.03768028584294921,0.034830302984211164,-0.062382964760319765,0.5978509351515596,-0.40727417173232344,-0.12105926517985195,0.04387298392504796,0.06204885341919973,-0.015240572669017124,0.002159504393506307,,0.02729800694217936,0.013453161686283221,346,29,1,21,4,3,0,48.0,146.0,0.241,0.282
"Manzardo, Kyle",700932,2026,356,200,0.215,0.22,0.005,0.378,0.38,0.002,0.305,0.307,0.002,12.0,41.0,89.5,34.5,6.7,2.0,62.0,43.0,14.0,9.0,11.0,10.1,32.0,79.8,43.5,14.0,0.289,30.7,81.9,71.3,36.0,33.5,22.0,29.5,14.0,0.56,0.763,13.0,40.0,39.0,312.0,67.0,10.0,1.0,0.306,0.378,0.163,0.684,0.215,0.0,2.0,114.0,36.0,0.763,,0.16,0.306,0.163,0.684,13.0,40.0,39.0,312.0,67.0,114.0,36.0,13.07,96.5,0.649,"Manzardo, Kyle",Hitter,2026,0.19450702959306443,0.43012362837712126,-0.9389645757598669,0.240706642944965,0.09422368190149659,0.04084729631869271,0.043419890973473985,0.16802772639498154,0.10388463429138024,0.2333539630337561,,0.2965060602782247,0.31308692217827955,347,10,1,0,6,2,0,36.0,114.0,0.215,0.289
"Gonzalez, Jacob",694378,2026,223,164,0.223,0.25,0.027,0.369,0.392,0.023,0.277,0.303,0.026,4.3,37.4,88.1,33.5,3.2,,,,,27.0,25.0,4.9,18.8,82.9,42.1,20.1,0.247,37.7,86.1,81.9,42.7,25.6,23.8,24.4,20.1,-0.29,0.78,7.0,21.0,31.0,206.0,46.0,9.0,0.0,0.275,0.369,0.146,0.644,0.221,2.0,1.0,42.0,11.0,,,0.142,0.275,0.146,0.644,7.0,21.0,31.0,206.0,46.0,42.0,11.0,7.44,87.7,-0.33,"Gonzalez, Jacob",Hitter,2026,0.2694654133465188,-0.024745617922584562,0.06423705474121089,-0.1025985311776146,-0.6519258602071809,0.46951874554165335,0.038422296820099476,0.22241810933576808,0.20942046619664934,0.07913262886597541,,0.1118375601692205,0.11046941382739704,348,9,0,2,4,1,1,11.0,42.0,0.223,0.247
"Fraley, Jake",641584,2026,97,59,0.216,0.196,-0.02,0.364,0.331,-0.033,0.29,0.27,-0.02,8.5,20.7,84.0,44.1,5.2,,,,,74.0,,9.3,29.9,86.1,47.5,13.6,0.298,22.6,89.1,80.2,32.2,25.4,27.1,27.1,13.6,-0.15,3.0,2.0,6.0,5.0,88.0,19.0,7.0,0.0,0.289,0.364,0.148,0.653,0.216,3.0,0.0,29.0,9.0,3.125,3.125,0.135,0.289,0.148,0.653,2.0,6.0,5.0,88.0,19.0,29.0,9.0,1.82,91.8,-0.048,"Fraley, Jake",Hitter,2026,-0.25894692429056965,-0.042169030228799254,1.613468445428637,-0.27809332108462054,-0.4369982086498295,-0.45794927283396997,0.037640983384820234,-0.16336870537778703,-0.16961938781835303,-0.11006688258404335,,-0.08794182512167326,-0.08576691391582866,349,7,0,3,0,0,0,9.0,29.0,0.216,0.298
"Lawlar, Jordan",691783,2026,133,83,0.256,0.245,-0.011,0.463,0.397,-0.066,0.341,0.311,-0.03,7.2,31.3,88.1,37.3,4.5,,,,,84.0,,3.8,29.3,83.1,43.4,24.1,0.329,26.7,85.5,75.8,36.1,36.1,25.3,28.9,24.1,0.84,0.78,6.0,17.0,16.0,121.0,31.0,5.0,1.0,0.318,0.463,0.207,0.781,0.256,5.0,0.0,39.0,5.0,,,0.152,0.318,0.207,0.781,6.0,17.0,16.0,121.0,31.0,39.0,5.0,5.14,107.9,0.955,"Lawlar, Jordan",Hitter,2026,0.3275865612935682,0.06460056815057098,-0.4920049483677311,0.2998487702459594,0.32744304848500555,-0.6199345050868198,0.03674418157505908,0.16047351094933976,-0.2244031006629778,0.10652798469586582,,0.23599761597406033,0.24673384418371647,350,5,1,5,6,0,1,5.0,39.0,0.256,0.329
"Adames, Willy",642715,2026,505,327,0.23,0.222,-0.008,0.424,0.391,-0.033,0.311,0.296,-0.015,8.9,38.8,87.4,36.7,5.7,12.0,22.0,36.0,26.0,58.0,1.0,7.3,27.5,82.9,49.5,16.5,0.281,31.6,84.1,72.9,33.3,33.3,20.8,28.7,16.5,1.7,13.143,21.0,62.0,51.0,465.0,107.0,25.0,1.0,0.289,0.424,0.194,0.713,0.23,5.0,1.0,139.0,37.0,13.142,13.143,0.169,0.289,0.194,0.713,21.0,62.0,51.0,465.0,107.0,139.0,37.0,19.37,98.4,0.128,"Adames, Willy",Hitter,2026,0.22338792492913856,0.25613206720391796,-0.6230862710249835,0.5572984990498221,-0.302858965124674,-0.33661357936532793,0.03325797442779383,0.11169339931527364,-0.09188527223806266,0.12162396808711286,,0.24367316215268064,0.27198556460226425,351,25,1,5,2,1,0,37.0,139.0,0.23,0.281
"Kreidler, Ryan",668952,2026,267,183,0.218,0.221,0.003,0.379,0.382,0.003,0.293,0.295,0.002,8.2,37.2,88.3,26.2,5.6,,,,,60.0,75.0,7.9,22.8,79.0,41.5,14.8,0.259,28.3,81.7,71.9,50.3,26.8,14.8,24.0,14.8,0.58,0.78,8.0,33.0,29.0,243.0,53.0,9.0,3.0,0.286,0.379,0.161,0.665,0.218,4.0,0.0,61.0,21.0,,,0.161,0.286,0.161,0.665,8.0,33.0,29.0,243.0,53.0,61.0,21.0,8.06,92.7,0.659,"Kreidler, Ryan",Hitter,2026,0.16318867317123426,-0.054517521992708096,-0.15212631390148945,0.07124196460868326,0.10184522982906226,0.031388963751040416,0.031084430858356285,0.06911813425903467,0.015391726074093521,0.08192437252044601,,0.10241513730125766,0.12800388601460647,352,9,3,4,2,0,1,21.0,61.0,0.218,0.259
"Laureano, Ramón",657656,2026,206,119,0.203,0.222,0.019,0.374,0.409,0.035,0.292,0.312,0.02,14.3,41.2,88.0,37.0,8.3,,,,,64.0,,9.7,31.6,81.4,35.3,26.1,0.268,32.7,82.5,69.9,41.2,31.1,21.8,21.8,26.1,0.05,4.0,7.0,23.0,21.0,182.0,37.0,6.0,2.0,0.286,0.374,0.171,0.66,0.203,7.0,2.0,65.0,20.0,4.0,4.0,0.187,0.286,0.171,0.66,7.0,23.0,21.0,182.0,37.0,65.0,20.0,7.66,92.4,0.012,"Laureano, Ramón",Hitter,2026,0.39442779944003525,0.5513827398346534,-1.2018301891201917,-0.020127800191871992,-0.39126892108443556,0.4236201689147861,0.028824924213165015,0.30305497849532265,0.287067123873634,0.3861872876127004,,0.44438364138651065,0.4837746277435293,353,6,2,7,2,2,0,20.0,65.0,0.203,0.268
"Kuroda-Grauer, Joshua",811965,2026,70,56,0.373,0.295,-0.078,0.522,0.387,-0.135,0.408,0.313,-0.095,1.8,41.8,89.9,33.9,1.4,,,,,59.0,,2.9,14.3,86.7,41.1,19.6,0.429,40.3,88.0,83.6,53.6,12.5,28.6,16.1,19.6,0.6,0.78,1.0,8.0,4.0,67.0,25.0,7.0,0.0,0.4,0.522,0.149,0.922,0.379,0.0,0.0,10.0,2.0,,,0.092,0.4,0.149,0.922,1.0,8.0,4.0,67.0,25.0,10.0,2.0,0.74,129.1,0.682,"Kuroda-Grauer, Joshua",Hitter,2026,0.29778956718921856,0.026336955352679506,0.393939622131193,0.4436370304233855,0.11937479006246327,-1.8883251542946908,0.028456244327804553,0.08631741456019577,-0.7234854354247797,0.078845025699518,,0.1552636257703413,0.12442281872112125,354,7,0,0,1,0,0,2.0,10.0,0.373,0.429
"Dunn, Blake",694362,2026,155,110,0.282,0.242,-0.04,0.387,0.319,-0.068,0.321,0.28,-0.041,2.7,30.3,89.2,33.6,1.9,,,,,96.0,,6.5,21.3,87.2,24.5,20.0,0.352,28.7,89.9,79.4,46.4,21.8,25.5,12.7,20.0,1.05,0.78,2.0,20.0,7.0,142.0,40.0,7.0,1.0,0.335,0.387,0.105,0.722,0.282,5.0,1.0,33.0,10.0,,,0.077,0.335,0.105,0.722,2.0,20.0,7.0,142.0,40.0,33.0,10.0,1.65,101.6,1.193,"Dunn, Blake",Hitter,2026,-0.2736843713941744,-0.20565488195469855,1.2768488661531983,-0.09432057861936366,0.5088358891610683,-0.9142441295921461,0.027286349847484098,-0.15125057325507307,-0.35231691071725874,-0.23555843214664188,,-0.2073303852832253,-0.25504291886489394,355,7,1,6,2,1,0,10.0,33.0,0.282,0.352
"Cronenworth, Jake",630105,2026,420,279,0.227,0.211,-0.016,0.323,0.302,-0.021,0.283,0.27,-0.013,3.6,29.0,87.1,30.5,2.4,41.0,45.0,54.0,68.0,66.0,18.0,8.6,22.9,89.7,30.5,21.1,0.287,29.2,91.8,81.0,48.4,21.9,21.5,15.1,21.1,-0.11,12.286,7.0,46.0,40.0,375.0,85.0,12.0,1.0,0.305,0.323,0.096,0.628,0.224,9.0,0.0,95.0,36.0,11.285,11.286,0.091,0.305,0.096,0.628,7.0,46.0,40.0,375.0,85.0,96.0,36.0,6.54,89.6,-0.009,"Cronenworth, Jake",Hitter,2026,-0.4319038526637514,-0.33571780114401084,1.8250303099003478,-0.004800386318804408,-0.40727417173232344,-0.32303035992489204,0.02488451197676992,-0.19652445984831615,-0.1346851585323476,-0.3018883819980985,,-0.29520947982137474,-0.33950937835404305,356,13,1,9,6,0,3,36.0,96.0,0.227,0.287
"Morales, Yohandy",691002,2026,47,31,0.255,0.275,0.02,0.596,0.523,-0.073,0.382,0.338,-0.044,16.1,64.5,92.5,32.3,11.4,,,,,84.0,,0.0,31.9,76.3,45.2,22.6,0.286,33.0,79.7,66.7,45.2,32.3,12.9,19.4,22.6,0.41,0.78,4.0,10.0,10.0,47.0,12.0,4.0,0.0,0.255,0.596,0.341,0.851,0.273,1.0,0.0,13.0,0.0,,,0.248,0.255,0.341,0.851,4.0,10.0,10.0,47.0,12.0,15.0,0.0,3.51,120.9,0.466,"Morales, Yohandy",Hitter,2026,1.2263494475121102,1.1170385362806456,-3.7328596887899366,0.7484208800538098,-0.04525064517295487,-0.538593261418381,0.02394485716460401,0.6316548829597115,-0.119550239505981,0.615185180955183,,1.0326857095935975,1.1260685972440914,357,4,0,1,0,0,0,0.0,15.0,0.255,0.286
"Rodriguez, Jesus",683679,2026,58,44,0.235,0.267,0.032,0.412,0.355,-0.057,0.322,0.315,-0.007,2.3,29.5,86.5,34.1,1.7,,,,,77.0,,8.6,13.8,81.7,36.4,27.3,0.244,34.8,83.1,76.4,54.5,25.0,18.2,6.8,27.3,-0.14,0.78,2.0,7.0,8.0,51.0,12.0,3.0,0.0,0.316,0.412,0.177,0.728,0.235,1.0,0.0,8.0,5.0,,,0.088,0.316,0.177,0.728,2.0,7.0,8.0,51.0,12.0,8.0,5.0,1.72,101.9,-0.159,"Rodriguez, Jesus",Hitter,2026,0.09199080549468538,-0.3012002179267165,0.814814958449301,0.0049104274277235,-0.5215973906458083,-0.10623818229208852,0.02293290837609202,0.05702739148060691,-0.05379954285656552,0.14283918150795877,,-0.06530355900077532,-0.09830533560472036,358,3,0,1,1,0,1,5.0,8.0,0.235,0.244
"Song, Sung-Mun",823550,2026,150,102,0.195,0.185,-0.01,0.25,0.271,0.021,0.252,0.254,0.002,3.9,28.4,87.6,26.5,2.7,,,,,46.0,,12.0,20.0,84.7,40.2,18.6,0.245,23.8,86.2,80.5,43.1,26.5,16.7,19.6,18.6,-0.15,0.78,1.0,21.0,17.0,128.0,25.0,4.0,0.0,0.293,0.25,0.055,0.543,0.195,13.0,1.0,30.0,18.0,,,0.086,0.293,0.055,0.543,1.0,21.0,17.0,128.0,25.0,30.0,18.0,1.08,79.7,-0.17,"Song, Sung-Mun",Hitter,2026,-0.6968760727703389,-0.4263505306859624,2.793063689977676,-0.5769480180005195,-0.5299810933661305,0.02244482180924055,0.022174599311107223,-0.24819496633500365,0.039650596506687404,-0.3847923042107253,,-0.40410283382906875,-0.4655542064207672,359,4,0,13,0,1,3,18.0,30.0,0.195,0.245
"De La Cruz, Bryan",650559,2026,86,58,0.28,0.246,-0.034,0.413,0.355,-0.058,0.335,0.296,-0.039,5.2,41.4,89.0,32.8,3.7,,,,,60.0,,8.1,20.9,88.5,39.7,25.9,0.333,33.9,88.5,76.4,53.4,13.8,29.3,10.3,25.9,-0.03,0.86,2.0,10.0,12.0,75.0,21.0,4.0,0.0,0.349,0.413,0.133,0.762,0.288,0.0,2.0,17.0,5.0,,0.86,0.109,0.349,0.133,0.762,2.0,10.0,12.0,75.0,21.0,18.0,7.0,1.72,106.0,-0.031,"De La Cruz, Bryan",Hitter,2026,0.011378651276026872,0.10282087959319022,0.7815737906863417,0.03089175672780503,-0.4240415771729679,-0.8116112692442581,0.02171338620804414,0.049719624779333685,-0.23423715923455116,0.017617576728670384,,0.0872546042747443,0.06283446600959439,360,4,0,0,2,2,0,7.0,18.0,0.28,0.333
"Andujar, Miguel",609280,2026,254,201,0.259,0.264,0.005,0.423,0.376,-0.047,0.314,0.298,-0.016,4.5,36.3,88.3,26.4,3.5,,,,,48.0,,4.3,15.0,88.3,44.8,15.9,0.291,40.8,90.2,83.1,53.2,17.9,22.9,19.4,15.9,-0.24,1.5,5.0,24.0,22.0,239.0,62.0,20.0,2.0,0.303,0.423,0.164,0.726,0.259,2.0,0.0,38.0,11.0,3.0,3.0,0.112,0.303,0.164,0.726,5.0,24.0,22.0,239.0,62.0,38.0,11.0,4.44,99.4,-0.15,"Andujar, Miguel",Hitter,2026,0.15846541951227072,-0.21913504837088293,0.601578632069626,0.12322868288926925,-0.5147379975109992,-0.31683161158483136,0.021353481538142316,0.050978520689328705,-0.16983196077731721,0.012726935330647726,,-0.037260873969585766,-0.05191894567259447,361,20,2,2,4,0,0,11.0,38.0,0.259,0.291
"Teel, Kyle",691019,2026,144,68,0.21,0.209,-0.001,0.361,0.378,0.017,0.314,0.324,0.01,11.8,48.5,85.8,39.7,5.7,,,,,37.0,,13.2,35.4,76.7,39.7,19.1,0.313,31.3,79.1,67.8,38.2,30.9,26.5,30.9,19.1,0.76,0.76,5.0,21.0,26.0,119.0,25.0,3.0,0.0,0.336,0.361,0.151,0.697,0.2,0.0,1.0,49.0,19.0,0.76,,0.169,0.336,0.151,0.697,5.0,21.0,26.0,119.0,25.0,51.0,19.0,5.24,99.4,0.884,"Teel, Kyle",Hitter,2026,0.23925798961467004,0.6114585107117497,-1.4755082789007394,0.07553688357430483,0.27333005819928946,0.12677324572436766,0.01212082063941801,0.25534411585522915,0.21023143414666476,0.3717154596017141,,0.4380224414792511,0.4555146245570102,362,3,0,0,4,1,1,19.0,51.0,0.21,0.313
"Jones, Spencer",682987,2026,289,157,0.245,0.238,-0.007,0.429,0.455,0.026,0.323,0.328,0.005,15.9,55.1,94.1,43.9,8.7,,,,,87.0,19.0,8.7,36.3,73.0,35.0,24.8,0.363,35.3,75.2,63.1,26.8,39.5,28.0,27.4,24.8,1.01,0.78,11.0,36.0,40.0,261.0,64.0,13.0,1.0,0.313,0.429,0.184,0.742,0.245,10.0,1.0,105.0,25.0,,,0.217,0.313,0.184,0.742,11.0,36.0,40.0,261.0,64.0,105.0,25.0,11.67,102.2,1.148,"Jones, Spencer",Hitter,2026,0.747737216902086,1.2586938620291876,-3.6421699152951152,0.3936504859267025,0.47453892348702265,0.08863170100001073,0.007712224674800504,0.3745515321451902,0.17480508369787606,0.5834996830914352,,0.7738080427768224,0.8661004750442068,363,13,1,10,1,1,0,25.0,105.0,0.245,0.363
"Garver, Mitch",641598,2026,149,77,0.175,0.194,0.019,0.294,0.341,0.047,0.278,0.301,0.023,9.1,48.1,90.6,28.6,4.7,,,,,6.0,,14.8,32.9,76.4,53.2,11.7,0.247,24.9,78.2,67.8,33.8,37.7,23.4,35.1,11.7,0.46,1.0,4.0,17.0,15.0,126.0,22.0,3.0,0.0,0.302,0.294,0.119,0.596,0.175,1.0,0.0,49.0,22.0,12.5,12.5,0.147,0.302,0.119,0.596,4.0,17.0,15.0,126.0,22.0,49.0,22.0,4.64,88.0,0.418,"Garver, Mitch",Hitter,2026,-0.08336285318186606,0.33777473064093355,-0.2433212359244964,-0.3178732493190245,-0.08183407522527004,0.5007449934813536,0.004426151871800427,0.03494502116293795,0.2888336095709828,0.09081268845842584,,0.1455214659903828,0.15643050557028715,364,3,0,1,1,0,0,22.0,49.0,0.175,0.247
"Taylor, Samad",669392,2026,172,109,0.315,0.257,-0.058,0.409,0.33,-0.079,0.357,0.311,-0.046,3.7,24.8,85.7,33.9,2.3,,,,,93.0,,10.5,25.6,85.3,33.0,18.3,0.433,30.3,89.5,78.1,52.3,17.4,26.6,14.7,18.3,0.77,0.78,2.0,26.0,18.0,149.0,47.0,4.0,2.0,0.391,0.409,0.094,0.8,0.315,12.0,1.0,44.0,18.0,,,0.073,0.391,0.094,0.8,2.0,26.0,18.0,149.0,47.0,44.0,18.0,1.61,113.0,0.875,"Taylor, Samad",Hitter,2026,-0.08335738086519623,-0.3702882152406812,1.0369704641494852,0.19548758562615287,0.26647066506448036,-1.127910496978629,0.0038277360104955332,-0.04837721540606976,-0.4116311174041314,0.021350870404898317,,-0.1230236963940597,-0.17339496435783114,365,4,2,12,1,1,3,18.0,44.0,0.315,0.433
"Schneider, Davis",676914,2026,152,73,0.149,0.151,0.002,0.322,0.285,-0.037,0.294,0.285,-0.009,11.0,43.8,87.9,23.3,5.3,,,,,37.0,,18.4,32.9,76.5,42.5,15.1,0.194,20.6,80.7,71.4,32.9,42.5,13.7,27.4,15.1,-0.1,0.78,5.0,20.0,15.0,121.0,18.0,6.0,0.0,0.311,0.322,0.173,0.633,0.149,1.0,1.0,50.0,28.0,0.78,,0.134,0.311,0.173,0.633,5.0,20.0,15.0,121.0,18.0,50.0,28.0,4.43,93.0,-0.114,"Schneider, Davis",Hitter,2026,-0.5124360198102182,0.11144121505641458,1.2643889984212664,-0.08407001169888532,-0.48730042497176285,-0.24014230688981206,-0.0015171871190719811,-0.08029656400020993,0.048334647018098524,-0.03346744787209888,,0.0216892319743923,-0.01647411453703802,366,6,0,1,1,1,1,28.0,50.0,0.149,0.194
"Montgomery, Colson",695657,2026,634,340,0.199,0.2,0.001,0.406,0.391,-0.015,0.303,0.296,-0.007,12.1,41.0,88.6,33.2,6.5,1.0,43.0,33.0,1.0,28.0,97.0,8.5,35.5,78.2,49.4,12.1,0.261,32.2,81.8,66.1,30.9,34.4,20.3,33.5,12.1,1.89,0.76,31.0,71.0,87.0,564.0,112.0,24.0,0.0,0.284,0.406,0.207,0.69,0.199,1.0,2.0,224.0,54.0,0.76,,0.191,0.284,0.207,0.69,31.0,71.0,87.0,564.0,112.0,225.0,54.0,29.85,95.9,2.198,"Montgomery, Colson",Hitter,2026,0.21236247184660878,0.3751625182992983,-2.4307800487633426,0.7987032076643424,1.2748014558814162,-0.13178337854109837,-0.002386596809306349,0.06151100139060841,-0.06923785962207901,0.12458772479724793,,0.2680343596775891,0.3143601449694442,367,24,0,1,14,2,0,54.0,225.0,0.199,0.261
"Cavanaugh, Drew",701852,2026,162,95,0.236,0.237,0.001,0.3,0.34,0.04,0.272,0.302,0.03,4.2,27.4,85.2,40.0,2.5,,,,,24.0,,11.1,29.0,82.2,28.4,22.1,0.348,27.4,85.6,76.1,46.3,20.0,27.4,15.8,22.1,0.24,0.78,1.0,9.0,12.0,140.0,33.0,3.0,0.0,0.323,0.3,0.064,0.623,0.225,1.0,0.0,47.0,18.0,,,0.103,0.323,0.064,0.623,1.0,9.0,12.0,140.0,33.0,47.0,18.0,1.13,86.1,0.273,"Cavanaugh, Drew",Hitter,2026,-0.06434752046778336,-0.15031492858594844,0.6441308517992393,-0.5046811471614918,-0.192346520174972,0.3945743705429347,-0.005009625101677122,0.030398769790300654,0.20883706194327195,0.009148243614026788,,-0.09735346806066406,-0.11685308209629333,368,4,1,1,0,0,4,18.0,47.0,0.236,0.348
"Lewis, Royce",668904,2026,505,333,0.224,0.237,0.013,0.373,0.392,0.019,0.291,0.304,0.013,10.5,39.6,89.7,33.3,7.0,25.0,26.0,29.0,7.0,56.0,15.0,7.5,25.5,79.5,46.5,13.5,0.277,33.2,81.8,69.5,32.4,29.4,24.0,30.3,13.5,0.94,2.85,14.0,50.0,56.0,459.0,103.0,24.0,1.0,0.285,0.373,0.149,0.658,0.226,15.0,5.0,127.0,38.0,1.625,1.625,0.155,0.285,0.149,0.658,14.0,50.0,56.0,459.0,103.0,129.0,38.0,14.71,92.1,0.319,"Lewis, Royce",Hitter,2026,0.26663920752520903,0.31386505492564865,-1.2631230825175725,0.2887353992874631,-0.15728739970817002,0.2564016105041688,-0.006813918538484533,0.14625684328172206,0.1372093709394253,0.21502067965934835,,0.21696401721925831,0.24371007630742808,369,24,1,15,3,5,0,38.0,129.0,0.224,0.277
"Sánchez, Jesús",660821,2026,315,214,0.254,0.255,0.001,0.401,0.419,0.018,0.311,0.321,0.01,10.7,45.3,90.7,32.2,7.3,,,,,24.0,,5.7,23.8,79.8,31.8,20.6,0.311,38.0,81.6,74.9,44.4,27.1,22.0,19.2,20.6,-1.21,6.8,8.0,24.0,35.0,284.0,72.0,18.0,0.0,0.311,0.401,0.147,0.712,0.254,1.0,5.0,75.0,18.0,4.5,4.5,0.164,0.311,0.147,0.712,8.0,24.0,35.0,284.0,72.0,75.0,18.0,8.36,98.4,-0.175,"Sánchez, Jesús",Hitter,2026,0.5063980020850558,0.4409177644970054,-1.3578495521576626,0.13775640668392578,-0.5337918673299132,0.1453681034655745,-0.007073294786829342,0.30998847204875263,0.13884007161385953,0.35338959759245625,,0.3910086023152065,0.4205281560468611,370,18,0,1,8,5,0,18.0,75.0,0.254,0.311
"Rosario, Amed",642708,2026,244,173,0.238,0.25,0.012,0.405,0.424,0.019,0.297,0.309,0.012,10.4,39.3,90.2,34.7,7.4,,,,,81.0,,5.7,23.4,82.7,36.4,20.8,0.27,40.8,84.7,75.4,43.4,25.4,24.9,17.9,20.8,-0.18,2.5,10.0,28.0,34.0,227.0,54.0,6.0,1.0,0.279,0.405,0.167,0.684,0.238,3.0,3.0,57.0,14.0,,2.0,0.174,0.279,0.167,0.684,10.0,28.0,34.0,227.0,54.0,57.0,14.0,10.47,94.0,-0.069,"Rosario, Amed",Hitter,2026,0.490742457301131,0.35395626328961505,-1.3212813801762568,0.11815284192466609,-0.45300345929771746,0.24195308841854093,-0.008097450842450508,0.300865126410891,0.14526622689337898,0.301941285370685,,0.35238175256624843,0.3844272205711175,371,6,1,3,0,3,0,14.0,57.0,0.238,0.27
"Amaya, Miguel",665804,2026,250,148,0.232,0.2,-0.032,0.37,0.325,-0.045,0.32,0.292,-0.028,7.4,34.5,88.0,36.5,4.4,,,,,9.0,,9.2,26.8,82.6,38.5,20.3,0.309,31.5,84.0,74.7,34.5,33.1,20.9,24.3,20.3,1.27,0.78,6.0,35.0,28.0,211.0,49.0,11.0,0.0,0.337,0.37,0.138,0.707,0.232,0.0,1.0,67.0,23.0,,,0.125,0.337,0.138,0.707,6.0,35.0,28.0,211.0,49.0,67.0,23.0,5.27,101.3,1.443,"Amaya, Miguel",Hitter,2026,-0.21312744122868355,0.116263572174757,-0.05605647878038456,0.17276137064219987,0.6993745873502095,-0.6564097908691803,-0.008226932444844265,-0.05368271556260386,-0.2007071003410973,-0.030201641093559207,,0.03374403055687847,0.008444122197191137,372,11,0,0,11,1,3,23.0,67.0,0.232,0.309
"Jones, Jahmai",663330,2026,179,100,0.209,0.23,0.021,0.373,0.432,0.059,0.302,0.331,0.029,11.0,44.0,90.6,35.0,6.1,,,,,81.0,,9.5,32.4,76.5,53.0,12.0,0.287,29.6,77.9,67.3,32.0,30.0,27.0,34.0,12.0,-0.31,0.78,6.0,20.0,16.0,158.0,33.0,6.0,1.0,0.302,0.373,0.164,0.675,0.209,3.0,0.0,58.0,17.0,,,0.202,0.302,0.164,0.675,6.0,20.0,16.0,158.0,33.0,58.0,17.0,6.95,95.6,-0.352,"Jones, Jahmai",Hitter,2026,0.6116596891730965,0.4960612303850739,-1.6876334137292093,-0.028585725510837007,-0.6686932656478254,0.6142020867275894,-0.01075482040774163,0.30172819666369427,0.31092339297835975,0.44111556787587886,,0.49650168814942597,0.5737642241835254,373,6,1,3,4,0,0,17.0,58.0,0.209,0.287
"Rodríguez, Johnathan",671286,2026,15,6,0.182,0.138,-0.044,0.273,0.235,-0.038,0.283,0.297,0.014,0.0,50.0,90.6,66.7,0.0,,,,,,,20.0,40.0,84.0,33.3,50.0,0.333,25.6,84.0,72.2,33.3,16.7,50.0,33.3,50.0,-0.17,0.78,0.0,0.0,2.0,11.0,2.0,1.0,0.0,0.333,0.273,0.091,0.606,0.182,0.0,1.0,6.0,3.0,,,0.097,0.333,0.091,0.606,0.0,0.0,2.0,11.0,2.0,6.0,3.0,0.0,89.6,-0.193,"Rodríguez, Johnathan",Hitter,2026,-0.7858476010909297,0.9994513942238681,1.0512185937994016,-0.5259992762863296,-0.5475106535995314,-0.39631209433497566,-0.012170998594448722,-0.46086335577738935,0.04896323501620006,-0.14538593221265608,,-0.02878077236765473,-0.013359846121615731,374,1,0,0,0,1,0,3.0,6.0,0.182,0.333
"Crawford, Justin",702222,2026,461,347,0.264,0.257,-0.007,0.354,0.329,-0.025,0.295,0.285,-0.01,2.0,35.4,87.1,27.4,1.5,74.0,12.0,11.0,84.0,96.0,26.0,5.9,17.8,87.9,28.8,17.6,0.318,37.7,90.3,85.2,58.8,16.4,21.0,13.3,17.6,-0.19,0.78,3.0,48.0,41.0,421.0,111.0,19.0,5.0,0.31,0.354,0.09,0.664,0.264,16.0,4.0,80.0,27.0,,,0.072,0.31,0.09,0.664,3.0,48.0,41.0,421.0,111.0,82.0,27.0,2.79,93.4,-0.216,"Crawford, Justin",Hitter,2026,-0.1854903325446914,-0.3474891791953079,1.1510032594758597,0.07955569222639035,-0.5650402138329325,-0.2558780585518295,-0.013378403458373163,-0.1410313617865608,-0.17256067544543682,-0.21216090412873667,,-0.299903162651385,-0.3423621983279582,375,19,5,17,3,4,6,27.0,82.0,0.264,0.318
"Julks, Corey",667452,2026,7,6,0.286,0.172,-0.114,0.429,0.27,-0.159,0.307,0.188,-0.119,0.0,33.3,87.9,33.3,0.0,,,,,,,0.0,14.3,100.0,33.3,0.0,0.333,23.1,100.0,90.9,33.3,50.0,0.0,16.7,0.0,0.09,0.78,0.0,1.0,0.0,7.0,2.0,1.0,0.0,0.286,0.429,0.143,0.715,0.286,0.0,0.0,1.0,0.0,,,0.098,0.286,0.143,0.715,0.0,1.0,0.0,7.0,2.0,1.0,0.0,0.0,97.2,0.102,"Julks, Corey",Hitter,2026,-0.9530774503696408,-0.29700726173377884,3.9289762746237598,-0.22447094888986788,-0.32267498973634473,-2.428887557358991,-0.01715127078861578,-0.7325110565913114,-1.0745586814545522,-0.9850120413810338,,-0.5680003267622343,-0.5906996866606075,376,1,0,0,0,0,0,0.0,1.0,0.286,0.333
"Riley, Austin",663586,2026,626,366,0.22,0.215,-0.005,0.366,0.401,0.035,0.293,0.301,0.008,12.6,44.0,91.2,34.7,7.4,3.0,26.0,31.0,10.0,62.0,60.0,7.5,31.9,78.7,39.3,21.0,0.301,32.5,81.8,70.9,36.6,29.8,24.3,24.9,21.0,1.24,22.0,19.0,64.0,72.0,563.0,124.0,21.0,2.0,0.291,0.366,0.146,0.657,0.222,9.0,5.0,197.0,47.0,22.0,22.0,0.186,0.291,0.146,0.657,19.0,64.0,72.0,563.0,124.0,200.0,47.0,20.82,92.7,0.056,"Riley, Austin",Hitter,2026,0.3005565106960919,0.5702866212842665,-1.7264427093873786,0.4648185197609421,-0.3577341102031467,0.16607833296067565,-0.0192127542373363,0.2118085137065024,0.14543096338896633,0.21166839582308614,,0.3785143500137684,0.4167749361630588,377,21,2,9,11,5,0,47.0,200.0,0.22,0.301
"Mullins, Cedric",656775,2026,498,346,0.205,0.191,-0.014,0.345,0.311,-0.034,0.282,0.264,-0.018,4.3,32.6,88.0,24.0,3.0,64.0,45.0,41.0,63.0,63.0,97.0,8.6,19.1,83.1,46.0,14.1,0.225,30.9,86.0,80.4,32.9,32.0,18.2,30.3,14.1,0.92,6.5,15.0,56.0,48.0,435.0,89.0,10.0,3.0,0.284,0.345,0.14,0.629,0.205,21.0,4.0,94.0,43.0,8.725,8.725,0.12,0.284,0.14,0.629,15.0,56.0,48.0,435.0,89.0,95.0,43.0,13.52,89.2,0.139,"Mullins, Cedric",Hitter,2026,-0.4080507394859211,-0.37587684326112525,1.3147534873759237,0.19407509377066004,-0.2944752624043518,-0.4055673009406324,-0.02086802268621618,-0.22136376364277047,-0.21345433635194455,-0.29956918576845004,,-0.26790722632058983,-0.2939011691132012,378,10,3,21,7,4,6,43.0,95.0,0.205,0.225
"Walls, Taylor",670764,2026,433,278,0.222,0.192,-0.03,0.298,0.264,-0.034,0.278,0.254,-0.024,2.2,22.0,85.6,31.3,1.4,35.0,67.0,77.0,63.0,62.0,21.0,10.4,24.2,84.7,41.0,19.4,0.301,25.5,86.1,79.4,42.8,27.7,19.4,24.1,19.4,3.53,2.45,2.0,60.0,36.0,369.0,82.0,17.0,2.0,0.309,0.298,0.076,0.607,0.223,21.0,4.0,102.0,45.0,1.35,1.35,0.072,0.309,0.076,0.607,2.0,60.0,36.0,369.0,82.0,105.0,45.0,1.77,88.0,1.384,"Walls, Taylor",Hitter,2026,-0.7369307319668625,-0.560800783898656,1.798308498431372,-0.030389573693619037,0.6544074545775721,-0.5623914092265476,-0.02200339652568141,-0.3335849862518635,-0.26044077877000404,-0.4830045880318534,,-0.49277696049190456,-0.5687631401086753,379,18,2,21,3,4,12,45.0,105.0,0.222,0.301
"Alfonzo, Eliezer",672613,2026,28,25,0.179,0.211,0.032,0.25,0.29,0.04,0.186,0.215,0.029,0.0,32.0,91.3,40.0,0.0,,,,,18.0,,0.0,10.7,94.3,40.0,24.0,0.2,34.0,94.3,88.2,44.0,28.0,24.0,16.0,24.0,-0.23,0.78,0.0,3.0,4.0,28.0,5.0,2.0,0.0,0.179,0.25,0.071,0.429,0.179,0.0,0.0,3.0,0.0,,,0.079,0.179,0.071,0.429,0.0,3.0,4.0,28.0,5.0,3.0,0.0,0.0,58.9,-0.261,"Alfonzo, Eliezer",Hitter,2026,-0.7094687712246752,-0.05461853053628732,2.1860931926017972,-1.0898047251537226,-0.599337179506978,0.6045513709281819,-0.02332620965409468,-0.24542223042914404,0.21895167691614953,-0.7165965823747453,,-0.48618344503548094,-0.5496064374335423,380,2,0,0,0,0,0,0.0,3.0,0.179,0.2
"Fortes, Nick",663743,2026,319,256,0.262,0.241,-0.021,0.381,0.329,-0.052,0.305,0.276,-0.029,2.3,35.7,85.6,24.2,1.9,,,,,36.0,,3.8,13.5,88.5,51.6,11.7,0.289,37.0,89.9,84.1,51.2,17.2,19.5,23.4,11.7,0.91,2.535,6.0,33.0,35.0,294.0,77.0,17.0,0.0,0.308,0.381,0.119,0.689,0.262,0.0,1.0,43.0,12.0,1.86,1.86,0.088,0.308,0.119,0.689,6.0,33.0,35.0,294.0,77.0,43.0,12.0,5.18,96.5,0.345,"Fortes, Nick",Hitter,2026,-0.2267083556063786,-0.45428928261085966,1.2306212136119985,0.0834551651715908,-0.13747137509649932,-0.6186765801356714,-0.026038284129445248,-0.24218181094871874,-0.36353563170385833,-0.2686428376043643,,-0.3330204235343172,-0.3584137037301827,381,17,0,0,8,1,4,12.0,43.0,0.262,0.289
"Stanton, Giancarlo",519317,2026,96,61,0.256,0.245,-0.011,0.422,0.466,0.044,0.316,0.326,0.01,18.0,44.3,94.1,37.7,11.5,,,,,1.0,,6.2,30.2,73.6,39.3,14.8,0.345,30.3,77.3,64.7,29.5,27.9,29.5,34.4,14.8,0.15,29.0,3.0,8.0,14.0,90.0,23.0,6.0,0.0,0.302,0.422,0.166,0.724,0.256,1.0,0.0,29.0,6.0,32.0,32.0,0.221,0.302,0.166,0.724,3.0,8.0,14.0,90.0,23.0,29.0,6.0,3.31,100.0,0.005,"Stanton, Giancarlo",Hitter,2026,0.8123234087585826,0.9561337930974777,-2.6658694128885054,-0.0060883307640134015,-0.3966040046337315,0.17998335979520888,-0.028148115222588834,0.4134732980538484,0.21001048857576823,0.6289843726198665,,0.7250258841258818,0.8208895698113208,382,6,0,1,0,0,0,6.0,29.0,0.256,0.345
"Suárez, Eugenio",553993,2026,498,267,0.212,0.201,-0.011,0.433,0.375,-0.058,0.324,0.302,-0.022,12.0,36.0,88.5,37.1,6.5,1.0,67.0,59.0,4.0,21.0,,10.4,33.9,79.6,46.8,17.6,0.273,28.5,81.8,69.1,33.7,32.2,23.6,29.6,17.6,0.55,15.0,26.0,50.0,74.0,434.0,92.0,17.0,0.0,0.307,0.433,0.221,0.74,0.212,1.0,3.0,166.0,52.0,15.0,15.0,0.174,0.307,0.221,0.74,26.0,50.0,74.0,434.0,92.0,169.0,52.0,22.52,102.5,0.036,"Suárez, Eugenio",Hitter,2026,0.13542461855653776,0.3650155949669761,-1.069763687029882,0.7598905644235495,-0.37297720605827805,-0.5239066083252973,-0.02931007619677775,0.09495279917176924,-0.13403599649777173,0.19427297754589684,,0.29997676814504887,0.3231237144025342,383,18,0,1,9,3,0,52.0,169.0,0.212,0.273
"Waldschmidt, Ryan",814439,2026,284,171,0.256,0.236,-0.02,0.368,0.356,-0.012,0.309,0.297,-0.012,6.4,29.8,86.6,45.0,3.9,,,,,91.0,75.0,7.7,29.9,80.7,38.0,25.7,0.37,25.0,83.6,71.0,35.7,27.5,32.7,24.0,25.7,0.79,0.78,3.0,30.0,22.0,250.0,64.0,15.0,2.0,0.325,0.368,0.112,0.693,0.256,7.0,3.0,85.0,22.0,,,0.12,0.325,0.112,0.693,3.0,30.0,22.0,250.0,64.0,85.0,22.0,2.9,97.8,0.898,"Waldschmidt, Ryan",Hitter,2026,0.01627916745883618,0.1592531738303314,-0.4269956727510873,-0.006298750023187749,0.2840002252978814,-0.30253396244434233,-0.03092711050001202,-0.021308479048577404,-0.09131263500033739,0.024453319395266238,,0.04146659226759389,0.04348425722655258,384,15,2,7,5,3,3,22.0,85.0,0.256,0.37
"Saggese, Thomas",695336,2026,176,111,0.234,0.239,0.005,0.354,0.405,0.051,0.288,0.313,0.025,9.9,43.2,90.7,37.8,6.4,,,,,71.0,,7.4,27.8,79.2,28.8,31.5,0.306,35.3,83.6,75.6,43.2,27.9,26.1,16.2,31.5,-0.4,0.76,4.0,25.0,14.0,158.0,37.0,5.0,1.0,0.295,0.354,0.12,0.649,0.232,4.0,3.0,47.0,13.0,0.76,,0.166,0.295,0.12,0.649,4.0,25.0,14.0,158.0,37.0,49.0,13.0,4.58,91.1,-0.465,"Saggese, Thomas",Hitter,2026,0.3817432978507148,0.5101733837616154,-1.1228469840291837,-0.18891331754044913,-0.7548167572293173,0.4357023267642813,-0.031204987066946736,0.18590852407832612,0.22594811949508617,0.27844048578867997,,0.31054434070721104,0.35781257027145236,385,5,1,4,2,3,0,13.0,49.0,0.234,0.306
"Rogers, Jake",668670,2026,171,96,0.161,0.171,0.01,0.287,0.296,0.009,0.259,0.267,0.008,9.4,36.5,88.0,30.2,5.3,,,,,25.0,,13.5,29.8,81.9,44.8,13.5,0.209,25.6,83.4,75.3,37.5,35.4,17.7,27.1,13.5,0.09,3.05,4.0,17.0,14.0,143.0,23.0,4.0,1.0,0.276,0.287,0.126,0.563,0.161,1.0,3.0,51.0,23.0,,2.64,0.125,0.276,0.126,0.563,4.0,17.0,14.0,143.0,23.0,51.0,23.0,4.13,82.0,0.029,"Rogers, Jake",Hitter,2026,-0.5003561416806424,0.0756194421319982,1.070673895194247,-0.41423259459191625,-0.37831228960757396,0.15250296936268604,-0.03407988392790015,-0.12690203632515606,0.12969621539396792,-0.1745479749495292,,-0.11476941789527281,-0.14748480020123583,386,4,1,1,1,3,1,23.0,51.0,0.161,0.209
"Wiemer, Joey",686894,2026,83,41,0.286,0.217,-0.069,0.514,0.349,-0.165,0.397,0.315,-0.082,9.8,39.0,88.8,29.3,4.8,,,,,88.0,,14.5,34.9,81.4,36.6,24.4,0.447,26.3,83.7,69.6,53.7,17.1,22.0,12.2,24.4,0.65,0.78,3.0,16.0,12.0,70.0,20.0,5.0,1.0,0.398,0.514,0.228,0.912,0.286,1.0,0.0,29.0,12.0,,,0.132,0.398,0.228,0.912,3.0,16.0,12.0,70.0,20.0,29.0,12.0,2.04,125.6,0.739,"Wiemer, Joey",Hitter,2026,0.029593450804472378,0.14330318221779825,0.008097066679908504,0.6585669934716387,0.16281761324958746,-1.865595435093712,-0.03421917401700264,-0.0167290674446412,-0.6349031439608331,0.18545009845489374,,0.23077140995822243,0.22365453100914992,387,5,1,1,1,0,0,12.0,29.0,0.286,0.447
"Chisholm Jr., Jazz",665862,2026,532,318,0.231,0.216,-0.015,0.399,0.366,-0.033,0.312,0.294,-0.018,8.2,42.8,90.4,29.9,4.9,8.0,67.0,52.0,13.0,74.0,98.0,10.5,29.5,76.7,50.9,14.2,0.301,29.4,79.6,71.6,42.1,28.9,20.1,28.0,14.2,1.69,10.2,19.0,69.0,55.0,471.0,109.0,16.0,3.0,0.312,0.399,0.168,0.711,0.231,41.0,4.0,157.0,56.0,,5.85,0.15,0.312,0.168,0.711,19.0,69.0,55.0,471.0,109.0,157.0,56.0,17.43,98.7,0.164,"Chisholm Jr., Jazz",Hitter,2026,0.05742203567554142,0.21813358447699582,-0.7344728418035528,0.5661428585262488,-0.27542139258543763,-0.4080123359310708,-0.035610644528961934,0.031230557601436386,-0.12730492224251852,0.04317698788497858,,0.1473291411387567,0.15753908905209918,388,16,3,41,1,4,0,56.0,157.0,0.231,0.301
"Williams, Luke",663897,2026,1,0,0.0,0.0,0.0,0.0,0.0,0.0,0.698,0.698,0.0,0.0,0.0,0.0,0.0,,,,,,,,100.0,0.0,0.0,0.0,0.0,0.0,0.0,,0.0,0.0,0.0,0.0,,,-0.07,0.78,0.0,0.0,0.0,0.0,0.0,0.0,0.0,1.0,0.0,0.0,1.0,,0.0,0.0,0.0,1.0,,,0.0,1.0,0.0,1.0,0.0,0.0,0.0,0.0,0.0,0.0,1.0,0.0,220.9,-0.08,"Williams, Luke",Hitter,2026,-0.838248587448615,-4.320748718286758,5.937470743800622,1.2924588033521014,-0.4613871620180396,-0.018226165757762078,-0.03718379122417698,0.18875839175935866,0.44302493857777075,3.159556089795658,,-0.07964427460985704,-0.3116237996228789,389,0,0,0,0,0,0,1.0,0.0,0.0,0.0
"Piñango, Yohendrick",682818,2026,180,125,0.26,0.262,0.002,0.396,0.398,0.002,0.309,0.309,0.0,8.0,45.6,90.9,35.2,5.6,,,,,45.0,,6.1,24.4,80.0,28.8,24.8,0.325,35.2,83.9,78.0,42.4,21.6,30.4,20.0,24.8,-0.66,0.78,5.0,12.0,20.0,169.0,44.0,8.0,0.0,0.306,0.396,0.136,0.702,0.26,0.0,0.0,44.0,11.0,,,0.136,0.306,0.136,0.702,5.0,12.0,20.0,169.0,44.0,44.0,11.0,5.03,97.8,-0.75,"Piñango, Yohendrick",Hitter,2026,0.33495181144074543,0.4208477754867416,-0.6711251316651419,-0.061385846357471775,-0.9720308731649385,0.004936954570222408,-0.038678530605328984,0.1569018164386184,0.03977492975637385,0.1918837317235033,,0.23443019457983413,0.2538800083979952,390,8,0,0,0,0,0,11.0,44.0,0.26,0.325
"Peña, Jeremy",665161,2026,477,325,0.276,0.266,-0.01,0.477,0.421,-0.056,0.34,0.323,-0.017,6.8,39.1,88.5,34.5,4.7,33.0,7.0,7.0,11.0,93.0,14.0,5.0,23.9,81.5,48.6,18.2,0.325,39.0,84.4,70.5,43.7,25.2,24.0,23.4,18.2,3.64,9.475,22.0,81.0,55.0,442.0,122.0,19.0,2.0,0.325,0.477,0.201,0.802,0.271,12.0,2.0,113.0,24.0,4.1,4.1,0.155,0.325,0.201,0.802,22.0,81.0,55.0,442.0,122.0,114.0,24.0,19.42,107.6,0.38,"Peña, Jeremy",Hitter,2026,0.5317349001578757,0.1501626740411993,-1.9153449262066116,0.9019876282099846,-0.11079595735001951,-0.47058066303246343,-0.047174996890033516,0.2518901966421006,-0.16608708592946334,0.27278172974604015,,0.30804516992133485,0.32983052387830036,391,19,2,12,9,2,0,24.0,114.0,0.276,0.325
"Perkins, Blake",663368,2026,101,68,0.157,0.196,0.039,0.258,0.295,0.037,0.236,0.264,0.028,4.4,33.8,86.4,23.5,3.0,,,,,84.0,,9.9,21.8,83.2,42.6,20.6,0.197,28.9,84.9,80.8,44.1,22.1,20.6,16.2,20.6,-0.01,0.78,1.0,14.0,11.0,89.0,14.0,6.0,0.0,0.25,0.258,0.101,0.508,0.157,3.0,0.0,22.0,10.0,,,0.099,0.25,0.101,0.508,1.0,14.0,11.0,89.0,14.0,22.0,10.0,1.14,74.7,-0.011,"Perkins, Blake",Hitter,2026,-0.505116972762097,-0.4043718247847303,1.5593658600220737,-0.6462517316840066,-0.4087984813178366,0.6325044416999409,-0.04781589285854984,-0.11794526867714972,0.23064466675618883,-0.3351969328257654,,-0.33951081672925076,-0.39890113012831996,392,6,0,3,1,0,1,10.0,22.0,0.157,0.197
"Duran, Jarren",680776,2026,606,394,0.208,0.237,0.029,0.362,0.389,0.027,0.275,0.301,0.026,9.1,39.8,89.6,31.5,5.9,15.0,17.0,22.0,4.0,90.0,90.0,6.8,27.2,80.5,38.8,17.8,0.253,34.4,84.2,69.6,45.7,22.8,21.3,19.5,17.8,0.57,7.7,20.0,66.0,69.0,549.0,114.0,15.0,5.0,0.267,0.362,0.154,0.629,0.208,21.0,7.0,165.0,41.0,3.9,3.75,0.152,0.267,0.154,0.629,20.0,66.0,69.0,549.0,114.0,165.0,41.0,21.49,87.0,0.073,"Duran, Jarren",Hitter,2026,0.23690295022787664,0.2112370312680064,-1.5826340135005432,0.37873601065100065,-0.3447774787262851,0.5018183910431925,-0.0634074653851702,0.21895283437529103,0.2403528780824567,0.1194078628246855,,0.18438635838922746,0.188788916677073,393,15,5,21,6,7,3,41.0,165.0,0.208,0.253
"Brito, Juan",682877,2026,111,76,0.255,0.247,-0.008,0.402,0.383,-0.019,0.316,0.297,-0.019,6.6,32.9,85.7,35.5,4.7,,,,,46.0,,6.3,22.5,82.2,53.9,10.5,0.307,32.3,84.1,75.3,42.1,21.1,23.7,28.9,10.5,0.0,0.78,3.0,13.0,14.0,102.0,26.0,6.0,0.0,0.306,0.402,0.147,0.708,0.263,1.0,1.0,24.0,6.0,,,0.136,0.306,0.147,0.708,3.0,13.0,14.0,102.0,26.0,25.0,7.0,2.86,100.0,0.0,"Brito, Juan",Hitter,2026,0.18981967448927745,-0.0403030764202222,-0.19863043534645416,-0.03310456822467709,-0.4004147785975144,-0.3023988011840962,-0.06564730517555584,0.029426361089649827,-0.1562881244132786,0.08072295368636154,,0.05833301961773053,0.07141043005965159,394,6,0,1,1,1,0,7.0,25.0,0.255,0.307
"Smith, Josh",669701,2026,242,155,0.204,0.204,0.0,0.322,0.321,-0.001,0.276,0.277,0.001,6.5,30.3,85.8,31.0,4.2,,,,,64.0,27.0,10.3,23.1,87.7,35.5,23.9,0.245,34.3,89.9,77.7,41.3,32.3,20.0,25.2,23.9,-0.48,3.225,6.0,23.0,15.0,211.0,43.0,4.0,1.0,0.292,0.322,0.118,0.614,0.203,4.0,2.0,56.0,25.0,0.78,,0.117,0.292,0.118,0.614,6.0,23.0,15.0,211.0,43.0,56.0,25.0,5.98,87.3,-0.144,"Smith, Josh",Hitter,2026,-0.2913483374606418,-0.21343624784352794,0.9601291079885543,-0.27828679272235296,-0.5101650687544598,-0.015359203836126592,-0.06580041390299449,-0.08732388715815488,0.0017078591884248581,-0.12274152311008166,,-0.1601211517540118,-0.18959008757792045,395,5,1,4,2,2,2,25.0,56.0,0.204,0.245
"Yorke, Nick",694377,2026,117,80,0.212,0.235,0.023,0.279,0.335,0.056,0.258,0.289,0.031,5.0,43.8,88.1,27.5,3.4,,,,,57.0,,7.7,22.2,83.3,31.3,28.7,0.269,31.8,86.7,78.5,53.8,26.2,16.2,11.2,28.7,-0.5,0.78,1.0,7.0,12.0,104.0,22.0,4.0,0.0,0.284,0.279,0.067,0.563,0.212,1.0,1.0,26.0,9.0,,,0.1,0.284,0.067,0.563,1.0,7.0,12.0,104.0,22.0,26.0,9.0,1.2,81.6,-0.568,"Yorke, Nick",Hitter,2026,-0.1444209403056539,-0.018273044224914492,0.5718329285856649,-0.6191897338692367,-0.8333187008832434,0.6293943431385122,-0.06725580048840525,-0.0810173258667259,0.22698093903910446,-0.1148656021554274,,-0.16657221607173928,-0.17713459404846918,396,4,0,1,2,1,1,9.0,26.0,0.212,0.269
"Pinckney, Andrew",687605,2026,29,17,0.28,0.239,-0.041,0.48,0.374,-0.106,0.328,0.297,-0.031,11.8,58.8,94.8,41.2,6.9,,,,,100.0,,3.4,34.5,74.3,23.5,41.2,0.375,18.5,77.1,71.1,41.2,29.4,29.4,5.9,41.2,0.15,0.78,1.0,7.0,3.0,25.0,7.0,0.0,1.0,0.31,0.48,0.2,0.79,0.28,1.0,2.0,10.0,1.0,,,0.135,0.31,0.2,0.79,1.0,7.0,3.0,25.0,7.0,10.0,1.0,0.78,103.8,0.17,"Pinckney, Andrew",Hitter,2026,0.1298011586598442,1.1182672588614202,-1.4324104580589703,0.10456430579340281,-0.2708484638288982,-1.0204991603827738,-0.07220794382375721,-0.032204481086518424,-0.26973976313616727,0.05450503011358771,,0.3390667269049499,0.38002243084349574,397,0,1,1,1,2,0,1.0,10.0,0.28,0.375
"Taveras, Leody",665750,2026,482,316,0.219,0.214,-0.005,0.345,0.32,-0.025,0.282,0.273,-0.009,4.1,32.6,88.0,28.2,2.7,23.0,43.0,34.0,49.0,89.0,32.0,8.5,25.7,86.0,36.7,18.4,0.288,32.0,88.7,78.4,42.7,25.6,23.4,22.8,18.4,-0.08,4.75,8.0,58.0,56.0,429.0,94.0,18.0,6.0,0.288,0.345,0.126,0.633,0.219,11.0,2.0,124.0,41.0,,4.75,0.106,0.288,0.126,0.633,8.0,58.0,56.0,429.0,94.0,124.0,41.0,7.42,89.2,-0.016,"Taveras, Leody",Hitter,2026,-0.3073153575530973,-0.27456619697016377,0.5866790230665193,0.22543668825807517,-0.41260925528161946,-0.23441623888898652,-0.07462727150067852,-0.09735793904928051,-0.10977393611321373,-0.2774352232259525,,-0.21069133025208206,-0.25499828781709233,398,18,6,11,1,2,9,41.0,124.0,0.219,0.288
"Basabe, Osleivis",678545,2026,143,102,0.202,0.231,0.029,0.341,0.345,0.004,0.273,0.285,0.012,6.9,34.3,87.6,33.3,4.9,,,,,52.0,,6.3,20.3,81.4,40.2,15.7,0.219,34.5,86.5,81.2,45.1,29.4,20.6,25.5,15.7,-0.44,0.78,5.0,13.0,13.0,129.0,26.0,3.0,0.0,0.268,0.341,0.139,0.609,0.203,2.0,1.0,28.0,9.0,,,0.114,0.268,0.139,0.609,5.0,13.0,13.0,129.0,26.0,29.0,9.0,5.06,86.4,-0.5,"Basabe, Osleivis",Hitter,2026,-0.0989483953927485,-0.002917739153396451,0.31490878586992055,-0.31775670748318646,-0.7814921749757971,0.2926552084295318,-0.07463153157548284,0.03319267129686061,0.11369277093048666,-0.04748940065516548,,-0.06397174428434893,-0.09503762100563462,399,3,0,2,3,1,1,9.0,29.0,0.202,0.219
"Ortiz, Abimelec",694673,2026,136,90,0.188,0.215,0.027,0.344,0.39,0.046,0.254,0.276,0.022,7.8,38.9,89.7,40.0,5.3,,,,,9.0,,5.1,26.5,85.6,44.4,17.8,0.216,37.3,86.2,78.3,35.6,32.2,25.6,27.8,17.8,-0.4,0.78,5.0,16.0,14.0,128.0,24.0,5.0,0.0,0.228,0.344,0.156,0.572,0.192,0.0,0.0,35.0,7.0,,,0.175,0.228,0.156,0.572,5.0,16.0,14.0,128.0,24.0,36.0,7.0,5.67,80.4,-0.455,"Ortiz, Abimelec",Hitter,2026,0.13987988236085808,0.36365773459507766,-0.7345030600325984,-0.36625604017912416,-0.7471952093017517,0.5448478870038823,-0.07764707975231525,0.10709145910170864,0.21402099305253036,-0.035802060376034776,,0.16282635204589854,0.19200576768595629,400,5,0,0,0,1,0,7.0,36.0,0.188,0.216
"Rafaela, Ceddanne",678882,2026,574,428,0.282,0.249,-0.033,0.442,0.362,-0.08,0.33,0.284,-0.046,5.4,32.0,86.4,34.3,4.0,56.0,3.0,1.0,45.0,90.0,99.0,3.8,20.2,84.9,34.3,25.7,0.332,45.3,86.2,77.3,43.9,25.9,25.0,18.5,25.7,5.69,2.25,16.0,67.0,70.0,539.0,152.0,32.0,3.0,0.318,0.442,0.16,0.76,0.282,17.0,3.0,116.0,22.0,1.25,1.25,0.113,0.318,0.16,0.76,16.0,67.0,70.0,539.0,152.0,116.0,22.0,13.1,104.4,2.421,"Rafaela, Ceddanne",Hitter,2026,0.012178864416934082,-0.11985445019867501,-1.4499701238858067,0.7414227351096968,1.4447619746661302,-0.9571463201350358,-0.07844671679880849,-0.1158408475343069,-0.5018782941963289,-0.09304752301108844,,-0.11125071306345113,-0.12702873640885023,401,32,3,17,8,3,2,22.0,116.0,0.282,0.332
"Castro, Willi",650489,2026,477,301,0.26,0.236,-0.024,0.417,0.39,-0.027,0.33,0.309,-0.021,8.0,39.9,87.6,31.9,5.0,15.0,44.0,11.0,13.0,71.0,8.0,8.6,27.0,81.1,44.5,16.6,0.336,37.7,83.4,72.3,38.9,31.2,23.3,31.2,16.6,1.04,6.4,15.0,65.0,56.0,427.0,111.0,20.0,1.0,0.331,0.417,0.157,0.748,0.26,10.0,3.0,129.0,41.0,6.4,6.4,0.154,0.331,0.157,0.748,15.0,65.0,56.0,427.0,111.0,129.0,41.0,14.03,104.4,0.16,"Castro, Willi",Hitter,2026,0.27213572149119825,0.12298100877402829,-1.2970461128672512,0.6299964858623254,-0.2784700117564639,-0.46602811213057843,-0.08187712431183788,0.11578230716697158,-0.17550287314883603,0.17627457727698193,,0.20598503972376506,0.22250620343420996,402,20,1,10,6,3,0,41.0,129.0,0.26,0.336
"Susac, Daniel",691740,2026,161,114,0.243,0.249,0.006,0.375,0.369,-0.006,0.29,0.296,0.006,5.3,32.5,86.3,41.2,3.7,,,,,36.0,,5.0,22.4,88.6,42.1,21.1,0.294,41.8,90.2,77.4,38.6,28.9,26.3,26.3,21.1,0.52,0.78,3.0,11.0,22.0,144.0,35.0,8.0,1.0,0.289,0.375,0.132,0.664,0.243,2.0,4.0,36.0,8.0,,,0.12,0.289,0.132,0.664,3.0,11.0,22.0,144.0,35.0,36.0,8.0,2.95,91.8,0.591,"Susac, Daniel",Hitter,2026,0.10000763796011983,0.06360623444660321,-0.6951244540432837,-0.17449359918494498,0.05001870392161576,0.04105539123533992,-0.08361214208918814,0.08870638007263942,0.019038794268220506,0.024114045618292796,,0.023284321575563545,0.008381493312199624,403,8,1,2,3,4,2,8.0,36.0,0.243,0.294
"Franklin, Christian",681047,2026,59,35,0.18,0.192,0.012,0.22,0.315,0.095,0.256,0.291,0.035,8.6,34.3,85.4,14.3,5.1,,,,,61.0,,11.9,25.4,79.1,14.3,31.4,0.257,21.6,79.1,71.1,62.9,14.3,11.4,2.9,31.4,0.22,0.78,0.0,6.0,1.0,50.0,9.0,2.0,0.0,0.305,0.22,0.04,0.525,0.18,3.0,0.0,15.0,7.0,,,0.123,0.305,0.04,0.525,0.0,6.0,1.0,50.0,9.0,15.0,7.0,0.0,81.0,0.25,"Franklin, Christian",Hitter,2026,-0.2830580428238943,-0.49028078724872676,0.9804591514053036,-0.7907407305518497,-0.20987608040837302,0.7601512087071188,-0.08533539219782629,-0.3065288960770212,0.17928667595695721,-0.08263311506836446,,-0.33251121018478386,-0.3038390853900799,404,2,0,3,2,0,0,7.0,15.0,0.18,0.257
"Jansen, Danny",643376,2026,224,141,0.201,0.186,-0.015,0.366,0.304,-0.062,0.287,0.267,-0.02,5.7,33.3,87.6,23.4,3.6,,,,,32.0,,8.0,24.6,82.8,55.3,7.8,0.242,22.6,84.5,76.9,38.3,29.1,18.4,30.5,7.8,0.68,7.25,7.0,20.0,25.0,194.0,39.0,9.0,1.0,0.295,0.366,0.165,0.661,0.195,1.0,0.0,53.0,18.0,8.0,8.0,0.118,0.295,0.165,0.661,7.0,20.0,25.0,194.0,39.0,55.0,18.0,5.81,90.8,0.093,"Jansen, Danny",Hitter,2026,-0.4430527782723602,-0.3308931253220948,1.2448105477765499,-0.04673220359599602,-0.32953438287115383,-0.5553623999644404,-0.08571974628898538,-0.2759351137053979,-0.2622665546035213,-0.32794596483936533,,-0.27149707567771,-0.2894777845535994,405,9,1,1,8,0,4,18.0,55.0,0.201,0.242
"Domínguez, Jasson",691176,2026,222,161,0.225,0.25,0.025,0.368,0.364,-0.004,0.279,0.289,0.01,5.6,39.1,88.1,30.4,4.1,,,,,85.0,,4.5,21.6,84.4,47.2,13.7,0.265,34.4,87.5,77.9,42.9,22.4,24.2,24.8,13.7,-0.24,0.774,6.0,22.0,14.0,209.0,47.0,12.0,0.0,0.267,0.368,0.143,0.635,0.225,8.0,0.0,48.0,10.0,0.774,0.774,0.114,0.267,0.143,0.635,6.0,22.0,14.0,209.0,47.0,48.0,10.0,5.93,88.3,-0.275,"Domínguez, Jasson",Hitter,2026,0.04357069681643194,-0.01683657553039696,-0.17847434205122717,-0.20385683678041885,-0.6100073466055699,0.21318546840962774,-0.08950650554631252,0.05044200644082318,0.06326675145317676,-0.07671508219336029,,-0.046860209037184505,-0.06418184548320482,406,12,0,8,2,0,0,10.0,48.0,0.225,0.265
"Rooker, Brent",667670,2026,203,117,0.2,0.208,0.008,0.389,0.438,0.049,0.294,0.312,0.018,15.4,41.9,89.9,34.2,8.9,,,,,53.0,,9.4,32.0,74.7,39.3,23.1,0.243,31.0,77.2,63.8,34.2,41.0,20.5,26.5,23.1,-0.37,8.0,10.0,20.0,29.0,180.0,36.0,4.0,0.0,0.281,0.389,0.189,0.67,0.2,2.0,2.0,65.0,19.0,4.0,4.0,0.23,0.281,0.189,0.67,10.0,20.0,29.0,180.0,36.0,65.0,19.0,11.26,93.0,-0.046,"Rooker, Brent",Hitter,2026,0.5678858847715137,0.5910769715048664,-2.371716624182577,0.06627609468239737,-0.43547389906431644,0.39555912276348054,-0.08962069156125876,0.35794433857645547,0.25877200620167357,0.44645710403192207,,0.5766084341096517,0.6504320365730099,407,4,0,2,2,2,0,19.0,65.0,0.2,0.243
"Tolbert, Tyler",686475,2026,144,102,0.294,0.246,-0.048,0.405,0.314,-0.091,0.338,0.293,-0.045,2.9,24.5,84.8,35.3,2.1,,,,,93.0,,8.3,20.1,81.1,33.3,22.5,0.358,26.6,83.2,72.6,48.0,21.6,22.5,9.8,22.5,1.06,0.78,3.0,32.0,8.0,126.0,37.0,5.0,0.0,0.357,0.405,0.111,0.762,0.294,22.0,1.0,29.0,12.0,,,0.068,0.357,0.111,0.762,3.0,32.0,8.0,126.0,37.0,29.0,12.0,2.33,107.0,1.205,"Tolbert, Tyler",Hitter,2026,-0.25484114893199794,-0.39788742300772006,0.6465712034321907,0.09844701169711272,0.517981746674147,-1.1051614477393972,-0.09025300967167302,-0.15529981681056484,-0.43337962766781485,-0.1126700423423391,,-0.24063383698201174,-0.2952815520624472,408,5,0,22,1,1,4,12.0,29.0,0.294,0.358
"Barger, Addison",680718,2026,28,16,0.045,0.131,0.086,0.091,0.185,0.094,0.17,0.255,0.085,0.0,50.0,89.0,25.0,0.0,,,,,20.0,,17.9,25.0,88.0,31.3,18.8,0.063,35.5,92.0,80.8,37.5,43.8,18.8,18.8,18.8,-0.21,0.76,0.0,2.0,2.0,22.0,1.0,1.0,0.0,0.214,0.091,0.046,0.305,0.045,0.0,1.0,7.0,5.0,0.76,,0.054,0.214,0.046,0.305,0.0,2.0,2.0,22.0,1.0,7.0,5.0,0.0,53.8,-0.244,"Barger, Addison",Hitter,2026,-1.2554493109954903,-0.1321511811430742,2.2875164368794185,-1.3358690857695388,-0.5863805480301163,1.6463281922548836,-0.09155069688852877,-0.29922436101337424,0.735581377533286,-0.5991321773051071,,-0.5657732884564959,-0.6853203089603177,409,1,0,0,0,1,0,5.0,7.0,0.045,0.063
"Clement, Ernie",676391,2026,618,534,0.261,0.242,-0.019,0.366,0.319,-0.047,0.287,0.259,-0.028,2.1,20.8,84.2,31.8,1.8,98.0,2.0,2.0,92.0,69.0,10.0,3.6,9.4,90.6,40.3,15.7,0.273,44.5,92.2,86.1,38.2,28.3,23.4,23.2,15.7,1.21,4.6,9.0,60.0,48.0,587.0,153.0,33.0,1.0,0.286,0.366,0.105,0.652,0.262,7.0,7.0,57.0,22.0,1.97,1.97,0.077,0.286,0.105,0.652,9.0,60.0,48.0,587.0,153.0,58.0,22.0,7.84,90.8,0.257,"Clement, Ernie",Hitter,2026,-0.35114989876169733,-0.6161630589098783,1.1296864238627262,0.18019627933998794,-0.20454099685907706,-0.5743734475389419,-0.0924291254317948,-0.25342910046142075,-0.3735621908688644,-0.31755655558801377,,-0.45969592678132265,-0.5124014836551888,410,33,1,7,2,7,0,22.0,58.0,0.261,0.273
"Schneemann, Daniel",682177,2026,282,174,0.205,0.222,0.017,0.318,0.359,0.041,0.266,0.287,0.021,7.5,37.6,87.9,33.3,4.6,,,,,54.0,92.0,8.5,29.8,82.8,47.7,18.4,0.28,33.3,85.0,70.5,43.7,28.7,23.0,22.4,18.4,0.95,0.766,6.0,29.0,29.0,258.0,53.0,11.0,0.0,0.273,0.318,0.113,0.591,0.205,6.0,0.0,84.0,24.0,0.766,,0.137,0.273,0.113,0.591,6.0,29.0,29.0,258.0,53.0,84.0,24.0,6.77,84.2,1.097,"Schneemann, Daniel",Hitter,2026,-0.008955622935119856,0.09919437779319563,-1.1063979073759689,-0.23211778630576382,0.43566902905643784,0.4444383737894335,-0.0951666439428136,0.07021221576333492,0.1873614979603855,-0.04818129753121486,,0.0221393461647789,0.014202373830499364,411,11,0,6,0,0,0,24.0,84.0,0.205,0.28
"Moncada, Yoán",660162,2026,130,66,0.189,0.169,-0.02,0.297,0.286,-0.011,0.281,0.269,-0.012,7.6,40.9,90.3,33.3,3.8,,,,,25.0,,13.1,34.6,82.2,39.4,15.2,0.286,21.1,84.1,73.0,34.8,36.4,25.8,28.8,15.2,-0.22,4.0,3.0,9.0,10.0,111.0,21.0,1.0,1.0,0.308,0.297,0.108,0.605,0.189,1.0,0.0,45.0,17.0,5.0,5.0,0.117,0.308,0.108,0.605,3.0,9.0,10.0,111.0,21.0,45.0,17.0,2.89,88.9,-0.054,"Moncada, Yoán",Hitter,2026,-0.5562132976164259,0.23960869592267692,0.8440184698185422,-0.39839414324471223,-0.44157113740636894,-0.29796569985756477,-0.09824161995988998,-0.1825832985004593,-0.01949918382238286,-0.26357378931678493,,-0.08198624762498832,-0.11522909253918404,412,1,1,1,2,0,0,17.0,45.0,0.189,0.286
"Bride, Jonah",681146,2026,6,3,0.2,0.109,-0.091,0.2,0.213,0.013,0.265,0.229,-0.036,0.0,66.7,95.7,33.3,0.0,,,,,,,16.7,33.3,100.0,0.0,66.7,0.333,28.6,100.0,71.4,66.7,33.3,0.0,0.0,66.7,0.0,0.78,0.0,0.0,0.0,5.0,1.0,0.0,0.0,0.333,0.2,0.0,0.533,0.2,0.0,0.0,2.0,1.0,,,0.104,0.333,0.0,0.533,0.0,0.0,0.0,5.0,1.0,2.0,1.0,0.0,83.9,0.0,"Bride, Jonah",Hitter,2026,-1.1881334330098814,0.6219047880625119,2.1977237775027945,-0.8760243412899399,-0.4004147785975144,-0.8647169139590702,-0.10091065446369826,-1.0545048852792318,-0.4160373838522296,-0.7551808159098818,,-0.48738349561055333,-0.4171092905967275,413,0,0,0,0,0,0,1.0,2.0,0.2,0.333
"Vientos, Mark",668901,2026,295,202,0.212,0.235,0.023,0.394,0.44,0.046,0.288,0.309,0.021,9.9,44.6,89.9,31.7,6.9,,,,,14.0,,5.1,24.1,79.9,37.1,18.3,0.233,35.1,81.2,70.0,43.1,29.7,17.8,20.8,18.3,-1.15,0.778,13.0,28.0,41.0,274.0,58.0,11.0,0.0,0.258,0.394,0.182,0.652,0.216,0.0,3.0,70.0,15.0,0.778,,0.205,0.258,0.182,0.652,13.0,28.0,41.0,274.0,58.0,71.0,15.0,14.52,91.1,-1.31,"Vientos, Mark",Hitter,2026,0.5827971209943388,0.3581979367251853,-1.6659658537303534,0.12797691943148362,-1.3988375571086151,0.5093594721866097,-0.10230728104340926,0.3689597217845573,0.26151677896782916,0.2884863274877293,,0.45073049465924503,0.5034876381738221,414,11,0,0,3,3,0,15.0,71.0,0.212,0.233
"Scott II, Victor",687363,2026,195,131,0.193,0.222,0.029,0.253,0.296,0.043,0.243,0.271,0.028,1.5,23.7,86.6,29.0,1.0,,,,,97.0,,8.2,23.6,85.8,35.9,16.0,0.252,22.6,87.0,76.9,55.0,16.8,22.9,12.2,16.0,-0.41,0.764,2.0,19.0,9.0,166.0,32.0,4.0,0.0,0.27,0.253,0.06,0.523,0.193,12.0,1.0,46.0,16.0,0.764,,0.074,0.27,0.06,0.523,2.0,19.0,9.0,166.0,32.0,46.0,16.0,2.34,76.9,-0.475,"Scott II, Victor",Hitter,2026,-0.4600417982613102,-0.5856794461993781,1.6557182492182165,-0.6784688088995265,-0.7624383051568829,0.5897810414484569,-0.10282464912824227,-0.13857460112061246,0.203436125740481,-0.3805634959141467,,-0.4280113607619188,-0.4914188575417343,415,4,0,12,2,1,10,16.0,46.0,0.193,0.252
"Altuve, Jose",514888,2026,568,407,0.25,0.222,-0.028,0.397,0.324,-0.073,0.307,0.27,-0.037,4.2,31.7,85.6,31.7,3.0,57.0,21.0,14.0,63.0,53.0,1.0,7.2,19.9,86.9,43.0,14.0,0.289,37.2,87.9,79.3,46.4,22.1,23.3,22.6,14.0,0.01,33.0,16.0,70.0,49.0,519.0,130.0,24.0,2.0,0.307,0.397,0.147,0.704,0.249,5.0,4.0,113.0,40.0,33.0,33.0,0.102,0.307,0.147,0.704,16.0,70.0,49.0,519.0,130.0,113.0,41.0,13.06,97.2,0.0,"Altuve, Jose",Hitter,2026,-0.28947960127945394,-0.26523366893494216,0.5018860726731649,0.464052483441896,-0.4004147785975144,-0.8231849735658038,-0.10288582590592461,-0.18203974846399412,-0.3795061911849849,-0.2324947348011816,,-0.2274374974605473,-0.2641112497618864,416,24,2,5,3,4,1,41.0,113.0,0.25,0.289
"Escarra, J.C.",641555,2026,92,68,0.188,0.206,0.018,0.271,0.308,0.037,0.228,0.257,0.029,4.4,33.8,89.1,29.4,3.3,,,,,21.0,,6.5,19.6,84.3,32.4,16.2,0.235,24.7,85.2,73.1,48.5,25.0,20.6,20.6,16.2,0.06,0.78,0.0,8.0,7.0,85.0,16.0,5.0,1.0,0.239,0.271,0.083,0.51,0.188,0.0,1.0,18.0,6.0,,,0.102,0.239,0.083,0.51,0.0,8.0,7.0,85.0,16.0,18.0,6.0,0.0,72.2,0.068,"Escarra, J.C.",Hitter,2026,-0.44502498095499615,-0.1751212924461027,0.9628257741603401,-0.7751244707882136,-0.34858825269006793,0.49266041708684183,-0.10371809178247321,-0.10800679856659631,0.23102794332705728,-0.3567067565577475,,-0.27981835579273506,-0.3208899915803494,417,5,1,0,0,1,0,6.0,18.0,0.188,0.235
"McCray, Grant",687529,2026,90,52,0.145,0.213,0.068,0.276,0.355,0.079,0.239,0.295,0.056,11.5,30.8,87.4,25.0,6.7,,,,,94.0,,12.2,30.0,79.4,34.6,13.5,0.191,27.4,79.4,66.9,46.2,23.1,21.2,21.2,13.5,0.02,0.78,2.0,14.0,4.0,76.0,11.0,2.0,1.0,0.253,0.276,0.131,0.529,0.145,8.0,0.0,27.0,11.0,,,0.142,0.253,0.131,0.529,2.0,14.0,4.0,76.0,11.0,27.0,11.0,2.57,75.6,0.023,"McCray, Grant",Hitter,2026,-0.008848362984316606,-0.11062675577186551,-0.5119186906010009,-0.5910827533060375,-0.3828852183641134,1.2359433863193823,-0.10448184169098114,0.16748890607993205,0.5254100683374973,0.10676896139891788,,0.011460122835784375,-0.003302482768873488,418,2,1,8,0,0,3,11.0,27.0,0.145,0.191
"Delgado, Raynel",669384,2026,41,31,0.243,0.228,-0.015,0.351,0.304,-0.047,0.291,0.265,-0.026,3.2,32.3,86.1,32.3,2.4,,,,,44.0,,7.3,17.1,87.8,51.6,12.9,0.276,29.9,89.8,75.4,54.8,22.6,19.4,22.6,12.9,0.1,0.78,1.0,4.0,4.0,37.0,9.0,,,0.3,0.351,0.108,0.651,,,,,,,,0.076,0.3,0.108,0.651,1.0,4.0,4.0,37.0,9.0,7.0,3.0,0.87,92.1,0.114,"Delgado, Raynel",Hitter,2026,-0.4293818552969916,-0.2638239579155849,1.3077142344510775,-0.38191679102902015,-0.31352913222326595,-0.5314498082132565,-0.10573853293770852,-0.27251395608560297,-0.25066087523799596,-0.2937778640366981,,-0.33972706571301264,-0.3795471315781334,419,1,0,0,0,0,1,3.0,7.0,0.243,0.276
"Caissie, Owen",683357,2026,330,176,0.22,0.211,-0.009,0.412,0.405,-0.007,0.304,0.302,-0.002,14.2,44.9,91.1,42.6,7.6,,,,,75.0,7.0,8.2,37.3,77.6,33.5,23.3,0.309,30.0,80.3,66.6,36.9,32.4,25.0,26.1,23.3,-0.18,0.78,14.0,45.0,58.0,291.0,64.0,14.0,0.0,0.288,0.412,0.192,0.7,0.22,5.0,8.0,123.0,27.0,,,0.194,0.288,0.192,0.7,14.0,45.0,58.0,291.0,64.0,123.0,27.0,13.76,96.2,-0.205,"Caissie, Owen",Hitter,2026,0.32713372201636837,0.8575581405682656,-2.4021940082820006,0.4561392726202378,-0.5566565111126103,-0.12819413107696298,-0.10709821595047644,0.20504650807153071,0.06267727673858944,0.2653414562831501,,0.48484317331190635,0.5352734002399031,420,14,0,5,4,8,0,27.0,123.0,0.22,0.309
"Raley, Luke",670042,2026,287,172,0.225,0.252,0.027,0.439,0.486,0.047,0.313,0.342,0.029,15.7,47.1,90.8,40.1,9.4,,,,,83.0,,5.2,32.4,71.7,45.9,18.0,0.284,34.6,74.2,61.5,36.6,29.1,27.9,30.2,18.0,0.05,2.05,15.0,28.0,39.0,262.0,59.0,9.0,1.0,0.284,0.439,0.214,0.723,0.225,1.0,1.0,93.0,15.0,0.787,,0.234,0.284,0.214,0.723,15.0,28.0,39.0,262.0,59.0,93.0,15.0,16.61,99.1,0.023,"Raley, Luke",Hitter,2026,0.9993178842360146,0.8913714144003009,-4.070095106603044,0.3510341342333793,-0.3828852183641134,0.6014627211495496,-0.10789764163784218,0.541252468565717,0.3365716066594106,0.6805726739065407,,0.7947387909574941,0.890364852691244,421,9,1,1,7,1,2,15.0,93.0,0.225,0.284
"Carpenter, Kerry",681481,2026,259,159,0.208,0.212,0.004,0.416,0.388,-0.028,0.301,0.295,-0.006,9.4,44.0,89.8,35.2,5.8,,,,,35.0,,6.9,29.0,81.9,43.4,20.1,0.24,36.3,82.2,73.8,32.1,39.0,20.8,27.7,20.1,-0.58,3.275,13.0,27.0,36.0,231.0,48.0,5.0,2.0,0.276,0.416,0.208,0.692,0.208,0.0,3.0,75.0,18.0,0.796,,0.176,0.276,0.208,0.692,13.0,27.0,36.0,231.0,48.0,75.0,18.0,12.12,95.3,-0.172,"Carpenter, Kerry",Hitter,2026,0.19601776732193538,0.41363893196338003,-1.381295839004898,0.2384177214963936,-0.5315054029516436,-0.16269567492914686,-0.10911959719119485,0.1465323073511017,-0.018993825054815866,0.09292246030113113,,0.2866195072888805,0.30791225661468785,422,5,2,0,5,3,0,18.0,75.0,0.208,0.24
"Cameron, Daz",663662,2026,25,18,0.208,0.245,0.037,0.375,0.423,0.048,0.239,0.291,0.052,11.1,27.8,84.1,33.3,8.0,,,,,43.0,,0.0,28.0,83.3,27.8,27.8,0.235,30.2,86.1,79.6,27.8,22.2,38.9,16.7,27.8,-0.18,0.78,1.0,3.0,3.0,24.0,5.0,1.0,0.0,0.2,0.375,0.167,0.575,0.208,0.0,1.0,7.0,0.0,,,0.178,0.2,0.167,0.575,1.0,3.0,3.0,24.0,5.0,7.0,0.0,1.13,75.6,-0.205,"Cameron, Daz",Hitter,2026,0.4156143979225414,-0.0658084484256951,-0.994417709803358,-0.5410190461127876,-0.5566565111126103,0.8471741232019715,-0.11052184238298939,0.01776280738484879,0.1905606080852466,0.062140908590118484,,-0.002906677822545292,0.07827421905485697,423,1,0,0,0,1,0,0.0,7.0,0.208,0.235
"Ballesteros, Moisés",694208,2026,348,236,0.217,0.225,0.008,0.334,0.363,0.029,0.275,0.29,0.015,8.5,45.8,90.2,31.4,5.7,37.0,39.0,13.0,27.0,6.0,,8.3,23.6,82.9,36.0,25.4,0.26,37.3,84.7,74.2,46.6,26.3,22.0,20.3,25.4,-0.71,0.78,9.0,26.0,35.0,314.0,68.0,10.0,0.0,0.282,0.334,0.117,0.616,0.217,1.0,4.0,82.0,29.0,,,0.138,0.282,0.117,0.616,9.0,26.0,35.0,314.0,68.0,82.0,29.0,9.78,87.0,-0.807,"Ballesteros, Moisés",Hitter,2026,0.028507356366331716,0.3268317633395287,-0.6005869460840874,-0.1471020859848138,-1.0154736963520627,0.2818881975026938,-0.11301871293578342,0.08263199908985097,0.16737176751242372,0.0486214127955377,,0.11098737746719478,0.11190233759121158,424,10,0,1,1,4,0,29.0,82.0,0.217,0.26
"Benson, Will",666181,2026,114,58,0.188,0.189,0.001,0.333,0.355,0.022,0.29,0.3,0.01,12.1,37.9,91.1,32.8,6.1,,,,,86.0,,14.0,33.3,68.0,41.4,22.4,0.273,22.1,73.3,68.8,31.0,46.6,15.5,31.0,22.4,-0.21,1.725,3.0,11.0,6.0,96.0,18.0,3.0,1.0,0.31,0.333,0.145,0.643,0.188,1.0,0.0,38.0,16.0,0.76,,0.166,0.31,0.145,0.643,3.0,11.0,6.0,96.0,18.0,38.0,16.0,3.2,91.8,-0.115,"Benson, Will",Hitter,2026,-0.002431956800696383,0.3695658384605419,-0.7686751086193094,-0.25856072168099825,-0.4880625797645194,0.16364115381268407,-0.11322233864829538,0.1407933235950552,0.18896904935145203,0.1902419412069269,,0.2568132973305106,0.2612511626901112,425,3,1,1,1,0,0,16.0,38.0,0.188,0.273
"Griffin, Konnor",804606,2026,335,224,0.269,0.254,-0.015,0.393,0.391,-0.002,0.313,0.309,-0.004,6.3,36.6,87.9,32.6,4.2,,,,,98.0,10.0,6.0,24.5,80.3,39.3,18.8,0.35,37.6,83.7,73.2,51.8,17.9,26.3,16.5,18.8,1.86,2.333,5.0,42.0,31.0,308.0,83.0,14.0,4.0,0.322,0.393,0.124,0.715,0.266,23.0,2.0,82.0,20.0,,,0.137,0.322,0.124,0.715,5.0,42.0,31.0,308.0,83.0,82.0,20.0,4.97,99.1,0.764,"Griffin, Konnor",Hitter,2026,0.28737979786976964,0.01100997694771837,-1.4633516275144034,0.17857919359873065,0.1818714830685016,-0.16230305262319109,-0.11671207718583379,0.1565325103966801,-0.06511043135803118,0.12031238775079063,,0.12657417821569591,0.12744702136024777,426,15,4,23,5,2,0,20.0,82.0,0.269,0.35
"Fermin, Freddy",666023,2026,261,180,0.197,0.211,0.014,0.307,0.316,0.009,0.26,0.271,0.011,3.9,29.4,87.5,34.4,2.7,,,,,51.0,,8.0,21.1,85.2,38.3,18.3,0.238,34.1,87.8,75.7,39.4,27.8,25.0,23.3,18.3,0.89,2.1,4.0,22.0,21.0,228.0,45.0,13.0,0.0,0.271,0.307,0.11,0.578,0.197,1.0,3.0,55.0,21.0,0.781,,0.105,0.271,0.11,0.578,4.0,22.0,21.0,228.0,45.0,55.0,21.0,4.12,82.3,0.405,"Fermin, Freddy",Hitter,2026,-0.34108950221800016,-0.20225376961159863,0.33892948184960814,-0.3623212836009621,-0.09174208753110537,0.20286183319678386,-0.11811992517295503,-0.08947906520215303,0.06967912616401745,-0.23359322099162386,,-0.22451939750368244,-0.26782160178783926,427,13,0,1,3,3,4,21.0,55.0,0.197,0.238
"Wong, Connor",657136,2026,237,157,0.234,0.22,-0.014,0.349,0.328,-0.021,0.296,0.282,-0.014,4.5,35.0,86.0,24.8,3.0,,,,,55.0,,7.2,24.1,86.9,41.4,15.3,0.302,31.8,88.7,76.7,46.5,24.8,19.7,21.7,15.3,0.54,1.375,4.0,22.0,25.0,209.0,49.0,12.0,0.0,0.309,0.349,0.115,0.658,0.234,3.0,1.0,57.0,17.0,,,0.108,0.309,0.115,0.658,4.0,22.0,25.0,209.0,49.0,57.0,17.0,3.76,93.7,0.366,"Wong, Connor",Hitter,2026,-0.22132289504054825,-0.3524082761311656,0.446141775446112,-0.1114805949435753,-0.12146612444861143,-0.3164389892788753,-0.11940371328373837,-0.12045506424854176,-0.17130646546047484,-0.2231380648314832,,-0.20598134149621694,-0.23584281700954393,428,12,0,3,6,1,4,17.0,57.0,0.234,0.302
"Machín, Vimael",605353,2026,6,4,0.5,0.444,-0.056,0.5,0.511,0.011,0.445,0.417,-0.028,0.0,50.0,90.2,50.0,0.0,,,,,,,0.0,33.3,83.3,75.0,0.0,0.75,27.3,83.3,55.6,50.0,0.0,50.0,50.0,0.0,0.04,0.78,0.0,0.0,0.0,6.0,3.0,0.0,0.0,0.5,0.5,0.0,1.0,0.5,0.0,0.0,2.0,0.0,,,0.067,0.5,0.0,1.0,0.0,0.0,0.0,6.0,3.0,2.0,0.0,0.0,140.8,0.045,"Machín, Vimael",Hitter,2026,1.5277838962008734,0.5529976598491748,-3.738746127627687,0.26213147340029835,-0.36611781292346895,-0.5689062278628025,-0.12244909619268216,0.43496702461927106,-0.20204019402210155,0.7425188760103961,,0.5672113091895367,0.6443552034468136,429,0,0,0,0,0,0,0.0,2.0,0.5,0.75
"Loperfido, Joey",694388,2026,121,73,0.214,0.229,0.015,0.33,0.334,0.004,0.287,0.294,0.007,6.8,35.6,89.0,32.9,4.1,,,,,77.0,,11.6,26.4,76.5,27.4,21.9,0.296,29.8,79.6,71.4,52.1,26.0,19.2,13.7,21.9,0.07,0.78,1.0,13.0,12.0,103.0,22.0,7.0,1.0,0.311,0.33,0.116,0.641,0.214,1.0,1.0,32.0,14.0,,,0.105,0.311,0.116,0.641,1.0,13.0,12.0,103.0,22.0,32.0,14.0,1.01,90.8,0.08,"Loperfido, Joey",Hitter,2026,-0.1352069600019199,0.048990260897874845,-0.33388364713839175,-0.2899871157626445,-0.33944239517698915,0.1572929198064604,-0.13579924979311334,-0.038443774294606305,0.07023245719632973,0.010474367287305105,,-0.0690253788422925,-0.09156423078908053,430,7,1,1,1,1,1,14.0,32.0,0.214,0.296
"White, Eli",642201,2026,204,147,0.246,0.229,-0.017,0.398,0.333,-0.065,0.3,0.269,-0.031,6.1,29.3,85.6,31.3,4.4,,,,,99.0,,5.4,22.1,82.2,36.7,22.4,0.291,32.7,84.3,75.7,51.7,24.5,19.7,16.3,22.4,1.47,0.9,6.0,27.0,29.0,191.0,47.0,9.0,1.0,0.289,0.398,0.152,0.687,0.246,5.0,1.0,45.0,11.0,0.79,,0.104,0.289,0.152,0.687,6.0,27.0,29.0,191.0,47.0,45.0,11.0,5.02,94.9,1.47,"White, Eli",Hitter,2026,-0.23365107704486615,-0.2485102894964779,-0.31663530034953324,0.06409195596737954,0.7199527667546367,-0.6648812524717438,-0.14048917738954592,-0.1844977923781832,-0.35461075609395326,-0.22821688231739584,,-0.2393923244846879,-0.26872283184467516,431,9,1,5,1,1,0,11.0,45.0,0.246,0.291
"Isbel, Kyle",664728,2026,319,228,0.221,0.223,0.002,0.321,0.3,-0.021,0.26,0.254,-0.006,2.6,32.0,88.2,24.6,1.9,,,,,47.0,92.0,4.7,22.9,93.5,32.0,21.1,0.272,35.7,95.6,84.7,49.1,20.6,20.6,17.1,21.1,-0.31,2.7,6.0,32.0,24.0,290.0,64.0,9.0,1.0,0.265,0.321,0.1,0.586,0.221,6.0,2.0,73.0,15.0,1.75,1.75,0.077,0.265,0.1,0.586,6.0,32.0,24.0,290.0,64.0,73.0,15.0,5.61,82.3,-0.111,"Isbel, Kyle",Hitter,2026,-0.4973578256074265,-0.43659131936090717,1.1552827367980685,-0.3018754894875237,-0.4850139605934931,-0.14474443197613504,-0.14662247243441917,-0.2779125326742391,-0.1694751532372633,-0.5217578064197761,,-0.46807619483455426,-0.5232067153335838,432,9,1,6,3,2,9,15.0,73.0,0.221,0.272
"García, Adolis",666969,2026,259,150,0.195,0.22,0.025,0.329,0.362,0.033,0.268,0.294,0.026,9.3,48.0,92.1,38.0,5.4,,,,,27.0,,8.1,32.4,78.3,36.0,21.3,0.266,29.8,81.4,68.6,39.3,23.3,28.7,18.7,21.3,-0.83,10.0,7.0,21.0,21.0,231.0,45.0,8.0,1.0,0.27,0.329,0.134,0.599,0.195,3.0,3.0,84.0,21.0,10.5,9.25,0.142,0.27,0.134,0.599,7.0,21.0,21.0,231.0,45.0,84.0,21.0,7.7,84.8,-0.082,"García, Adolis",Hitter,2026,0.03453365899181364,0.6307678904520596,-1.6416999229929585,-0.26436420257155213,-0.4629114716035527,0.5011747762549973,-0.1472962955311668,0.1309482289017216,0.2933251725267365,0.03559211648530782,,0.21093767599875857,0.21230010592606205,433,8,1,3,4,3,0,21.0,84.0,0.195,0.266
"Meyers, Jake",676694,2026,153,111,0.213,0.205,-0.008,0.326,0.316,-0.01,0.265,0.256,-0.009,6.3,27.9,85.4,25.2,4.6,,,,,63.0,,6.5,20.3,87.6,38.7,25.2,0.25,32.6,89.6,80.3,42.3,28.8,19.8,18.0,25.2,0.07,3.55,3.0,15.0,11.0,141.0,30.0,7.0,0.0,0.268,0.326,0.113,0.594,0.213,1.0,1.0,31.0,10.0,2.3,2.3,0.111,0.268,0.113,0.594,3.0,15.0,11.0,141.0,30.0,31.0,10.0,2.91,83.9,0.019,"Meyers, Jake",Hitter,2026,-0.39942896351601165,-0.43431180787701323,1.0527785536940086,-0.4209655828891748,-0.3859338375351396,-0.18693219281897078,-0.14923425986909153,-0.20969847901978364,-0.15193466910154196,-0.329077462643778,,-0.33686682465958795,-0.37013989009967674,434,7,0,1,1,1,0,10.0,31.0,0.213,0.25
"Ramírez, Agustín",682663,2026,251,160,0.239,0.227,-0.012,0.36,0.322,-0.038,0.307,0.287,-0.02,4.4,41.9,90.2,26.9,2.8,,,,,44.0,,10.4,23.9,79.6,43.8,15.0,0.304,29.1,81.4,71.5,51.9,16.2,23.1,18.1,15.0,-0.19,0.76,5.0,31.0,24.0,222.0,53.0,10.0,1.0,0.323,0.36,0.121,0.683,0.239,4.0,1.0,59.0,26.0,0.76,,0.095,0.323,0.121,0.683,5.0,31.0,24.0,222.0,53.0,60.0,26.0,4.47,97.2,-0.221,"Ramírez, Agustín",Hitter,2026,-0.2367101299250995,-0.03955956146089015,0.08608034204858744,0.014624307898364339,-0.5688509877967153,-0.42468420515013855,-0.15133726657609553,-0.08540314682630924,-0.14303562512477,-0.1405847257322247,,-0.10877082315844672,-0.1477541452814809,435,10,1,4,2,1,0,26.0,60.0,0.239,0.304
"DeLuca, Jonny",676356,2026,366,268,0.263,0.233,-0.03,0.41,0.323,-0.087,0.309,0.26,-0.049,3.0,30.2,85.8,28.4,2.2,51.0,4.0,16.0,42.0,92.0,98.0,4.6,21.3,85.3,44.8,18.3,0.317,36.4,88.4,78.0,43.3,20.9,21.3,22.4,18.3,1.72,0.78,9.0,42.0,48.0,346.0,91.0,24.0,0.0,0.298,0.41,0.147,0.708,0.263,17.0,0.0,77.0,16.0,,,0.09,0.298,0.147,0.708,9.0,42.0,48.0,346.0,91.0,78.0,17.0,7.09,97.8,1.955,"DeLuca, Jonny",Hitter,2026,-0.32707847223290476,-0.4260868668184309,-0.2708444803733107,0.30743308158728216,1.089597841241571,-0.9903899390360712,-0.15157791101926665,-0.24412380131964043,-0.5265533044309557,-0.3978031799590356,,-0.34929513977172066,-0.3990169242984605,436,24,0,17,0,0,3,17.0,78.0,0.263,0.317
"Robles, Victor",645302,2026,149,115,0.256,0.238,-0.018,0.308,0.321,0.013,0.283,0.28,-0.003,1.7,20.0,83.5,32.2,1.3,,,,,78.0,,6.0,14.8,89.0,44.3,13.0,0.304,36.1,90.1,79.2,45.2,27.0,22.6,20.9,13.0,-0.09,5.125,0.0,15.0,9.0,133.0,34.0,3.0,2.0,0.315,0.308,0.052,0.623,0.256,10.0,1.0,22.0,9.0,,4.125,0.083,0.315,0.052,0.623,0.0,15.0,9.0,133.0,34.0,22.0,9.0,0.0,89.6,-0.017,"Robles, Victor",Hitter,2026,-0.26324249696890417,-0.6584099809455244,1.1056424169060741,-0.4693404734836681,-0.413371410074376,-0.1073837820447614,-0.15412284812988375,-0.16967062160126317,-0.12885257692698102,-0.2089272646687386,,-0.3851581047677503,-0.42575170162003284,437,3,2,10,3,1,3,9.0,22.0,0.256,0.304
"Sosa, Edmundo",624641,2026,246,178,0.242,0.276,0.034,0.41,0.443,0.033,0.299,0.327,0.028,7.3,39.3,87.9,33.1,5.3,,,,,84.0,87.0,2.8,21.5,85.9,42.1,14.6,0.278,52.6,88.3,74.9,47.2,19.7,25.3,20.2,14.6,0.83,4.4,8.0,29.0,43.0,227.0,55.0,10.0,2.0,0.28,0.41,0.168,0.69,0.242,4.0,3.0,53.0,7.0,3.0,3.0,0.167,0.28,0.168,0.69,8.0,29.0,43.0,227.0,55.0,53.0,7.0,8.64,94.6,0.184,"Sosa, Edmundo",Hitter,2026,0.6884133331300712,0.12149607386279954,-2.7603861359931736,0.1925160360890822,-0.26017829673030635,0.5791649034667575,-0.15687930625689087,0.3437507596283516,0.17079735091520742,0.3303741129729989,,0.2915136672315941,0.32391511736502426,438,10,2,4,6,3,1,7.0,53.0,0.242,0.278
"Thomas, Alek",677950,2026,120,87,0.186,0.232,0.046,0.327,0.374,0.047,0.244,0.282,0.038,6.9,40.2,89.5,33.3,5.0,,,,,58.0,,3.3,22.5,86.2,28.7,27.6,0.226,41.6,89.0,77.5,42.5,26.4,23.0,17.2,27.6,-0.05,1.962,2.0,13.0,13.0,113.0,21.0,10.0,0.0,0.227,0.327,0.141,0.554,0.186,4.0,0.0,27.0,4.0,0.793,,0.142,0.227,0.141,0.554,2.0,13.0,13.0,113.0,21.0,27.0,4.0,2.29,77.2,-0.024,"Thomas, Alek",Hitter,2026,0.07096054040353592,0.17400056259672103,-1.1837182817685514,-0.4793275974696956,-0.41870649362367196,0.8016323956923471,-0.15862404405864136,0.05323069173837735,0.2610496754081424,-0.08057940799165954,,-0.008573224975701822,-0.0007195165580872187,439,10,0,4,2,0,1,4.0,27.0,0.186,0.226
"Halpin, Petey",690984,2026,191,145,0.224,0.25,0.026,0.328,0.378,0.05,0.263,0.292,0.029,5.5,26.2,85.8,36.6,4.2,,,,,81.0,,4.7,18.3,80.1,35.9,19.3,0.257,38.6,83.3,77.2,34.5,34.5,20.7,21.4,19.3,-0.06,0.78,4.0,27.0,14.0,174.0,39.0,4.0,1.0,0.269,0.328,0.104,0.597,0.224,10.0,1.0,35.0,8.0,,,0.128,0.269,0.104,0.597,4.0,27.0,14.0,174.0,39.0,35.0,9.0,4.61,83.2,-0.068,"Halpin, Petey",Hitter,2026,0.1417627165352806,-0.19430883279813294,-0.7906519649563842,-0.35964444546386676,-0.4522413045049608,0.6081542113326665,-0.16037425830607352,0.09583842899894558,0.17671226866504272,0.03371167553557567,,-0.0704721190121683,-0.0775511138794913,440,4,1,10,2,1,5,9.0,35.0,0.224,0.257
"Rivas, Leo",660844,2026,146,83,0.148,0.175,0.027,0.189,0.235,0.046,0.226,0.25,0.024,1.2,15.7,86.3,32.5,0.7,,,,,53.0,,11.0,28.1,83.1,45.8,16.9,0.217,16.2,84.7,78.3,38.6,30.1,20.5,24.1,16.9,-0.3,0.78,0.0,10.0,11.0,122.0,18.0,3.0,1.0,0.264,0.189,0.041,0.453,0.15,2.0,1.0,40.0,16.0,,,0.06,0.264,0.041,0.453,0.0,10.0,11.0,122.0,18.0,41.0,16.0,0.0,71.5,-0.341,"Rivas, Leo",Hitter,2026,-0.9406800215517369,-0.6829552789652661,2.339431104734883,-0.8909713696304488,-0.6603095629275032,0.5597183360207075,-0.16455122360600194,-0.3519014017569948,0.1736467811415534,-0.6093402431454161,,-0.635775406173395,-0.7283151556940276,441,3,1,2,4,2,2,16.0,41.0,0.148,0.217
"White, Tommy",695720,2026,193,152,0.257,0.263,0.006,0.332,0.384,0.052,0.262,0.292,0.03,7.2,32.9,85.9,30.3,5.8,,,,,30.0,,2.6,17.6,86.5,28.9,24.3,0.298,42.0,87.9,79.7,50.0,23.0,23.7,11.8,24.3,-0.36,0.78,3.0,19.0,10.0,187.0,48.0,5.0,0.0,0.275,0.332,0.075,0.607,0.25,0.0,1.0,33.0,5.0,,,0.121,0.275,0.075,0.607,3.0,19.0,10.0,187.0,48.0,34.0,5.0,3.47,82.9,-0.409,"White, Tommy",Hitter,2026,0.18561726376851162,-0.1457691737641362,-0.6110617495743051,-0.48909803861942275,-0.7121360888349496,0.48446000947033746,-0.17054109497621975,0.04064300766905879,0.11925144529756292,0.02535255862634704,,-0.10375420813857099,-0.09481580527046071,442,5,0,0,0,1,0,5.0,34.0,0.257,0.298
"Jackson, Jeremiah",669236,2026,293,212,0.217,0.236,0.019,0.365,0.385,0.02,0.264,0.282,0.018,8.0,37.7,89.2,29.7,5.8,,,,,43.0,19.0,3.4,23.5,81.5,40.6,20.8,0.249,36.8,84.2,74.9,50.5,23.1,19.3,19.3,20.8,0.06,0.78,10.0,29.0,45.0,277.0,60.0,11.0,0.0,0.247,0.365,0.148,0.612,0.217,2.0,3.0,69.0,10.0,,,0.149,0.247,0.148,0.612,10.0,29.0,45.0,277.0,60.0,69.0,10.0,10.55,83.5,0.068,"Jackson, Jeremiah",Hitter,2026,0.14142093065823935,0.0641975981997637,-1.421076519276712,-0.05035404511273181,-0.34858825269006793,0.34022578109629925,-0.17335607951328086,0.0768149824666603,0.08431386923893683,-0.05882182921356702,,0.021909184964307247,0.03126807080297434,443,11,0,2,2,3,1,10.0,69.0,0.217,0.249
"Friedl, TJ",670770,2026,272,182,0.172,0.191,0.019,0.255,0.268,0.013,0.236,0.25,0.014,2.7,28.0,87.3,25.8,1.8,,,,,31.0,88.0,8.1,23.2,86.9,39.6,13.7,0.214,24.1,88.8,76.6,44.0,25.3,20.3,19.8,13.7,-0.95,3.8,4.0,20.0,13.0,239.0,41.0,6.0,1.0,0.255,0.255,0.083,0.51,0.172,5.0,1.0,63.0,22.0,0.78,,0.077,0.255,0.083,0.51,4.0,20.0,13.0,239.0,41.0,63.0,22.0,4.2,74.7,-0.244,"Friedl, TJ",Hitter,2026,-0.727294222954439,-0.5103299413261366,1.5731890398866142,-0.6378018482963507,-0.5863805480301163,0.27850704495520656,-0.17436881557278855,-0.2824698042628073,0.06744989645041351,-0.5445921587380301,,-0.508707077612917,-0.5797989149786764,444,6,1,5,5,1,5,22.0,63.0,0.172,0.214
"Bart, Joey",663698,2026,128,78,0.214,0.203,-0.011,0.357,0.362,0.005,0.299,0.295,-0.004,7.7,34.6,85.8,32.1,4.7,,,,,29.0,,5.5,27.3,85.6,41.0,16.7,0.27,32.8,87.7,73.4,41.0,34.6,15.4,25.6,16.7,0.44,2.53,4.0,13.0,13.0,112.0,24.0,4.0,0.0,0.305,0.357,0.143,0.662,0.214,0.0,1.0,35.0,7.0,1.175,1.175,0.159,0.305,0.143,0.662,4.0,13.0,13.0,112.0,24.0,35.0,7.0,4.06,94.6,0.167,"Bart, Joey",Hitter,2026,0.029702825337316704,-0.04557721476067588,-0.7439430317661138,-0.1571795670796968,-0.27313492820716795,-0.10227202420688974,-0.17439882168608337,0.023165583860668686,-0.052702417113050876,-0.023196147260526434,,0.07004038330624165,0.07952919369780298,445,4,0,0,8,1,0,7.0,35.0,0.214,0.27
"Bericoto, Victor",682674,2026,113,76,0.236,0.233,-0.003,0.418,0.454,0.036,0.29,0.301,0.011,13.2,51.3,90.8,31.6,9.2,,,,,43.0,,2.7,27.4,86.1,31.6,26.3,0.284,42.9,87.6,71.2,48.7,25.0,22.4,17.1,26.3,-0.52,0.78,5.0,9.0,15.0,110.0,26.0,4.0,0.0,0.257,0.418,0.182,0.675,0.236,1.0,0.0,30.0,3.0,,,0.221,0.257,0.182,0.675,5.0,9.0,15.0,110.0,26.0,31.0,3.0,5.43,91.8,-0.591,"Bericoto, Victor",Hitter,2026,0.6394096457945582,0.655971014405725,-2.5956498006119726,-0.10720836607321839,-0.8508482611166445,0.20697886422712156,-0.1787690503619464,0.2776778359634249,0.1039255346001778,0.276240007922937,,0.49752825035192294,0.5840189186934356,446,5,0,1,0,0,0,3.0,31.0,0.236,0.284
"Kayfus, CJ",692216,2026,25,14,0.182,0.169,-0.013,0.364,0.427,0.063,0.289,0.304,0.015,21.4,50.0,92.8,14.3,12.0,,,,,50.0,,8.0,32.0,81.6,21.4,14.3,0.231,34.5,81.6,63.8,28.6,50.0,7.1,28.6,14.3,-0.02,0.78,1.0,4.0,2.0,22.0,4.0,1.0,0.0,0.28,0.364,0.182,0.644,0.182,0.0,0.0,8.0,2.0,,,0.258,0.28,0.182,0.644,1.0,4.0,2.0,22.0,4.0,8.0,2.0,1.17,91.5,-0.023,"Kayfus, CJ",Hitter,2026,0.4503743238840322,0.5682098639975406,-2.3735671205170963,-0.24391996069202024,-0.4179443388309154,0.2899298763316141,-0.17918895466078139,0.2559464463878911,0.19820229911812234,0.39698915717615024,,0.567243579855721,0.6623611718184681,447,1,0,0,1,0,0,2.0,8.0,0.182,0.231
"Culpepper, Kaelen",701785,2026,123,85,0.277,0.245,-0.032,0.402,0.365,-0.037,0.326,0.298,-0.028,3.5,30.6,87.2,36.5,2.5,,,,,61.0,,4.9,20.3,89.3,41.2,12.9,0.329,43.0,90.7,76.0,41.2,24.7,24.7,25.9,12.9,0.5,0.78,3.0,15.0,11.0,112.0,31.0,5.0,0.0,0.333,0.402,0.125,0.735,0.275,1.0,1.0,25.0,6.0,,,0.12,0.333,0.125,0.735,3.0,15.0,11.0,112.0,31.0,25.0,6.0,2.72,103.2,0.568,"Culpepper, Kaelen",Hitter,2026,0.08048767488311495,-0.1470414674369227,-0.7330462130879687,-0.0235733789350015,0.03248914368821474,-0.6198636901749617,-0.18151676821872603,-0.025609396415411143,-0.298370824083485,-0.021844251208165803,,-0.03158991562585502,-0.039729182401525294,448,5,0,1,4,1,0,6.0,25.0,0.277,0.329
"McCann, James",543510,2026,162,111,0.283,0.236,-0.047,0.461,0.41,-0.051,0.33,0.294,-0.036,9.9,44.1,89.7,36.0,7.0,,,,,8.0,,3.7,25.9,86.3,32.4,23.4,0.346,40.3,88.0,70.6,47.7,24.3,24.3,22.5,23.4,0.36,0.78,7.0,17.0,28.0,152.0,43.0,6.0,0.0,0.313,0.461,0.178,0.774,0.284,0.0,1.0,40.0,6.0,,,0.174,0.313,0.178,0.774,7.0,17.0,28.0,152.0,43.0,42.0,6.0,6.23,104.4,0.409,"McCann, James",Hitter,2026,0.34126822452754246,0.45419141114161254,-2.02284037445106,0.2556082410124015,-0.08869346836007914,-0.8485006261153706,-0.18264889110313562,0.11045237955326861,-0.3071740596563661,0.1222606625156857,,0.3137974296434583,0.35362075730184167,449,6,0,0,1,1,2,6.0,42.0,0.283,0.346
"Gonzalez, Gabriel",694224,2026,11,6,0.25,0.137,-0.113,0.25,0.149,-0.101,0.355,0.285,-0.07,0.0,16.7,82.8,0.0,0.0,,,,,18.0,,18.2,18.2,100.0,33.3,16.7,0.333,29.6,100.0,82.6,83.3,0.0,0.0,0.0,16.7,0.11,0.78,0.0,2.0,0.0,8.0,2.0,0.0,0.0,0.455,0.25,0.0,0.705,0.25,0.0,0.0,2.0,2.0,,,0.012,0.455,0.0,0.705,0.0,2.0,0.0,8.0,2.0,2.0,2.0,0.0,112.3,0.125,"Gonzalez, Gabriel",Hitter,2026,-1.3658143708014836,-1.655846846522644,4.997908085040155,-0.34911376713759923,-0.3051454295029437,-1.7925890288364572,-0.18507726015345646,-0.9612094241739361,-0.8774667303658985,-0.5520582429217675,,-1.0434590000410355,-1.1275796142819225,450,0,0,0,1,0,0,2.0,2.0,0.25,0.333
"Soler, Jorge",624585,2026,361,202,0.203,0.206,0.003,0.373,0.362,-0.011,0.295,0.294,-0.001,10.9,42.6,88.5,35.1,6.1,2.0,61.0,65.0,1.0,16.0,,9.7,32.7,74.9,52.0,14.4,0.274,27.4,77.7,65.7,39.6,27.2,27.2,27.2,14.4,-0.26,13.0,12.0,36.0,49.0,316.0,64.0,16.0,1.0,0.291,0.373,0.17,0.664,0.203,0.0,4.0,118.0,35.0,13.0,,0.156,0.291,0.17,0.664,12.0,36.0,49.0,316.0,64.0,118.0,35.0,11.65,93.4,-0.02,"Soler, Jorge",Hitter,2026,0.027517461575658306,0.40650966188207677,-1.746861279546307,0.23450065416369026,-0.4156578744526457,-0.05487238598908198,-0.18572582208123528,0.023980232858822323,0.013769845763366002,0.08392259611610584,,0.1748130113313727,0.19237835474242534,451,16,1,0,6,4,0,35.0,118.0,0.203,0.274
"Callahan, Brett",814430,2026,77,45,0.217,0.217,0.0,0.333,0.386,0.053,0.276,0.298,0.022,11.1,44.4,89.9,28.9,6.5,,,,,73.0,,7.8,32.5,85.7,35.6,20.0,0.318,40.2,88.6,75.3,31.1,31.1,24.4,26.7,20.0,-0.12,0.78,1.0,4.0,8.0,69.0,15.0,3.0,1.0,0.286,0.333,0.116,0.619,0.217,0.0,1.0,25.0,6.0,,,0.169,0.286,0.116,0.619,1.0,4.0,8.0,69.0,15.0,25.0,6.0,1.16,87.3,-0.136,"Callahan, Brett",Hitter,2026,0.19714355376460815,0.3299760744801266,-1.5068360410419144,-0.42976644180831275,-0.5040678304124073,0.3874666905265227,-0.18686938307894513,0.10564284166471187,0.15920611996249995,0.09685762406863155,,0.1863734521017521,0.21866073176452933,452,3,1,0,1,1,0,6.0,25.0,0.217,0.318
"Vásquez, Randy",681190,2026,1,1,0.0,0.049,0.049,0.0,0.05,0.05,0.0,0.044,0.044,0.0,0.0,66.1,0.0,0.0,,,,,,,0.0,0.0,100.0,100.0,0.0,0.0,0.0,100.0,100.0,100.0,0.0,0.0,0.0,0.0,,0.78,0.0,0.0,0.0,1.0,0.0,0.0,0.0,0.0,0.0,0.0,0.0,0.0,0.0,0.0,0.0,0.0,,,0.001,0.0,0.0,0.0,0.0,0.0,0.0,1.0,0.0,0.0,0.0,0.0,0.0,,"Vásquez, Randy",Hitter,2026,-2.9150271923334867,-2.473093832636054,8.981343014977613,-2.4182439827365125,-0.4004147785975144,0.8809884232348013,-0.19085334531068898,-2.1161817952141813,-0.376696688790425,-2.301719140590819,,-2.626489374794495,-2.6725110288912663,453,0,0,0,0,0,0,0.0,0.0,0.0,0.0
"Fernandez, Jose",699912,2026,221,158,0.256,0.246,-0.01,0.345,0.344,-0.001,0.288,0.282,-0.006,3.8,38.6,87.8,28.5,2.7,,,,,95.0,,5.0,22.6,86.0,41.1,14.6,0.327,36.3,87.3,76.5,48.7,11.4,25.3,19.0,14.6,0.19,0.78,3.0,26.0,16.0,203.0,52.0,9.0,0.0,0.301,0.345,0.089,0.646,0.256,9.0,0.0,50.0,11.0,,,0.098,0.301,0.089,0.646,3.0,26.0,16.0,203.0,52.0,50.0,11.0,2.99,91.1,0.216,"Fernandez, Jose",Hitter,2026,-0.10872079605717129,-0.15866897792564902,-0.41238216755432394,-0.2425374123377905,-0.23578934336209628,-0.13753875116716524,-0.19448474103616595,-0.05559831668758048,-0.10167491963010328,-0.2124371428937103,,-0.17193314050659483,-0.20415477654094194,454,9,0,9,2,0,5,11.0,50.0,0.256,0.327
"Thompson, Sterlin",694514,2026,77,48,0.232,0.219,-0.013,0.377,0.357,-0.02,0.308,0.295,-0.013,6.3,43.8,86.6,31.3,3.9,,,,,54.0,,6.5,27.3,81.9,43.8,25.0,0.304,29.5,82.9,72.4,52.1,25.0,22.9,16.7,25.0,-0.33,0.78,2.0,7.0,10.0,69.0,16.0,4.0,0.0,0.312,0.377,0.145,0.689,0.232,0.0,0.0,21.0,5.0,,,0.138,0.312,0.145,0.689,2.0,7.0,10.0,69.0,16.0,21.0,5.0,1.89,97.5,-0.375,"Thompson, Sterlin",Hitter,2026,0.00660508102392187,0.09187691395904875,-0.6417212396266074,-0.14479629947599107,-0.6862228258812264,-0.2974222046064705,-0.19631548086636927,0.034624460244452517,-0.08992771758664307,-0.05445362091337638,,0.08212111727672794,0.07620420178122048,455,4,0,0,3,0,0,5.0,21.0,0.232,0.304
"Perez, Junior",678577,2026,36,21,0.171,0.206,0.035,0.429,0.516,0.087,0.265,0.312,0.047,14.3,52.4,91.0,33.3,8.3,,,,,61.0,,2.8,38.9,73.1,28.6,23.8,0.167,28.8,73.1,62.0,28.6,33.3,19.0,19.0,23.8,-0.12,0.78,3.0,5.0,6.0,35.0,6.0,0.0,0.0,0.194,0.429,0.258,0.623,0.171,0.0,0.0,14.0,1.0,,,0.31,0.194,0.258,0.623,3.0,5.0,6.0,35.0,6.0,14.0,1.0,3.61,83.9,-0.136,"Perez, Junior",Hitter,2026,1.0522971589347625,0.7738290135201568,-4.24742258400382,-0.16220737457811887,-0.5040678304124073,0.9741336463897955,-0.19659781975182988,0.49370032588822466,0.40219277196772407,0.3889055119116058,,0.807409379457542,0.964362541779465,456,0,0,0,0,0,0,1.0,14.0,0.171,0.167
"Kepler, Max",596146,2026,145,102,0.205,0.211,0.006,0.303,0.336,0.033,0.25,0.27,0.02,7.8,39.2,88.7,32.4,5.5,,,,,45.0,,7.6,22.1,84.7,43.1,12.7,0.25,37.3,86.4,76.2,32.4,30.4,25.5,30.4,12.7,-0.66,0.78,2.0,11.0,15.0,132.0,27.0,7.0,0.0,0.262,0.303,0.098,0.565,0.205,0.0,2.0,32.0,11.0,10.0,10.0,0.125,0.262,0.098,0.565,2.0,11.0,15.0,132.0,27.0,32.0,11.0,2.22,79.1,-0.75,"Kepler, Max",Hitter,2026,-0.2203133142699738,0.1439124684125193,-0.19212020641308794,-0.5402897012804053,-0.9720308731649385,0.32331077523743873,-0.20102933083176355,-0.10725408534522039,0.11719183998883098,-0.1316942918044777,,-0.12052761456788832,-0.12357674301347145,457,7,0,0,0,2,0,11.0,32.0,0.205,0.25
"Millas, Drew",686452,2026,152,96,0.185,0.204,0.019,0.262,0.282,0.02,0.251,0.266,0.015,3.1,21.9,83.6,34.4,2.0,,,,,52.0,,9.2,24.3,85.7,36.5,19.8,0.239,28.5,86.9,78.5,44.8,19.8,29.2,18.8,19.8,-0.56,0.78,2.0,18.0,11.0,130.0,24.0,4.0,0.0,0.277,0.262,0.077,0.539,0.185,0.0,1.0,37.0,14.0,,,0.078,0.277,0.077,0.539,2.0,18.0,11.0,130.0,24.0,37.0,14.0,2.15,79.4,-0.636,"Millas, Drew",Hitter,2026,-0.5746323125025989,-0.5012887567680797,1.2319856789884993,-0.5885273502020225,-0.88514522679069,0.31792010757106076,-0.20411959208325708,-0.2135668513294796,0.07367442357919296,-0.36002502432849015,,-0.4395713280522699,-0.5070832920054239,458,4,0,0,3,1,2,14.0,37.0,0.185,0.239
"Rojas, Josh",668942,2026,114,88,0.229,0.187,-0.042,0.324,0.261,-0.063,0.272,0.22,-0.052,1.1,28.4,86.4,30.7,0.9,,,,,23.0,,4.4,14.0,89.9,31.8,20.5,0.25,31.3,91.3,83.1,38.6,36.4,15.9,23.9,20.5,0.72,3.5,2.0,11.0,14.0,105.0,24.0,4.0,0.0,0.268,0.324,0.095,0.592,0.238,1.0,1.0,16.0,5.0,3.5,3.5,0.074,0.268,0.095,0.592,2.0,11.0,14.0,105.0,24.0,16.0,5.0,1.61,86.1,0.2,"Rojas, Josh",Hitter,2026,-0.8835266477886887,-0.4646517546446773,1.9722443860065955,-0.4395721532464425,-0.2479838200462013,-0.987216881405231,-0.207431248107228,-0.4949003541083128,-0.4996149614926481,-0.7227543984073704,,-0.5922251096330923,-0.6627611894764985,459,4,0,1,1,1,2,5.0,16.0,0.229,0.25
"Freeman, Cody",683227,2026,96,72,0.25,0.188,-0.062,0.321,0.242,-0.079,0.292,0.233,-0.059,1.4,22.2,83.0,22.2,1.1,,,,,39.0,,8.3,15.6,86.4,43.1,13.9,0.294,28.0,90.0,85.8,54.2,19.4,16.7,20.8,13.9,0.16,0.78,1.0,8.0,6.0,84.0,21.0,1.0,1.0,0.323,0.321,0.071,0.644,0.253,1.0,0.0,14.0,7.0,,,0.054,0.323,0.071,0.644,1.0,8.0,6.0,84.0,21.0,15.0,8.0,0.75,92.4,0.182,"Freeman, Cody",Hitter,2026,-0.953312412010605,-0.8991013346053356,2.82697288413916,-0.430964742229559,-0.2617026063158195,-1.2526216058968558,-0.21017956985854575,-0.634913218933321,-0.6667816445195693,-0.6695068891192827,,-0.771651400363017,-0.8426732918315375,460,1,1,1,1,0,3,8.0,15.0,0.25,0.294
"Lopez, Nicky",670032,2026,268,203,0.268,0.246,-0.022,0.311,0.295,-0.016,0.282,0.269,-0.013,0.0,22.2,84.7,28.1,0.0,,,,,54.0,81.0,4.5,16.4,86.6,29.1,19.7,0.323,34.1,88.9,83.8,60.1,14.8,22.2,10.8,19.7,0.02,0.85,1.0,25.0,24.0,235.0,63.0,4.0,1.0,0.32,0.311,0.043,0.631,0.266,5.0,2.0,44.0,12.0,,0.85,0.049,0.32,0.043,0.631,1.0,25.0,24.0,235.0,63.0,44.0,12.0,0.95,89.2,0.021,"Lopez, Nicky",Hitter,2026,-0.46161495166451294,-0.7549172806078209,1.197194100735628,-0.34033502164263435,-0.38440952794962646,-0.3422688324542941,-0.21052616821413542,-0.34877000826848853,-0.3006625676122506,-0.4288553219081248,,-0.6022387030410702,-0.6619611743904216,461,5,1,5,7,2,12,12.0,44.0,0.268,0.323
"Fry, David",681807,2026,210,122,0.194,0.177,-0.017,0.361,0.291,-0.07,0.301,0.27,-0.031,6.6,34.4,86.6,25.4,3.8,,,,,24.0,,13.3,27.6,78.1,54.1,12.3,0.237,27.5,79.6,73.3,36.9,29.5,16.4,30.3,12.3,0.05,1.375,8.0,23.0,20.0,180.0,35.0,6.0,0.0,0.31,0.361,0.167,0.671,0.194,0.0,0.0,58.0,28.0,,,0.114,0.31,0.167,0.671,8.0,23.0,20.0,180.0,35.0,58.0,28.0,6.45,95.3,0.034,"Fry, David",Hitter,2026,-0.5173989516673592,-0.24691790891765014,0.45958071296549874,0.011636528119878245,-0.37450151564379114,-0.687722565405631,-0.2142731416425055,-0.28610463637445305,-0.31423023215048085,-0.2422959478853805,,-0.2472526275382489,-0.28031647327906795,462,6,0,0,2,0,0,28.0,58.0,0.194,0.237
"Eaton, Nate",681987,2026,58,33,0.146,0.175,0.029,0.25,0.289,0.039,0.262,0.285,0.023,6.1,30.3,86.6,36.4,3.4,,,,,95.0,,13.8,25.9,75.9,51.5,12.1,0.188,30.4,77.2,69.2,30.3,24.2,33.3,30.3,12.1,0.34,0.78,1.0,4.0,6.0,48.0,7.0,2.0,0.0,0.293,0.25,0.104,0.543,0.146,2.0,0.0,15.0,8.0,,,0.114,0.293,0.104,0.543,1.0,4.0,6.0,48.0,7.0,15.0,8.0,1.16,82.9,0.386,"Eaton, Nate",Hitter,2026,-0.4755152482941798,-0.06664573279104896,-0.27299784793216764,-0.5909869956692152,-0.10622302859348012,0.5343318685592824,-0.21899480117538195,-0.2518879751863783,0.15818536707394115,-0.08761811519575669,,-0.23173246317989815,-0.24801692461731403,463,2,0,2,2,0,0,8.0,15.0,0.146,0.188
"Gurriel Jr., Lourdes",666971,2026,201,151,0.21,0.234,0.024,0.29,0.312,0.022,0.243,0.273,0.03,4.6,33.8,87.3,31.8,3.5,,,,,19.0,,5.0,18.9,88.2,39.1,19.2,0.248,40.5,91.0,78.4,42.4,21.9,23.8,21.2,19.2,-0.69,13.0,2.0,13.0,22.0,186.0,39.0,9.0,0.0,0.254,0.29,0.08,0.544,0.21,1.0,3.0,38.0,10.0,14.0,14.0,0.078,0.254,0.08,0.544,2.0,13.0,22.0,186.0,39.0,38.0,10.0,2.15,76.9,-0.053,"Gurriel Jr., Lourdes",Hitter,2026,-0.34707822742099104,-0.15472232492608487,-0.13476702485864556,-0.5738172954551545,-0.4408089826136124,0.47365148825688347,-0.22071741932320763,-0.07301447842191641,0.16825880239525992,-0.25572480461980723,,-0.30472974544253345,-0.3662193514162565,464,9,0,1,2,3,0,10.0,38.0,0.21,0.248
"Murray, Tanner",695020,2026,33,23,0.214,0.191,-0.023,0.321,0.39,0.069,0.256,0.275,0.019,8.7,43.5,90.7,26.1,6.1,,,,,36.0,,6.1,21.2,78.1,39.1,26.1,0.238,32.1,78.1,68.0,47.8,30.4,4.3,21.7,26.1,0.01,0.78,1.0,2.0,3.0,28.0,6.0,0.0,0.0,0.281,0.321,0.107,0.602,0.214,0.0,1.0,7.0,2.0,,,0.199,0.281,0.107,0.602,1.0,2.0,3.0,28.0,6.0,7.0,2.0,1.21,81.0,0.011,"Murray, Tanner",Hitter,2026,0.12416328072518601,0.16256225439038055,-1.2474187593052246,-0.5868469643542688,-0.39203107587719216,0.2769473741137815,-0.22309495766589246,-0.04479815353929009,0.07799745948143946,-0.023787288852984333,,0.10130049519155859,0.1761918889915312,465,0,0,0,1,1,1,2.0,7.0,0.214,0.238
"Hernández, Enrique",571771,2026,94,57,0.227,0.218,-0.009,0.409,0.343,-0.066,0.29,0.271,-0.019,7.0,40.4,88.4,28.1,4.4,,,,,29.0,,6.4,29.8,87.0,24.6,22.8,0.286,33.3,87.0,75.4,42.1,21.1,28.1,17.5,22.8,-0.03,4.5,4.0,12.0,12.0,88.0,20.0,4.0,0.0,0.277,0.409,0.182,0.686,0.226,0.0,0.0,27.0,6.0,6.5,6.5,0.125,0.277,0.182,0.686,4.0,12.0,12.0,88.0,20.0,28.0,6.0,3.35,91.8,-0.007,"Hernández, Enrique",Hitter,2026,-0.16955362302074617,0.0159953476491541,-0.5467544438199253,-0.09802209883001105,-0.40574986214681036,-0.5241204403398477,-0.22889284787151198,-0.14941110784730322,-0.2603680581292781,-0.2490495991461663,,-0.11833446606579918,-0.12491344089465732,466,4,0,0,0,0,0,6.0,28.0,0.227,0.286
"Muncy, Max",691777,2026,284,168,0.23,0.218,-0.012,0.387,0.366,-0.021,0.3,0.288,-0.012,10.7,43.5,89.1,33.3,6.3,,,,,56.0,,7.4,32.0,81.1,44.0,16.7,0.314,33.2,83.1,69.9,41.1,22.6,22.0,23.2,16.7,-1.14,14.5,9.0,31.0,30.0,256.0,59.0,9.0,2.0,0.296,0.387,0.157,0.683,0.23,3.0,3.0,91.0,21.0,14.5,,0.148,0.296,0.157,0.683,9.0,31.0,30.0,256.0,59.0,91.0,21.0,8.51,94.9,-0.078,"Muncy, Max",Hitter,2026,0.036291341772842794,0.3870924080573859,-1.7177386768780192,0.10075889936103023,-0.45986285243252645,-0.28754194510762016,-0.23079612932687513,0.058166321498677266,-0.07565526161009255,0.009777371990574529,,0.16141827906532513,0.162513058250163,467,9,2,3,4,3,0,21.0,91.0,0.23,0.314
"Muncy, Max",691777,2026,284,168,0.23,0.218,-0.012,0.387,0.366,-0.021,0.3,0.288,-0.012,10.7,43.5,89.1,33.3,6.3,,,,,56.0,,7.4,32.0,81.1,44.0,16.7,0.314,33.2,83.1,69.9,41.1,22.6,22.0,23.2,16.7,-1.14,14.5,9.0,31.0,30.0,256.0,59.0,26.0,1.0,0.296,0.387,0.157,0.683,0.249,3.0,1.0,140.0,63.0,14.5,,0.148,0.296,0.157,0.683,9.0,31.0,30.0,256.0,59.0,91.0,21.0,8.51,94.9,-0.078,"Muncy, Max",Hitter,2026,0.036291341772842794,0.3870924080573859,-1.7177386768780192,0.10075889936103023,-0.45986285243252645,-0.28754194510762016,-0.23079612932687513,0.058166321498677266,-0.07565526161009255,0.009777371990574529,,0.16141827906532513,0.162513058250163,468,9,2,3,4,3,0,21.0,91.0,0.23,0.314
"Williams, Alika",675961,2026,231,169,0.27,0.217,-0.053,0.428,0.299,-0.129,0.32,0.248,-0.072,1.2,32.7,84.7,30.8,0.9,,,,,67.0,81.0,4.3,21.6,88.6,43.8,18.9,0.333,37.1,89.3,79.0,46.2,23.1,21.9,21.9,18.9,1.81,0.78,4.0,29.0,16.0,215.0,58.0,20.0,1.0,0.307,0.428,0.158,0.735,0.27,2.0,1.0,50.0,10.0,,,0.082,0.307,0.158,0.735,4.0,29.0,16.0,215.0,58.0,50.0,10.0,2.79,101.3,2.057,"Williams, Alika",Hitter,2026,-0.5287210263057283,-0.4152514035946375,-0.017425252507541567,0.1356716406905544,1.1673376301027405,-1.5145729756501598,-0.2322171136226496,-0.37093657560790877,-0.7368332768619238,-0.555283891641303,,-0.42300354930963335,-0.48360697562191723,469,20,1,2,2,1,3,10.0,50.0,0.27,0.333
"Mayer, Marcelo",691785,2026,241,167,0.208,0.196,-0.012,0.296,0.289,-0.007,0.261,0.256,-0.005,6.0,35.3,86.1,26.3,4.2,,,,,49.0,44.0,7.5,20.7,85.0,35.9,18.0,0.253,29.0,86.4,73.5,51.5,24.6,16.2,16.2,18.0,-0.19,0.78,3.0,19.0,22.0,216.0,45.0,10.0,0.0,0.275,0.296,0.088,0.571,0.21,3.0,3.0,50.0,18.0,,,0.093,0.275,0.088,0.571,3.0,19.0,22.0,216.0,45.0,50.0,18.0,2.93,82.6,-0.216,"Mayer, Marcelo",Hitter,2026,-0.5719671566298592,-0.24302768484011084,0.6330832181226563,-0.42460051641625157,-0.5650402138329325,-0.17153969733384625,-0.23398291198620413,-0.26624416962071884,-0.09372581100120504,-0.3705573773612386,,-0.3576302008673905,-0.40338651572538703,470,10,0,3,3,3,0,18.0,50.0,0.208,0.253
"McAdoo, Charles",807727,2026,102,70,0.255,0.241,-0.014,0.362,0.335,-0.027,0.295,0.279,-0.016,4.3,25.7,85.1,27.1,2.9,,,,,89.0,,6.9,24.5,82.1,24.3,25.7,0.324,33.7,83.7,79.5,41.4,22.9,25.7,14.3,25.7,0.27,0.78,2.0,11.0,12.0,94.0,24.0,4.0,0.0,0.304,0.362,0.107,0.666,0.255,2.0,1.0,25.0,7.0,,,0.094,0.304,0.107,0.666,2.0,11.0,12.0,94.0,24.0,25.0,7.0,1.85,93.4,0.307,"McAdoo, Charles",Hitter,2026,-0.17830234492135993,-0.5209329539285833,-0.013428763648123343,-0.2667631149448113,-0.1664332572212488,-0.3587190138163651,-0.24330618590875824,-0.2235476984535996,-0.3017616030129669,-0.22898627279791636,,-0.3538063158657266,-0.37662302826712,471,4,0,2,0,1,0,7.0,25.0,0.255,0.324
"Tena, José",677588,2026,288,168,0.222,0.222,0.0,0.37,0.352,-0.018,0.3,0.292,-0.008,8.3,46.4,90.6,30.4,4.9,,,,,60.0,,9.4,31.2,76.7,32.1,20.8,0.311,29.6,79.1,68.7,48.8,20.8,25.0,17.9,20.8,-0.48,0.78,7.0,36.0,25.0,257.0,57.0,13.0,2.0,0.302,0.37,0.148,0.672,0.223,6.0,1.0,89.0,27.0,,,0.13,0.302,0.148,0.672,7.0,36.0,25.0,257.0,57.0,90.0,27.0,6.66,94.9,-0.545,"Tena, José",Hitter,2026,-0.0340742076569776,0.31638005784456263,-1.419840094516721,0.07066157716087851,-0.8157891406498425,-0.1599366883870583,-0.24519190085239834,0.05005760701335188,-0.01712532796611588,-0.026213816072795777,,0.10827617534690133,0.09287274788435655,472,13,2,6,3,1,0,27.0,90.0,0.222,0.311
"Hill, Derek",656537,2026,216,133,0.241,0.225,-0.016,0.442,0.386,-0.056,0.319,0.289,-0.03,10.5,33.8,88.9,33.1,6.5,,,,,95.0,,6.0,31.9,77.6,36.8,22.6,0.311,34.6,79.7,69.4,46.6,28.6,21.1,20.3,22.6,1.3,0.9,11.0,30.0,31.0,199.0,48.0,5.0,1.0,0.291,0.442,0.201,0.733,0.241,13.0,0.0,69.0,13.0,,,0.161,0.291,0.201,0.733,11.0,30.0,31.0,199.0,48.0,69.0,13.0,9.61,100.9,1.3,"Hill, Derek",Hitter,2026,0.16795329770204426,0.1645800190410728,-2.4893864948356845,0.319009610457891,0.5903864519860207,-0.60931836710512,-0.2525453959348533,0.028776125126081804,-0.3022697084357264,0.0261699680851173,,0.13445605162434868,0.14851107577257738,473,5,1,13,1,0,3,13.0,69.0,0.241,0.311
"Wagaman, Eric",676572,2026,52,35,0.191,0.227,0.036,0.319,0.362,0.043,0.266,0.296,0.03,5.7,28.6,84.8,34.3,3.8,,,,,28.0,,7.7,23.1,71.9,37.1,11.4,0.212,28.3,73.4,70.8,48.6,17.1,31.4,11.4,11.4,-0.3,0.77,2.0,5.0,5.0,47.0,9.0,0.0,0.0,0.269,0.319,0.128,0.588,0.191,0.0,0.0,12.0,4.0,0.77,,0.135,0.269,0.128,0.588,2.0,5.0,5.0,47.0,9.0,12.0,4.0,2.27,84.2,-0.345,"Wagaman, Eric",Hitter,2026,0.04541942697298883,-0.22368698318214203,-0.995657909513226,-0.482377068709471,-0.6633581820985294,0.6537445735057861,-0.25604914748586005,0.062340746370458416,0.20639560158878742,0.02330010484118463,,-0.062040404361360754,-0.0690607514888224,474,0,0,0,1,0,0,4.0,12.0,0.191,0.212
"Pauley, Graham",688363,2026,150,104,0.21,0.192,-0.018,0.377,0.312,-0.065,0.276,0.244,-0.032,6.7,26.0,84.9,34.6,4.7,,,,,27.0,,5.3,24.7,85.9,54.8,9.6,0.255,31.1,87.5,78.8,39.4,29.8,19.2,35.6,9.6,-0.1,0.78,4.0,15.0,25.0,138.0,29.0,9.0,1.0,0.257,0.377,0.167,0.634,0.21,1.0,1.0,37.0,8.0,,,0.12,0.257,0.167,0.634,4.0,15.0,25.0,138.0,29.0,37.0,8.0,3.31,87.3,-0.114,"Pauley, Graham",Hitter,2026,-0.47510302412936967,-0.2268364819755333,0.2781536539313768,-0.13961658076296665,-0.48730042497176285,-0.679329774557372,-0.2600255114051011,-0.3476175087819748,-0.39407213466643937,-0.411986094153334,,-0.3377829936407788,-0.35506441739105493,475,9,1,1,1,1,2,8.0,37.0,0.21,0.255
"Durán, Rodolfo",660710,2026,91,59,0.146,0.18,0.034,0.305,0.323,0.018,0.236,0.257,0.021,8.5,30.5,87.5,22.0,5.5,,,,,50.0,,7.7,26.4,83.2,40.7,16.9,0.164,31.9,85.1,75.8,45.8,30.5,10.2,20.3,16.9,-0.11,0.78,3.0,8.0,8.0,82.0,12.0,4.0,0.0,0.222,0.305,0.159,0.527,0.146,0.0,0.0,24.0,7.0,,,0.143,0.222,0.159,0.527,3.0,8.0,8.0,82.0,12.0,24.0,7.0,3.18,74.7,-0.125,"Durán, Rodolfo",Hitter,2026,-0.36470629493228196,-0.3147068547710997,-0.14509448643440936,-0.5538124150229272,-0.49568412769208503,0.4585943931062062,-0.26266295336447876,-0.19157037491863538,0.06579711201579787,-0.31097810570220613,,-0.2788115659466243,-0.28824128400210447,476,4,0,0,1,0,1,7.0,24.0,0.146,0.164
"Refsnyder, Rob",608701,2026,129,81,0.14,0.17,0.03,0.254,0.316,0.062,0.207,0.255,0.048,8.6,34.6,86.6,24.7,5.4,,,,,38.0,,6.2,28.7,80.9,50.6,16.0,0.158,25.7,84.6,74.5,39.5,29.6,17.3,21.0,16.0,-0.97,6.25,4.0,9.0,11.0,114.0,16.0,1.0,0.0,0.211,0.254,0.114,0.465,0.14,0.0,3.0,37.0,8.0,2.1,2.1,0.146,0.211,0.114,0.465,4.0,9.0,11.0,114.0,16.0,37.0,8.0,4.98,65.5,-0.153,"Refsnyder, Rob",Hitter,2026,-0.42065829169294866,-0.17937445634002286,-0.25394352523279673,-0.8019930611383334,-0.5170244618892689,0.8322958183426996,-0.26790281650156816,-0.17008741756113693,0.27101864293844347,-0.36777371260986386,,-0.271264134153575,-0.27613958333107325,477,1,0,0,3,3,1,8.0,37.0,0.14,0.158
"Marte, Starling",516782,2026,168,114,0.242,0.23,-0.012,0.314,0.364,0.05,0.276,0.287,0.011,9.6,35.1,87.4,26.3,6.5,,,,,11.0,,5.4,24.4,81.4,31.6,17.5,0.313,35.3,84.8,75.9,52.6,15.8,24.6,14.9,17.5,-0.63,1.0,2.0,15.0,14.0,153.0,37.0,5.0,0.0,0.298,0.314,0.072,0.612,0.242,2.0,2.0,41.0,9.0,20.75,20.75,0.134,0.298,0.072,0.612,2.0,15.0,14.0,153.0,37.0,41.0,9.0,2.32,87.3,-0.573,"Marte, Starling",Hitter,2026,0.026169888377398393,-0.06402172120922216,-0.8958364477837631,-0.4340982268170241,-0.8371294748470264,0.20781486224707083,-0.2686835345976084,0.0037785934141216634,0.03681065518509946,-0.02381675362376399,,-0.053644910620253186,-0.05309959394965354,478,5,0,2,4,2,0,9.0,41.0,0.242,0.313
"O'Hoppe, Logan",681351,2026,274,187,0.219,0.206,-0.013,0.303,0.332,0.029,0.259,0.267,0.008,9.1,35.8,86.8,30.5,6.2,,,,,46.0,,6.2,24.5,85.8,44.4,18.7,0.28,34.8,88.1,72.9,39.0,28.9,22.5,24.1,18.7,-1.01,2.625,4.0,25.0,24.0,251.0,55.0,9.0,0.0,0.275,0.303,0.084,0.578,0.219,0.0,2.0,67.0,17.0,0.79,,0.126,0.275,0.084,0.578,4.0,25.0,24.0,251.0,55.0,67.0,17.0,4.38,82.0,-0.371,"O'Hoppe, Logan",Hitter,2026,-0.258778607488019,0.02296791524179642,-0.621685679426709,-0.3887426406685856,-0.6831742067102001,0.08256237682229249,-0.2717264998267304,-0.09843205820143142,0.02422261776466774,-0.1823799832422342,,-0.1373126115972622,-0.15305716011867695,479,9,0,0,3,2,1,17.0,67.0,0.219,0.28
"Mangum, Jake",663968,2026,475,343,0.273,0.246,-0.027,0.361,0.33,-0.031,0.31,0.284,-0.026,2.3,28.0,85.9,27.1,1.7,61.0,9.0,1.0,67.0,96.0,33.0,5.3,19.6,83.2,29.7,21.0,0.336,45.1,86.3,81.3,58.3,16.9,20.7,13.7,21.0,0.83,0.76,5.0,56.0,32.0,432.0,118.0,19.0,2.0,0.329,0.361,0.088,0.69,0.275,23.0,2.0,92.0,25.0,0.76,,0.084,0.329,0.088,0.69,5.0,56.0,32.0,432.0,118.0,93.0,25.0,4.57,98.1,0.965,"Mangum, Jake",Hitter,2026,-0.18846864259327625,-0.5318981216265751,-0.8441491593676246,0.15158717870456972,0.3350645964125712,-0.542517177751397,-0.2781263402069749,-0.2767524451766032,-0.43190417530713243,-0.23795773649552104,,-0.39882071904912514,-0.42867021282246276,480,19,2,23,12,2,4,25.0,93.0,0.273,0.336
"Polanco, Jorge",593871,2026,145,100,0.148,0.189,0.041,0.23,0.284,0.054,0.196,0.234,0.038,4.0,31.0,86.0,31.0,2.8,,,,,18.0,,6.2,24.8,85.4,47.0,16.0,0.186,30.1,88.4,78.3,40.0,24.0,25.0,27.0,16.0,-1.37,17.0,2.0,7.0,6.0,135.0,20.0,5.0,0.0,0.201,0.23,0.082,0.431,0.148,0.0,0.0,36.0,9.0,9.5,7.0,0.095,0.201,0.082,0.431,2.0,7.0,6.0,135.0,20.0,36.0,9.0,2.47,62.0,-0.08,"Polanco, Jorge",Hitter,2026,-0.687745872988152,-0.29514598753007043,0.43779341953782736,-0.988429021954525,-0.4613871620180396,0.7985437459137148,-0.27984534772598924,-0.301006027564698,0.20800333201808413,-0.5964889084737719,,-0.521038155548047,-0.5705459592451677,481,5,0,0,0,0,1,9.0,36.0,0.148,0.186
"Whitcomb, Shay",694376,2026,120,79,0.202,0.203,0.001,0.333,0.366,0.033,0.235,0.257,0.022,11.4,32.9,86.4,32.9,7.6,,,,,44.0,,3.3,29.2,89.7,34.2,25.3,0.253,34.9,91.2,73.1,38.0,30.4,21.5,17.7,25.3,-0.1,0.78,4.0,8.0,13.0,114.0,23.0,3.0,0.0,0.229,0.333,0.131,0.562,0.188,0.0,0.0,35.0,4.0,,,0.163,0.229,0.131,0.562,4.0,8.0,13.0,114.0,23.0,35.0,4.0,4.4,74.4,-0.114,"Whitcomb, Shay",Hitter,2026,-0.085579886334619,0.1073162317381923,-1.1961083071654888,-0.5598006201875769,-0.48730042497176285,0.30311473636819003,-0.2817366331993334,-0.06525410804347223,0.07358548289220186,-0.2006862278405333,,-0.06883673305314461,-0.04544874325789692,482,3,0,1,0,0,2,4.0,35.0,0.202,0.253
"Cheng, Tsung-Che",691907,2026,44,26,0.256,0.237,-0.019,0.282,0.392,0.11,0.274,0.303,0.029,7.7,23.1,86.6,38.5,4.5,,,,,90.0,,9.1,31.8,78.6,46.2,11.5,0.385,29.3,78.6,66.2,46.2,30.8,23.1,23.1,11.5,-0.15,0.78,0.0,7.0,5.0,39.0,10.0,1.0,0.0,0.318,0.282,0.026,0.6,0.256,0.0,1.0,14.0,4.0,,,0.155,0.318,0.026,0.6,0.0,7.0,5.0,39.0,10.0,14.0,4.0,0.0,86.7,-0.17,"Cheng, Tsung-Che",Hitter,2026,0.2629503728886603,-0.09772621341993232,-1.5842233062833055,-0.6538310553074484,-0.5299810933661305,0.5666515755646424,-0.28584875548058336,0.09296583633390204,0.19734950830116132,0.133838280580603,,0.05315899868374148,0.08886094046979369,483,1,0,0,0,1,0,4.0,14.0,0.256,0.385
"Gorman, Nolan",669357,2026,298,170,0.187,0.197,0.01,0.313,0.358,0.045,0.263,0.281,0.018,10.0,42.4,89.5,35.3,5.7,,,,,5.0,59.0,11.1,31.9,74.0,45.9,21.8,0.248,31.5,76.0,64.5,32.9,37.6,22.4,37.6,21.8,-0.22,2.655,9.0,26.0,33.0,262.0,49.0,6.0,0.0,0.275,0.313,0.126,0.588,0.188,0.0,3.0,94.0,32.0,0.782,,0.161,0.275,0.126,0.588,9.0,26.0,33.0,262.0,49.0,95.0,33.0,10.29,83.2,-0.08,"Gorman, Nolan",Hitter,2026,-0.04984080584106089,0.3987618418431026,-2.121829225111914,-0.21220001432829463,-0.4613871620180396,0.3913126675708009,-0.2898196684523998,0.05055274808631459,0.19027647024317224,0.009900331688305224,,0.1295750564609484,0.13880641401494626,484,6,0,0,0,3,0,33.0,95.0,0.187,0.248
"Melendez, MJ",669004,2026,144,72,0.192,0.166,-0.026,0.35,0.317,-0.033,0.302,0.28,-0.022,11.1,55.6,94.2,29.2,5.6,,,,,43.0,,11.8,34.7,73.9,50.0,20.8,0.284,29.5,77.1,69.3,26.4,43.1,19.4,38.9,20.8,-0.22,1.5,4.0,14.0,11.0,120.0,23.0,5.0,1.0,0.315,0.35,0.158,0.665,0.192,0.0,1.0,50.0,17.0,,2.65,0.151,0.315,0.158,0.665,4.0,14.0,11.0,120.0,23.0,50.0,17.0,3.62,95.6,-0.137,"Melendez, MJ",Hitter,2026,-0.3242188024831894,0.6930174428045863,-1.5365794644903368,-0.11485949187860146,-0.5048299852051639,-0.5148995073140847,-0.2921400047671457,-0.10934130015121551,-0.1201001174321419,-0.09657353257124218,,0.16246247057665092,0.15856386614655446,485,5,1,0,5,1,1,17.0,50.0,0.192,0.284
"Kennedy, Buddy",671083,2026,49,28,0.116,0.167,0.051,0.14,0.264,0.124,0.185,0.249,0.064,10.7,32.1,84.4,28.6,6.1,,,,,69.0,,10.2,30.6,81.7,39.3,14.3,0.179,26.1,83.1,75.0,25.0,28.6,17.9,17.9,14.3,-0.42,0.78,0.0,4.0,1.0,43.0,5.0,1.0,0.0,0.224,0.14,0.024,0.364,0.116,0.0,0.0,15.0,5.0,,,0.097,0.224,0.024,0.364,0.0,4.0,1.0,43.0,5.0,15.0,5.0,0.0,58.5,-0.477,"Kennedy, Buddy",Hitter,2026,-0.7679038291070263,-0.10600947824589624,0.32329215140597267,-1.2668854506263718,-0.763962614742396,1.3817709399790157,-0.29293601528533375,-0.2558761433195714,0.5078475782781366,-0.38394001859521415,,-0.4412940968041808,-0.4936202960779921,486,1,0,0,1,0,0,5.0,15.0,0.116,0.179
"Caballero, José",676609,2026,456,309,0.231,0.227,-0.004,0.365,0.333,-0.032,0.29,0.278,-0.012,4.2,25.6,83.8,30.4,2.9,29.0,15.0,15.0,30.0,67.0,80.0,6.4,24.3,78.7,43.4,12.9,0.278,37.0,81.7,75.3,46.3,20.4,21.7,20.7,12.9,1.99,2.0,14.0,50.0,51.0,411.0,95.0,13.0,0.0,0.29,0.365,0.134,0.655,0.231,34.0,5.0,111.0,29.0,0.776,,0.106,0.29,0.134,0.655,14.0,50.0,51.0,411.0,95.0,111.0,29.0,12.77,91.8,0.948,"Caballero, José",Hitter,2026,-0.2014538792325214,-0.4774371428824995,-1.2306272281376618,0.2193894617389649,0.3221079649357096,-0.2816864529444521,-0.293494412145309,-0.19343489950522175,-0.2816238465800893,-0.23061812315227057,,-0.32337654088142026,-0.3527601955600614,487,13,0,34,7,5,4,29.0,111.0,0.231,0.278
"Workman, Gage",669398,2026,41,24,0.171,0.222,0.051,0.415,0.489,0.074,0.245,0.299,0.054,20.8,45.8,94.1,50.0,12.2,,,,,80.0,,0.0,41.5,80.4,33.3,37.5,0.227,42.5,83.9,68.9,37.5,33.3,29.2,20.8,37.5,-0.48,0.78,2.0,3.0,8.0,41.0,7.0,4.0,0.0,0.171,0.415,0.244,0.586,0.171,0.0,0.0,17.0,0.0,,,0.267,0.171,0.244,0.586,2.0,3.0,8.0,41.0,7.0,17.0,0.0,2.36,77.5,-0.545,"Workman, Gage",Hitter,2026,0.844333039503202,1.4224288234189162,-5.152249661393325,-0.306984960414764,-0.8157891406498425,1.079005565556017,-0.29699452622101213,0.3519161731622322,0.42453502071199695,0.4325716772286621,,0.733334934337471,0.8717998859068682,488,4,0,0,0,0,0,0.0,17.0,0.171,0.227
"Moore, Dylan",664238,2026,15,6,0.0,0.096,0.096,0.0,0.178,0.178,0.14,0.233,0.093,0.0,33.3,91.3,50.0,0.0,,,,,,,20.0,40.0,81.8,0.0,16.7,0.0,26.1,81.8,70.6,0.0,50.0,16.7,0.0,16.7,-0.16,0.76,0.0,3.0,0.0,12.0,0.0,0.0,0.0,0.2,0.0,0.0,0.2,0.0,1.0,0.0,6.0,3.0,0.76,3.658,0.082,0.2,0.0,0.2,0.0,3.0,0.0,12.0,0.0,6.0,3.0,0.0,44.3,-0.186,"Moore, Dylan",Hitter,2026,-1.3977069244445515,0.2333037291757421,0.61631968934678,-1.6571479593669203,-0.5421755700502355,2.159677021383636,-0.29714008064567043,-0.5934575601244068,0.7949545104732892,-0.7220434095054947,,-0.6309581192837247,-0.6872327088577296,489,0,0,1,0,0,0,3.0,6.0,0.0,0.0
"Bliss, Ryan",669208,2026,10,6,0.125,0.203,0.078,0.125,0.295,0.17,0.159,0.27,0.111,0.0,66.7,92.2,50.0,0.0,,,,,,,10.0,30.0,76.5,16.7,50.0,0.167,31.8,76.5,62.5,33.3,33.3,33.3,0.0,50.0,0.01,0.78,0.0,0.0,1.0,8.0,1.0,0.0,0.0,0.2,0.125,0.0,0.325,0.125,0.0,1.0,3.0,1.0,,,0.092,0.2,0.0,0.325,0.0,0.0,1.0,8.0,1.0,3.0,1.0,0.0,50.3,0.011,"Bliss, Ryan",Hitter,2026,-0.479475866234727,0.9593440889419294,-2.1403590338580054,-1.4827393897233205,-0.39203107587719216,2.1307256054509818,-0.2975954593501159,-0.258752293156067,0.8578631463181852,-0.34709486625090263,,-0.20466827882637373,-0.18622296260056803,490,0,0,0,0,1,0,1.0,3.0,0.125,0.167
"Allen, Nick",669397,2026,161,118,0.278,0.216,-0.062,0.382,0.269,-0.113,0.31,0.244,-0.066,1.7,26.3,85.5,24.6,1.2,,,,,36.0,31.0,6.2,19.9,81.7,39.8,10.2,0.33,26.8,85.3,79.3,49.2,20.3,18.6,23.7,10.2,1.13,1.4,3.0,25.0,14.0,144.0,40.0,6.0,0.0,0.323,0.382,0.104,0.705,0.278,2.0,3.0,32.0,10.0,0.78,,0.053,0.323,0.104,0.705,3.0,25.0,14.0,144.0,40.0,32.0,10.0,2.11,98.1,0.753,"Allen, Nick",Hitter,2026,-0.7306750556870825,-0.6683908320053977,1.0589080730988278,-0.08587232701992409,0.17348778034817938,-1.4599891054061775,-0.2990417009168144,-0.5248012194462227,-0.7363845477571476,-0.6090903030937103,,-0.6364697746219542,-0.7052513694346952,491,6,0,2,1,3,3,10.0,32.0,0.278,0.33
"Serven, Brian",661531,2026,82,57,0.179,0.218,0.039,0.385,0.372,-0.013,0.262,0.274,0.012,8.8,29.8,87.4,35.1,6.1,,,,,17.0,,3.7,25.6,76.4,38.6,15.8,0.173,31.8,79.1,71.5,45.6,31.6,21.1,24.6,15.8,0.1,0.78,5.0,8.0,14.0,78.0,14.0,1.0,0.0,0.22,0.385,0.206,0.605,0.179,0.0,0.0,21.0,3.0,,,0.154,0.22,0.206,0.605,5.0,8.0,14.0,78.0,14.0,21.0,3.0,4.83,82.9,0.114,"Serven, Brian",Hitter,2026,0.021987163636533608,0.02148897358762185,-1.8306775286570836,-0.24083911349652812,-0.31352913222326595,0.28512772022646515,-0.3037730518960641,0.045451966775116065,0.04190982679566045,-0.09906961233935563,,-0.00701212928513939,-0.010434843304415919,492,1,0,0,1,0,0,3.0,21.0,0.179,0.173
"Vázquez, Christian",543877,2026,266,195,0.207,0.195,-0.012,0.322,0.267,-0.055,0.258,0.233,-0.025,2.1,22.6,85.9,30.3,1.5,,,,,1.0,,6.8,19.9,89.2,33.8,21.5,0.235,36.5,90.9,81.8,43.1,24.6,23.6,16.9,21.5,0.37,10.0,7.0,22.0,25.0,242.0,50.0,7.0,0.0,0.261,0.322,0.115,0.583,0.207,1.0,1.0,53.0,18.0,10.0,10.0,0.072,0.261,0.115,0.583,7.0,22.0,25.0,242.0,50.0,53.0,18.0,5.8,81.6,0.037,"Vázquez, Christian",Hitter,2026,-0.7942230350718086,-0.5699681555998178,0.9977900003322835,-0.3318309166362969,-0.37221505126552146,-0.5395207916674184,-0.3038291116268117,-0.4295199881641317,-0.356023263953265,-0.628238270333929,,-0.6163692848159215,-0.6915481442525875,493,7,0,1,0,1,5,18.0,53.0,0.207,0.235
"Knizner, Andrew",668800,2026,80,58,0.219,0.218,-0.001,0.356,0.339,-0.017,0.295,0.281,-0.014,5.2,32.8,87.0,24.1,3.8,,,,,3.0,,5.0,17.5,80.0,34.5,13.8,0.246,38.6,83.8,79.9,36.2,31.0,17.2,20.7,13.8,-0.38,0.78,2.0,8.0,4.0,73.0,16.0,4.0,0.0,0.288,0.356,0.137,0.644,0.225,0.0,0.0,13.0,4.0,,,0.121,0.288,0.137,0.644,2.0,8.0,4.0,73.0,16.0,14.0,4.0,1.9,93.4,-0.432,"Knizner, Andrew",Hitter,2026,-0.1575582811721741,-0.3603097519616115,-0.38249422017510665,-0.28412733293143894,-0.7296656490683506,-0.20699307042797235,-0.30511062560098,-0.08303266933981995,-0.18688833965401627,-0.1674062925570631,,-0.18390686558078997,-0.2160726510074481,494,4,0,0,3,0,0,4.0,14.0,0.219,0.246
"Díaz, Elias",553869,2026,236,167,0.23,0.214,-0.016,0.387,0.347,-0.04,0.279,0.264,-0.015,9.0,40.1,88.4,32.3,6.4,,,,,2.0,,3.8,24.6,81.0,37.7,20.4,0.276,37.9,83.7,73.9,36.5,26.3,25.1,22.2,20.4,1.08,1.65,7.0,20.0,34.0,217.0,50.0,13.0,0.0,0.263,0.387,0.157,0.65,0.23,0.0,4.0,58.0,9.0,1.65,1.5,0.133,0.263,0.157,0.65,7.0,20.0,34.0,217.0,50.0,58.0,9.0,6.28,88.3,0.617,"Díaz, Elias",Hitter,2026,-0.17248708879285948,0.20076130093327674,-1.741616122729795,-0.05315228808673502,0.06983472853328648,-0.42469779809048874,-0.3076710805897592,-0.12072563489492572,-0.22361586928216706,-0.20546718793862112,,-0.0799369513894829,-0.08882174312809872,495,13,0,0,2,4,4,9.0,58.0,0.23,0.276
"Bruján, Vidal",660644,2026,13,11,0.091,0.164,0.073,0.091,0.231,0.14,0.132,0.213,0.081,0.0,9.1,82.0,9.1,0.0,,,,,12.0,,7.7,7.7,82.4,36.4,0.0,0.1,23.8,82.4,77.3,54.5,9.1,9.1,18.2,0.0,-0.07,0.78,0.0,4.0,1.0,11.0,1.0,0.0,0.0,0.167,0.091,0.0,0.258,0.091,0.0,0.0,1.0,1.0,,,0.067,0.167,0.0,0.258,0.0,4.0,1.0,11.0,1.0,1.0,1.0,0.0,41.8,-0.08,"Bruján, Vidal",Hitter,2026,-1.1075726341622187,-1.6005066209068426,2.696860627945199,-1.6274291171456052,-0.4613871620180396,1.7355545047091991,-0.30916302183286826,-0.6716292116902159,0.3564158608302955,-0.8453478889478666,,-1.1995124728952617,-1.2509138306662044,496,0,0,0,0,0,1,1.0,1.0,0.091,0.1
"Del Castillo, Adrian",680728,2026,196,127,0.194,0.198,0.004,0.311,0.33,0.019,0.25,0.256,0.006,6.3,36.2,88.2,34.6,4.1,,,,,22.0,,6.6,28.6,82.3,35.4,16.5,0.25,29.8,85.4,74.2,37.8,29.1,23.6,24.4,16.5,-0.84,0.78,5.0,18.0,24.0,180.0,35.0,6.0,0.0,0.247,0.311,0.117,0.558,0.196,1.0,1.0,55.0,13.0,,,0.132,0.247,0.117,0.558,5.0,18.0,24.0,180.0,35.0,56.0,13.0,5.31,79.1,-0.955,"Del Castillo, Adrian",Hitter,2026,-0.3158115464148867,0.06313036709894283,-0.5556532474412348,-0.4105607913517997,-1.1282726056800343,0.14123536075034515,-0.30996264349585717,-0.10445101256877377,0.0334970993548403,-0.3313200804056905,,-0.14280331524005857,-0.16352353992058224,497,6,0,1,0,1,2,13.0,56.0,0.194,0.25
"Nishida, Rikuu",807747,2026,30,25,0.241,0.258,0.017,0.241,0.306,0.065,0.215,0.247,0.032,0.0,12.0,87.9,32.0,0.0,,,,,66.0,,0.0,16.7,81.8,16.0,20.0,0.292,31.0,81.8,87.0,64.0,8.0,28.0,4.0,20.0,0.05,0.78,0.0,3.0,2.0,29.0,7.0,0.0,0.0,0.241,0.241,0.0,0.482,0.241,0.0,0.0,5.0,0.0,,,0.048,0.241,0.0,0.482,0.0,3.0,2.0,29.0,7.0,5.0,0.0,0.0,68.0,0.057,"Nishida, Rikuu",Hitter,2026,-0.46829966774750653,-0.7778611835163444,0.6592353848183407,-1.0952052101885523,-0.3569719554103902,0.6358641454646329,-0.31015340844025296,-0.3917987113331717,-0.013681197785671076,-0.596163984593974,,-0.7737010246661091,-0.8210285243333949,498,0,0,0,0,0,1,0.0,5.0,0.241,0.292
"Oliva, Jared",666931,2026,7,6,0.143,0.322,0.179,0.143,0.379,0.236,0.127,0.308,0.181,0.0,66.7,93.6,16.7,0.0,,,,,,,0.0,14.3,72.7,33.3,16.7,0.167,41.7,81.8,68.8,50.0,33.3,16.7,16.7,16.7,-0.04,0.78,0.0,1.0,0.0,7.0,1.0,0.0,0.0,0.143,0.143,0.0,0.286,0.143,1.0,0.0,1.0,0.0,,,0.057,0.143,0.0,0.286,0.0,1.0,0.0,7.0,1.0,1.0,0.0,0.0,40.2,-0.045,"Oliva, Jared",Hitter,2026,0.24309062284665894,0.1305383654049293,-3.1530298423637557,-1.6468591056811244,-0.43471174427155984,3.6610397070658904,-0.3104702171346483,0.35930481154587524,1.4012119595514831,-0.1493693750684464,,-0.2337525242574774,-0.28292333642494844,499,0,0,1,0,0,0,0.0,1.0,0.143,0.167
"Báez, Joshua",695491,2026,108,68,0.23,0.212,-0.018,0.51,0.446,-0.064,0.335,0.303,-0.032,11.8,47.1,92.1,35.3,7.4,,,,,93.0,,3.7,30.6,74.6,47.1,17.6,0.262,39.6,78.4,68.1,32.4,39.7,17.6,27.9,17.6,0.14,0.78,7.0,18.0,18.0,100.0,23.0,7.0,0.0,0.278,0.51,0.28,0.788,0.23,2.0,1.0,33.0,4.0,,,0.234,0.278,0.28,0.788,7.0,18.0,18.0,100.0,23.0,33.0,4.0,6.12,106.0,0.159,"Báez, Joshua",Hitter,2026,0.5864770099095926,0.6434977672764706,-3.7563289785265734,0.46072882590643977,-0.27923216654922045,-0.6747615119705946,-0.31442058481230917,0.2269318906233574,-0.281002062587095,0.2433521157091437,,0.5524344022059621,0.6281449298012469,500,7,0,2,3,1,0,4.0,33.0,0.23,0.262
"Moniak, Mickey",666160,2026,436,289,0.238,0.213,-0.025,0.48,0.392,-0.088,0.324,0.279,-0.045,9.7,41.5,89.7,31.8,6.5,12.0,7.0,2.0,15.0,70.0,55.0,5.0,27.5,81.8,48.1,13.5,0.272,43.9,85.0,72.2,34.3,36.7,20.1,35.3,13.5,0.03,4.0,23.0,49.0,65.0,404.0,96.0,17.0,6.0,0.278,0.48,0.242,0.758,0.239,1.0,7.0,119.0,22.0,1.25,,0.179,0.278,0.242,0.758,23.0,49.0,65.0,404.0,96.0,120.0,22.0,18.78,102.5,0.007,"Moniak, Mickey",Hitter,2026,0.1623905746123681,0.2820026934160544,-2.6253864953569948,0.7630151415271081,-0.39507969504821844,-0.9301508157031227,-0.3148805718133142,-0.04584100759515035,-0.46459122636872885,-0.021797117776973966,,0.15938901007264497,0.19303407359072533,501,17,6,1,3,7,0,22.0,120.0,0.238,0.272
"Guzman, Denzer",694203,2026,300,200,0.219,0.225,0.006,0.337,0.328,-0.009,0.269,0.266,-0.003,5.0,35.0,86.8,35.0,3.4,,,,,56.0,38.0,5.7,25.3,80.0,43.0,16.0,0.272,33.5,82.2,75.7,45.5,22.0,25.5,22.5,16.0,-0.46,0.78,8.0,33.0,33.0,279.0,61.0,9.0,0.0,0.266,0.337,0.118,0.603,0.219,2.0,0.0,76.0,17.0,,,0.103,0.266,0.118,0.603,8.0,33.0,33.0,279.0,61.0,76.0,17.0,7.79,85.1,-0.523,"Guzman, Denzer",Hitter,2026,-0.2778384644338433,-0.04379323980536841,-0.8743136257775659,-0.15191602535229723,-0.7990217352091981,-0.03956641710070821,-0.31601152697000456,-0.12385749479416147,-0.08368892763884302,-0.289280366395368,,-0.21803075965082122,-0.2567363017970952,502,9,0,2,1,0,2,17.0,76.0,0.219,0.272
"Meadows, Parker",678009,2026,39,26,0.25,0.212,-0.038,0.333,0.277,-0.056,0.288,0.25,-0.038,3.8,19.2,85.3,30.8,2.6,,,,,74.0,,5.1,25.6,88.0,30.8,15.4,0.346,27.9,88.0,81.1,42.3,23.1,26.9,7.7,15.4,0.14,0.781,0.0,3.0,2.0,36.0,9.0,1.0,1.0,0.308,0.333,0.083,0.641,0.25,3.0,0.0,10.0,2.0,0.781,,0.065,0.308,0.083,0.641,0.0,3.0,2.0,36.0,9.0,10.0,2.0,0.0,91.1,0.159,"Meadows, Parker",Hitter,2026,-0.6607606666671474,-0.5757020914746053,0.9721984471696907,-0.47610916028348305,-0.27923216654922045,-0.8230927098711492,-0.31614967957081375,-0.38226659103955635,-0.4438370966742238,-0.5481754414426458,,-0.5449750509416424,-0.6177002810527152,503,1,1,3,1,0,0,2.0,10.0,0.25,0.346
"Keys, Sean",815873,2026,65,37,0.203,0.209,0.006,0.339,0.34,0.001,0.257,0.259,0.002,8.1,54.1,89.2,40.5,4.9,,,,,42.0,,4.6,32.3,83.1,40.5,16.2,0.27,36.5,85.4,74.1,40.5,18.9,29.7,24.3,16.2,0.04,0.78,2.0,8.0,9.0,59.0,12.0,2.0,0.0,0.25,0.339,0.136,0.589,0.2,0.0,1.0,20.0,3.0,,,0.131,0.25,0.136,0.589,2.0,8.0,9.0,59.0,12.0,21.0,3.0,2.01,81.3,0.045,"Keys, Sean",Hitter,2026,-0.2369998046716882,0.6939171727309716,-1.9710881771999047,-0.459753175820013,-0.36611781292346895,0.04329233130912997,-0.31737526773614927,-0.08274120589827612,0.022227916310041416,-0.2890102429185281,,0.022600224047823154,0.011756192654004429,504,2,0,0,1,1,0,3.0,21.0,0.203,0.27
"Crooks, Jimmy",699625,2026,149,87,0.179,0.198,0.019,0.336,0.397,0.061,0.264,0.294,0.03,11.5,48.3,91.7,37.9,6.7,,,,,36.0,,6.0,32.2,75.6,36.8,28.7,0.232,36.3,78.0,68.0,32.2,42.5,19.5,28.7,28.7,-0.42,0.78,5.0,10.0,14.0,134.0,24.0,6.0,0.0,0.255,0.336,0.157,0.591,0.179,0.0,1.0,48.0,9.0,,,0.199,0.255,0.157,0.591,5.0,10.0,14.0,134.0,24.0,48.0,9.0,5.91,83.5,-0.477,"Crooks, Jimmy",Hitter,2026,0.24132199543229024,0.7130265220125165,-3.0531627407883866,-0.34197538171239744,-0.763962614742396,0.6167472412551271,-0.32105645246326864,0.14633657725360366,0.2635807783478134,0.12386129183414248,,0.34218845068514736,0.3947817559333033,505,6,0,0,5,1,0,9.0,48.0,0.179,0.232
"Montes, Lazaro",703155,2026,59,25,0.212,0.192,-0.02,0.481,0.444,-0.037,0.329,0.313,-0.016,16.0,44.0,89.9,32.0,7.3,,,,,21.0,,11.9,40.7,63.4,32.0,16.0,0.292,26.3,70.7,59.3,36.0,44.0,16.0,28.0,16.0,0.12,0.78,4.0,7.0,11.0,52.0,11.0,1.0,0.0,0.305,0.481,0.269,0.786,0.204,0.0,0.0,24.0,6.0,,,0.252,0.305,0.269,0.786,4.0,7.0,11.0,52.0,11.0,24.0,7.0,3.69,104.1,0.136,"Montes, Lazaro",Hitter,2026,0.600895714850686,0.6022806085031119,-3.7783613566799414,0.3051231172133975,-0.29676172678262147,-0.44648142514742833,-0.3246300006996927,0.3239024076563336,-0.09994037552226984,0.42554370214974596,,0.6502353985573618,0.7311920798605308,506,2,0,0,0,0,0,7.0,24.0,0.212,0.292
"Hicklen, Brewer",676551,2026,43,19,0.257,0.203,-0.054,0.4,0.326,-0.074,0.359,0.313,-0.046,10.5,47.4,92.3,36.8,4.7,,,,,91.0,,18.6,37.2,69.1,63.2,10.5,0.474,28.3,74.5,59.3,42.1,21.1,31.6,47.4,10.5,0.08,0.78,0.0,8.0,3.0,35.0,9.0,5.0,0.0,0.395,0.4,0.143,0.795,0.257,0.0,0.0,16.0,8.0,,,0.123,0.395,0.143,0.795,0.0,8.0,3.0,35.0,9.0,16.0,8.0,0.0,113.6,0.091,"Hicklen, Brewer",Hitter,2026,-0.1279351918570415,0.6414454814596781,-2.001731196828435,0.1146520314070761,-0.33105869245666697,-1.0770159937358827,-0.32756404510478354,-0.13107729489362432,-0.33397887095426937,0.23212836728294325,,0.2072407842844738,0.21509382064691018,507,5,0,0,0,0,0,8.0,16.0,0.257,0.474
"Shewmake, Braden",669699,2026,91,73,0.259,0.246,-0.013,0.424,0.411,-0.013,0.296,0.294,-0.002,6.8,37.0,89.9,30.1,5.5,,,,,73.0,,2.2,17.6,81.4,34.2,19.2,0.279,52.6,82.4,78.7,46.6,27.4,20.5,21.9,19.2,0.29,0.78,3.0,12.0,10.0,85.0,22.0,5.0,0.0,0.27,0.424,0.165,0.694,0.259,1.0,2.0,16.0,2.0,,,0.165,0.27,0.165,0.694,3.0,12.0,10.0,85.0,22.0,16.0,2.0,2.91,93.7,0.33,"Shewmake, Braden",Hitter,2026,0.3525030452397394,0.030545909763785052,-2.497786103875025,-0.11609880050248955,-0.14890369698784778,-0.18365689690648698,-0.3311038517833688,0.07668482557464204,-0.1907349263395764,0.07251493018348955,,0.08459802256933159,0.11467311285876092,508,5,0,1,0,2,2,2.0,16.0,0.259,0.279
"Pagés, Pedro",686780,2026,208,138,0.213,0.214,0.001,0.309,0.324,0.015,0.256,0.265,0.009,4.3,37.2,86.5,29.7,2.9,,,,,10.0,,5.8,26.9,85.3,38.4,21.7,0.277,35.4,87.6,73.9,44.9,27.5,17.4,19.6,21.7,0.27,0.768,4.0,14.0,12.0,188.0,40.0,6.0,0.0,0.265,0.309,0.096,0.574,0.213,2.0,2.0,56.0,12.0,0.768,,0.11,0.265,0.096,0.574,4.0,14.0,12.0,188.0,40.0,56.0,12.0,4.19,81.0,0.311,"Pagés, Pedro",Hitter,2026,-0.31193303012857193,-0.17271049599425872,-0.9317764624340152,-0.5128316218698147,-0.16338463805022255,0.12422809119682969,-0.3331322240619085,-0.162373207219624,-0.03424980405986342,-0.3615980708642256,,-0.274402313155889,-0.30325321848876263,509,6,0,2,2,2,4,12.0,56.0,0.213,0.277
"Acuña, Luisangel",682668,2026,221,166,0.227,0.244,0.017,0.275,0.311,0.036,0.233,0.263,0.03,3.0,36.1,88.3,24.1,2.3,,,,,98.0,42.0,4.1,19.5,85.2,37.3,19.3,0.274,34.3,87.2,75.7,59.0,15.1,20.5,7.8,19.3,-0.54,0.78,2.0,22.0,13.0,207.0,47.0,4.0,0.0,0.26,0.275,0.048,0.535,0.224,17.0,2.0,43.0,9.0,,,0.067,0.26,0.048,0.535,2.0,22.0,13.0,207.0,47.0,43.0,9.0,2.26,73.7,-0.614,"Acuña, Luisangel",Hitter,2026,-0.38517825533273886,-0.34447333516241874,-0.1921295763593589,-0.6945345195640487,-0.8683778213500455,0.48851408143126246,-0.33617521924605787,-0.19735539311877817,0.09995735129496872,-0.41711964071620217,,-0.4646549862759514,-0.5151640323016154,510,4,0,17,1,2,2,9.0,43.0,0.227,0.274
"Peraza, Oswald",672724,2026,366,230,0.226,0.225,-0.001,0.335,0.332,-0.003,0.276,0.274,-0.002,6.1,36.1,87.6,32.2,3.8,8.0,4.0,9.0,15.0,82.0,32.0,4.6,29.8,82.5,34.8,18.3,0.311,38.4,85.8,72.8,51.3,20.4,23.5,17.8,18.3,1.28,0.772,7.0,33.0,25.0,337.0,76.0,12.0,2.0,0.282,0.335,0.109,0.617,0.226,12.0,1.0,109.0,17.0,0.772,,0.107,0.282,0.109,0.617,7.0,33.0,25.0,337.0,76.0,109.0,17.0,6.94,87.3,1.468,"Peraza, Oswald",Hitter,2026,-0.2234347828245386,-0.02645285829206842,-2.1455026674752538,-0.17858031945763864,0.7184284571691236,-0.053814700112134885,-0.3433003396987833,-0.13156425214896536,-0.1277680462333166,-0.2841777771613424,,-0.2074539787005127,-0.2409200311691809,511,12,2,12,10,1,1,17.0,109.0,0.226,0.311
"Arroyo, Edwin",695490,2026,160,113,0.223,0.268,0.045,0.264,0.348,0.084,0.24,0.291,0.051,2.7,27.4,88.0,41.6,1.9,,,,,87.0,82.0,3.8,23.8,84.1,42.5,19.5,0.297,39.7,86.4,75.9,42.5,19.5,31.0,20.4,19.5,-0.73,0.78,0.0,14.0,5.0,148.0,33.0,4.0,1.0,0.266,0.264,0.041,0.53,0.223,1.0,1.0,38.0,6.0,,,0.08,0.266,0.041,0.53,0.0,14.0,5.0,148.0,33.0,38.0,6.0,0.0,75.9,-0.83,"Arroyo, Edwin",Hitter,2026,-0.03960282672878804,-0.09153901093836567,-1.37049710161422,-0.7795940650533922,-1.0330032565854637,1.060302732435263,-0.347992236285032,0.029773884291815593,0.3425415573956782,-0.14212424319045477,,-0.23358920950931356,-0.27365904215468445,512,4,1,1,3,1,2,6.0,38.0,0.223,0.297
"Kim, Ha-Seong",673490,2026,143,89,0.118,0.151,0.033,0.142,0.2,0.058,0.164,0.209,0.045,2.2,23.6,85.5,21.3,1.4,,,,,55.0,,9.8,25.9,88.0,42.7,14.6,0.167,27.2,90.3,82.3,41.6,29.2,14.6,20.2,14.6,-1.04,20.0,0.0,10.0,9.0,127.0,15.0,1.0,0.0,0.211,0.142,0.024,0.353,0.113,2.0,0.0,36.0,13.0,,13.0,0.049,0.211,0.024,0.353,0.0,10.0,9.0,127.0,15.0,37.0,14.0,0.0,51.9,-0.052,"Kim, Ha-Seong",Hitter,2026,-1.3217637981723633,-0.790663158844382,1.9518964941997528,-1.2796081445649239,-0.4400468278208558,0.8127569872019959,-0.350459312928629,-0.6196060152231185,0.15944068687181964,-0.9530011201421227,,-0.9801236705371471,-1.0782233905485414,513,1,1,2,1,0,1,14.0,37.0,0.118,0.167
"Marchán, Rafael",665561,2026,95,76,0.099,0.176,0.077,0.165,0.241,0.076,0.139,0.202,0.063,2.6,18.4,82.9,31.6,2.1,,,,,22.0,,2.1,15.8,91.3,43.4,6.6,0.095,33.3,92.1,84.9,32.9,26.3,19.7,23.7,6.6,-0.69,0.86,2.0,5.0,6.0,91.0,9.0,0.0,0.0,0.137,0.165,0.066,0.302,0.099,0.0,0.0,15.0,2.0,,,0.065,0.137,0.066,0.302,2.0,5.0,6.0,91.0,9.0,15.0,2.0,2.92,44.0,-0.719,"Marchán, Rafael",Hitter,2026,-1.0799034203724054,-0.6876790359589835,1.4971807351722344,-1.3793263204926591,-0.9484040745894848,1.3374048483128735,-0.3509334227106229,-0.5314914819247263,0.30364526944457815,-0.88336297356815,,-0.9278206892886511,-1.0031056125284383,514,0,0,0,2,0,0,2.0,15.0,0.099,0.095
"Furman, Nate",801501,2026,39,24,0.125,0.16,0.035,0.125,0.191,0.066,0.191,0.227,0.036,0.0,16.7,80.9,16.7,0.0,,,,,89.0,,12.8,25.6,97.4,45.8,8.3,0.182,33.3,97.4,82.1,75.0,12.5,8.3,8.3,8.3,-0.18,0.78,0.0,2.0,3.0,32.0,4.0,0.0,0.0,0.243,0.125,0.0,0.368,0.125,0.0,0.0,10.0,5.0,,,0.031,0.243,0.0,0.368,0.0,2.0,3.0,32.0,4.0,10.0,5.0,0.0,60.4,-0.205,"Furman, Nate",Hitter,2026,-1.306863622252874,-1.2736836754913183,2.6357159629066294,-1.2918627729066678,-0.5566565111126103,0.7964126624749288,-0.3558990470252561,-0.8468993594792955,-0.007837171889318345,-0.8883663639456802,,-1.192249832614734,-1.2643178520751612,515,0,0,0,0,0,2,5.0,10.0,0.125,0.182
"Tovar, Ezequiel",678662,2026,503,339,0.219,0.224,0.005,0.353,0.364,0.011,0.266,0.277,0.011,6.8,32.7,87.2,35.4,4.6,22.0,11.0,3.0,22.0,69.0,41.0,5.8,25.6,80.2,36.0,21.5,0.268,43.8,84.3,74.0,37.8,31.6,22.1,22.1,21.5,-0.46,5.214,13.0,57.0,44.0,462.0,101.0,23.0,0.0,0.263,0.353,0.134,0.616,0.216,8.0,8.0,129.0,29.0,4.2,4.214,0.14,0.263,0.134,0.616,13.0,57.0,44.0,462.0,101.0,129.0,29.0,13.41,84.2,-0.087,"Tovar, Ezequiel",Hitter,2026,-0.013725399737869341,0.0029813741640124236,-2.250369584855896,0.08689931744592534,-0.46672224556733555,0.1488786801754052,-0.35913997175235357,-0.042936319705919684,-0.04675566424159398,-0.10876724107842431,,-0.09303412666404366,-0.09415051626308059,516,23,0,8,2,8,2,29.0,129.0,0.219,0.268
"Trammell, Taylor",666211,2026,285,163,0.194,0.189,-0.005,0.345,0.367,0.022,0.284,0.287,0.003,12.3,38.0,88.5,28.2,7.1,,,,,50.0,50.0,9.8,31.6,73.0,49.7,15.3,0.266,28.5,75.2,63.8,42.9,30.1,18.4,28.8,15.3,-0.57,0.9,8.0,29.0,22.0,252.0,49.0,10.0,2.0,0.285,0.345,0.151,0.63,0.196,4.0,0.0,88.0,28.0,,,0.178,0.285,0.151,0.63,8.0,29.0,22.0,252.0,49.0,90.0,28.0,8.51,89.9,-0.57,"Trammell, Taylor",Hitter,2026,0.024292206474915368,0.18725166080180783,-2.1322381224342464,-0.08218569347110675,-0.8348430104687566,0.06951479679050505,-0.36517300997453767,0.0030134324838470006,0.012700510744891168,0.06307757449069479,,0.1286066953789655,0.15771464771338262,517,10,2,4,4,0,1,28.0,90.0,0.194,0.266
"Lowe, Josh",666139,2026,339,208,0.208,0.21,0.002,0.362,0.375,0.013,0.28,0.286,0.006,9.1,37.5,88.8,32.7,5.6,7.0,24.0,17.0,10.0,68.0,76.0,7.4,30.4,72.4,34.1,26.0,0.268,36.0,75.9,70.6,34.6,34.1,23.1,20.7,26.0,0.06,2.6,12.0,32.0,29.0,307.0,64.0,11.0,0.0,0.273,0.362,0.154,0.635,0.208,10.0,2.0,103.0,25.0,0.775,,0.165,0.273,0.154,0.635,12.0,32.0,29.0,307.0,64.0,103.0,25.0,12.43,88.6,0.022,"Lowe, Josh",Hitter,2026,0.08091367699642968,0.17188777044219983,-2.626276145208326,-0.028946716370856856,-0.3836473731568699,0.09979919007525066,-0.37206227420749194,-0.029825265585683495,-0.05452178816706787,-0.011153037911588871,,0.047724467814974796,0.07392780375820925,518,11,0,10,3,2,2,25.0,103.0,0.208,0.268
"Giménez, Andrés",665926,2026,505,376,0.245,0.236,-0.009,0.361,0.332,-0.029,0.286,0.274,-0.012,3.5,24.7,85.4,30.3,2.6,65.0,1.0,2.0,48.0,57.0,99.0,3.4,18.6,84.7,39.6,17.8,0.285,43.9,86.4,77.7,45.2,23.4,22.1,20.7,17.8,1.01,15.571,9.0,38.0,59.0,466.0,114.0,25.0,1.0,0.29,0.361,0.116,0.651,0.244,20.0,5.0,94.0,17.0,10.571,10.571,0.096,0.29,0.116,0.651,9.0,38.0,59.0,466.0,114.0,94.0,17.0,8.28,90.5,0.064,"Giménez, Andrés",Hitter,2026,-0.21792205628327377,-0.4827628000203684,-1.1755759264384844,0.13738330879428182,-0.3516368718610942,-0.3030481530701941,-0.37223046921465136,-0.16782269360800417,-0.28005849039197234,-0.26959963253239316,,-0.3494512448591692,-0.3930280583956246,519,25,1,20,15,5,2,17.0,94.0,0.245,0.285
"Barrosa, Jorge",678489,2026,173,107,0.194,0.166,-0.028,0.333,0.253,-0.08,0.278,0.238,-0.04,4.7,24.3,87.1,30.8,2.9,,,,,79.0,,9.8,26.6,81.0,43.9,13.1,0.268,29.4,84.4,75.7,44.9,29.9,17.8,25.2,13.1,0.45,0.78,2.0,30.0,12.0,144.0,28.0,12.0,1.0,0.287,0.333,0.139,0.62,0.196,3.0,1.0,46.0,16.0,,,0.087,0.287,0.139,0.62,2.0,30.0,12.0,144.0,28.0,46.0,17.0,1.52,88.0,0.511,"Barrosa, Jorge",Hitter,2026,-0.8774379294888751,-0.38165047164934884,0.26777397414803966,-0.1952168238841001,-0.010953679498909444,-0.8774684851984844,-0.373648220632237,-0.5043457975752054,-0.47232754750476713,-0.5738898142202256,,-0.5352662725787182,-0.597485358826239,520,12,1,3,2,1,9,17.0,46.0,0.194,0.268
"Romo, Drew",691011,2026,203,133,0.141,0.188,0.047,0.288,0.293,0.005,0.241,0.262,0.021,6.0,26.3,84.3,25.6,3.9,,,,,24.0,,9.9,23.2,82.4,38.3,12.0,0.145,34.5,84.5,71.3,40.6,30.1,17.3,19.5,12.0,-0.41,0.78,7.0,17.0,16.0,177.0,25.0,5.0,0.0,0.239,0.288,0.147,0.527,0.141,1.0,1.0,47.0,20.0,,,0.105,0.239,0.147,0.527,7.0,17.0,16.0,177.0,25.0,47.0,20.0,7.12,76.3,-0.466,"Romo, Drew",Hitter,2026,-0.5289503999600265,-0.5004477429173861,-0.32060132364838745,-0.46049796801731535,-0.755578912022074,0.49037984798189305,-0.3760119487273573,-0.21101495892816163,0.081063940305933,-0.31438003159376166,,-0.4094608226325141,-0.4628276611840873,521,5,0,1,3,1,2,20.0,47.0,0.141,0.145
"Murphy, Sean",669221,2026,117,70,0.17,0.2,0.03,0.292,0.33,0.038,0.245,0.271,0.026,8.6,40.0,87.3,25.7,5.1,,,,,12.0,,9.4,30.8,80.7,48.6,17.1,0.224,34.6,81.4,68.6,55.7,24.3,15.7,14.3,17.1,-0.09,15.0,3.0,11.0,10.0,106.0,18.0,4.0,0.0,0.248,0.292,0.122,0.54,0.17,0.0,0.0,36.0,11.0,15.0,15.0,0.13,0.248,0.122,0.54,3.0,11.0,10.0,106.0,18.0,36.0,11.0,3.39,77.5,-0.006,"Murphy, Sean",Hitter,2026,-0.25947671295006247,-0.02042708288435871,-1.6012742353166405,-0.5589075985296804,-0.40498770735405376,0.5590825770749591,-0.3775723829192449,-0.15972480568585967,0.12278090964207791,-0.20661665636885906,,-0.19826900879815718,-0.20256232592301582,522,4,0,0,0,0,0,11.0,36.0,0.17,0.224
"Castellanos, Nick",592206,2026,122,83,0.191,0.244,0.053,0.339,0.4,0.061,0.239,0.285,0.046,8.4,37.3,87.7,42.2,5.7,,,,,45.0,,4.1,27.9,76.5,55.4,18.1,0.228,40.2,78.3,68.0,32.5,37.3,28.9,31.3,18.1,-0.96,20.0,4.0,9.0,20.0,115.0,22.0,5.0,0.0,0.221,0.339,0.148,0.56,0.191,2.0,2.0,34.0,5.0,20.0,,0.156,0.221,0.148,0.56,4.0,9.0,20.0,115.0,22.0,34.0,5.0,4.72,75.6,-0.048,"Castellanos, Nick",Hitter,2026,0.24984545717269124,0.3559964312621767,-3.330044342691304,-0.460857780815652,-0.4369982086498295,0.9741629510150376,-0.38125819374391434,0.07232262467946833,0.27979149066031367,0.03253888249318247,,0.05769687383933875,0.09199429507474319,523,5,0,2,0,2,0,5.0,34.0,0.191,0.228
"Morabito, Nick",703492,2026,46,25,0.195,0.255,0.06,0.244,0.308,0.064,0.248,0.296,0.048,0.0,48.0,90.5,36.0,0.0,,,,,97.0,,6.5,34.8,82.9,36.0,4.0,0.32,33.7,82.9,70.8,48.0,12.0,28.0,20.0,4.0,-0.02,0.78,0.0,4.0,4.0,41.0,8.0,2.0,0.0,0.283,0.244,0.049,0.527,0.195,1.0,0.0,16.0,3.0,,,0.053,0.283,0.049,0.527,0.0,4.0,4.0,41.0,8.0,16.0,3.0,0.0,78.5,-0.023,"Morabito, Nick",Hitter,2026,-0.27660373917305303,0.1545150071481804,-1.935912935514223,-0.7952867587334058,-0.4179443388309154,1.0518312708326993,-0.38453919430059313,-0.04238430964533043,0.37269387209404015,-0.3470923054147844,,-0.2515732703787228,-0.32075122420374735,524,2,0,1,2,0,0,3.0,16.0,0.195,0.32
"Short, Zack",670097,2026,62,34,0.14,0.159,0.019,0.18,0.269,0.089,0.218,0.256,0.038,5.9,20.6,88.7,29.4,3.2,,,,,46.0,,12.9,30.6,79.5,38.2,14.7,0.212,27.1,83.1,71.3,20.6,47.1,14.7,29.4,14.7,-0.34,0.78,0.0,4.0,2.0,50.0,7.0,2.0,0.0,0.262,0.18,0.04,0.442,0.14,0.0,2.0,19.0,8.0,,,0.11,0.262,0.04,0.442,0.0,4.0,2.0,50.0,7.0,19.0,8.0,0.0,69.0,-0.386,"Short, Zack",Hitter,2026,-0.7149749866714159,-0.40210437370289664,0.06417110356911393,-1.023063935268188,-0.6946065286015486,0.8041403897521971,-0.3920451600482296,-0.30099000636390194,0.2396423442987899,-0.4002497546353726,,-0.45254026976866313,-0.49461323791039746,525,2,0,0,1,2,1,8.0,19.0,0.14,0.212
"Hernaiz, Darell",687231,2026,157,109,0.234,0.216,-0.018,0.277,0.267,-0.01,0.275,0.262,-0.013,0.9,27.5,85.2,30.3,0.6,,,,,59.0,,10.2,19.7,82.7,26.6,27.5,0.292,36.2,85.3,77.3,45.9,22.0,23.9,9.2,27.5,-0.54,0.78,1.0,13.0,9.0,137.0,32.0,3.0,0.0,0.316,0.277,0.043,0.593,0.234,3.0,1.0,31.0,16.0,,,0.051,0.316,0.043,0.593,1.0,13.0,9.0,137.0,32.0,31.0,16.0,0.96,87.0,-0.614,"Hernaiz, Darell",Hitter,2026,-0.6767225344876632,-0.5356655774174359,0.5415441772347115,-0.5599186354897839,-0.8683778213500455,-0.28680606662477076,-0.39458830664114547,-0.4010547274768987,-0.24208551117738167,-0.42673165101911253,,-0.5843499986234609,-0.655366642923853,526,3,0,3,1,1,2,16.0,31.0,0.234,0.292
"Arcia, Orlando",606115,2026,50,40,0.271,0.223,-0.048,0.354,0.298,-0.056,0.29,0.245,-0.045,2.5,25.0,86.0,30.0,2.0,,,,,10.0,,4.0,16.0,83.6,35.0,17.5,0.308,34.8,85.5,79.1,55.0,20.0,20.0,17.5,17.5,0.0,0.76,1.0,6.0,2.0,48.0,13.0,1.0,0.0,0.3,0.354,0.083,0.654,0.271,0.0,0.0,8.0,2.0,0.76,2.0,0.075,0.3,0.083,0.654,1.0,6.0,2.0,48.0,13.0,8.0,2.0,0.84,91.8,0.0,"Arcia, Orlando",Hitter,2026,-0.5430038395948223,-0.508311018827529,0.28627960415174447,-0.4388722265259522,-0.4004147785975144,-0.9452722572021878,-0.3948707606003128,-0.3951212195999316,-0.530012752213975,-0.49814226290222474,,-0.5195489910891575,-0.5717851390176287,527,1,0,0,0,0,0,2.0,8.0,0.271,0.308
"Harris, Brett",695391,2026,50,24,0.14,0.172,0.032,0.186,0.251,0.065,0.23,0.254,0.024,4.2,37.5,88.6,37.5,2.2,,,,,27.0,,6.0,32.0,80.4,16.7,16.7,0.222,22.5,80.4,72.4,54.2,20.8,20.8,4.2,16.7,-0.15,0.78,0.0,3.0,2.0,43.0,6.0,2.0,0.0,0.245,0.186,0.046,0.431,0.154,0.0,0.0,16.0,3.0,,,0.079,0.245,0.046,0.431,0.0,3.0,2.0,43.0,6.0,16.0,3.0,0.0,72.8,-0.17,"Harris, Brett",Hitter,2026,-0.8278561358127725,0.0915064186052506,-0.5060864890393182,-0.9762511199201339,-0.5299810933661305,0.6815818130555522,-0.3958533196071186,-0.3577412207812734,0.20206704851990365,-0.577591501836564,,-0.41811240244885534,-0.4805528303361831,528,2,0,0,3,0,1,3.0,16.0,0.14,0.222
"Gonzalez, Romy",663853,2026,73,45,0.185,0.231,0.046,0.308,0.335,0.027,0.259,0.289,0.03,4.4,37.8,87.6,31.1,2.7,,,,,35.0,,6.8,28.8,76.0,20.0,22.2,0.256,32.9,82.0,70.9,55.6,20.0,17.8,8.9,22.2,-0.39,1.6,1.0,7.0,7.0,65.0,12.0,3.0,1.0,0.264,0.308,0.123,0.572,0.185,1.0,0.0,21.0,5.0,0.774,,0.104,0.264,0.123,0.572,1.0,7.0,7.0,65.0,12.0,21.0,5.0,1.09,82.0,-0.229,"Gonzalez, Romy",Hitter,2026,-0.14642556813884106,-0.08880261117855276,-1.8436974748576556,-0.5123437961550487,-0.5749482261387678,0.6507853478894965,-0.40018939274725357,-0.13219520232552126,0.12197792719732477,-0.19002789744398332,,-0.23124049979422714,-0.24695631128391962,529,3,1,1,2,0,1,5.0,21.0,0.185,0.256
"McCutchen, Andrew",457705,2026,83,52,0.192,0.164,-0.028,0.26,0.265,0.005,0.249,0.237,-0.012,5.8,28.8,87.1,28.8,3.6,,,,,56.0,,10.8,26.5,75.0,32.7,23.1,0.255,20.5,77.4,69.4,36.5,36.5,13.5,15.4,23.1,-0.39,5.0,1.0,8.0,5.0,73.0,14.0,2.0,0.0,0.277,0.26,0.068,0.537,0.192,0.0,1.0,22.0,9.0,5.0,5.0,0.101,0.277,0.068,0.537,1.0,8.0,5.0,73.0,14.0,22.0,9.0,1.02,78.8,-0.076,"McCutchen, Andrew",Hitter,2026,-0.8074500644912723,-0.2944732453174442,0.25050575364148775,-0.7114965750644134,-0.4583385428470133,-0.28097987908684524,-0.4038376305931316,-0.410702182211139,-0.1711846607066813,-0.5217786844042744,,-0.4644265039243076,-0.5098826739781787,530,2,0,0,0,1,0,9.0,22.0,0.192,0.255
"Pereira, Everson",677592,2026,111,63,0.235,0.205,-0.03,0.439,0.4,-0.039,0.327,0.299,-0.028,12.7,41.3,88.5,39.7,7.2,,,,,52.0,,5.4,33.3,78.4,36.5,22.2,0.316,37.4,79.9,65.0,50.8,23.8,17.5,20.6,22.2,0.02,0.78,5.0,10.0,12.0,98.0,23.0,5.0,0.0,0.309,0.439,0.204,0.748,0.235,1.0,1.0,37.0,6.0,,,0.195,0.309,0.204,0.748,5.0,10.0,12.0,98.0,23.0,37.0,6.0,4.56,103.5,0.023,"Pereira, Everson",Hitter,2026,0.2819440207107976,0.5725576323923472,-3.449683015196634,0.14355431386589976,-0.3828852183641134,-0.6149736201940863,-0.4107076573992613,0.07456478961178131,-0.2509674000902497,0.17716139342430617,,0.3598366618846095,0.40885233924604064,531,5,0,1,5,1,1,6.0,37.0,0.235,0.316
"Clase, Jonatan",682729,2026,25,14,0.273,0.171,-0.102,0.545,0.267,-0.278,0.39,0.247,-0.143,0.0,35.7,86.8,21.4,0.0,,,,,72.0,,12.0,32.0,84.8,71.4,7.1,0.333,26.7,87.9,75.5,57.1,35.7,7.1,35.7,7.1,0.33,0.78,2.0,4.0,6.0,22.0,6.0,0.0,0.0,0.36,0.545,0.272,0.905,0.273,0.0,0.0,8.0,3.0,,,0.096,0.36,0.272,0.905,2.0,4.0,6.0,22.0,6.0,8.0,3.0,0.98,123.4,0.375,"Clase, Jonatan",Hitter,2026,-0.7546071171592501,-0.587556485696152,0.7664782527602353,0.6165443926284221,-0.11460673131380235,-3.0667966224608327,-0.41685001499820784,-0.8342530920479225,-1.4742270212564483,-0.6722731293390601,,-0.5433819784096188,-0.5503557941001511,532,0,0,0,0,0,0,3.0,8.0,0.273,0.333
"Siri, Jose",642350,2026,249,147,0.238,0.222,-0.016,0.401,0.416,0.015,0.3,0.299,-0.001,12.9,42.5,89.2,33.3,7.8,,,,,99.0,29.0,6.0,32.1,74.7,43.5,19.7,0.324,40.8,77.4,64.6,42.2,31.3,21.1,22.4,19.7,0.51,2.4,9.0,35.0,31.0,227.0,54.0,10.0,0.0,0.293,0.401,0.163,0.694,0.234,9.0,1.0,79.0,15.0,,2.4,0.194,0.293,0.163,0.694,9.0,35.0,31.0,227.0,54.0,80.0,15.0,9.34,94.9,0.204,"Siri, Jose",Hitter,2026,0.3900357070695033,0.4586537884331249,-4.01597913493424,0.15267035037277565,-0.24493520087517506,-0.0693502126999516,-0.4216851745877315,0.17998210531681913,-0.04901174374262299,0.20191895864273035,,0.32927997925872954,0.3726560383843046,533,10,0,9,3,1,3,15.0,80.0,0.238,0.324
"Matthews, Brice",694728,2026,233,143,0.201,0.193,-0.008,0.332,0.338,0.006,0.26,0.261,0.001,8.4,36.4,86.7,28.7,5.2,,,,,83.0,90.0,6.9,31.8,74.7,34.3,13.3,0.269,25.5,77.2,66.2,50.3,23.8,18.2,13.3,13.3,0.19,0.78,7.0,23.0,22.0,214.0,43.0,5.0,1.0,0.255,0.332,0.131,0.587,0.201,4.0,1.0,74.0,16.0,,,0.145,0.255,0.131,0.587,7.0,23.0,22.0,214.0,43.0,74.0,16.0,7.13,82.3,0.216,"Matthews, Brice",Hitter,2026,-0.2500871489897973,-0.04270926809523622,-1.8791582161707239,-0.2963066867520546,-0.23578934336209628,-0.039487746346403584,-0.4249110852757634,-0.1589038119275567,-0.0935065904193351,-0.29136860728773195,,-0.15638608377213598,-0.15709045684641135,534,5,1,4,0,1,2,16.0,74.0,0.201,0.269
"Frazier, Adam",624428,2026,147,94,0.24,0.223,-0.017,0.349,0.294,-0.055,0.293,0.265,-0.028,2.1,19.1,85.6,34.0,1.4,,,,,20.0,,7.5,26.5,84.4,43.6,17.0,0.337,36.5,87.4,75.9,51.1,21.3,26.6,25.5,17.0,0.52,1.525,1.0,19.0,13.0,129.0,31.0,9.0,1.0,0.315,0.349,0.109,0.664,0.24,3.0,0.0,39.0,11.0,1.525,1.525,0.071,0.315,0.109,0.664,1.0,19.0,13.0,129.0,31.0,39.0,11.0,0.84,92.7,0.32,"Frazier, Adam",Hitter,2026,-0.49412015138076315,-0.5553620448828932,-0.6022866963271166,-0.2204163802041121,-0.15652524491541345,-0.5968929530787311,-0.43334972810086825,-0.30704083542844895,-0.39312993353641473,-0.41914468394028304,,-0.48312228527951057,-0.551178190645076,535,9,1,3,3,0,4,11.0,39.0,0.24,0.337
"Jiménez, Eloy",650391,2026,35,25,0.29,0.214,-0.076,0.29,0.289,-0.001,0.289,0.256,-0.033,4.0,44.0,89.2,32.0,2.9,,,,,17.0,,8.6,20.0,86.1,52.0,12.0,0.36,39.2,86.1,70.1,48.0,20.0,24.0,28.0,12.0,-0.1,0.78,0.0,2.0,3.0,31.0,9.0,0.0,0.0,0.343,0.29,0.0,0.633,0.29,0.0,1.0,7.0,3.0,,,0.075,0.343,0.0,0.633,0.0,2.0,3.0,31.0,9.0,7.0,3.0,0.0,91.5,-0.114,"Jiménez, Eloy",Hitter,2026,-0.5629463313805166,0.09316483391590268,-0.5624375824218162,-0.6620873199494667,-0.48730042497176285,-0.8011674529904921,-0.43462913921386653,-0.3666340260890473,-0.33918568364939766,-0.36432327693496774,,-0.3320511104232635,-0.3679699214567912,536,0,0,0,0,1,0,3.0,7.0,0.29,0.36
"Dean, Justin",681909,2026,10,4,0.375,0.266,-0.109,0.625,0.324,-0.301,0.477,0.346,-0.131,0.0,50.0,85.7,50.0,0.0,,,,,,,20.0,40.0,69.2,75.0,25.0,0.75,38.1,69.2,66.7,50.0,0.0,50.0,50.0,25.0,0.16,0.78,0.0,3.0,3.0,8.0,3.0,0.0,1.0,0.5,0.625,0.25,1.125,0.375,1.0,0.0,4.0,2.0,,,0.058,0.5,0.25,1.125,0.0,3.0,3.0,8.0,3.0,4.0,2.0,0.0,150.9,0.182,"Dean, Justin",Hitter,2026,0.012922737263307116,0.4272117750469333,-2.3761079276424044,1.089440198310223,-0.2617026063158195,-3.131737050896261,-0.4436710857958219,-0.23165350340151558,-1.2147838377399112,0.23143251634153855,,0.14146791773100867,0.10982839164132001,537,0,1,1,0,0,0,2.0,4.0,0.375,0.75
"Encarnacion, Jerar",666464,2026,35,26,0.176,0.19,0.014,0.206,0.266,0.06,0.183,0.21,0.027,7.7,34.6,87.5,38.5,5.7,,,,,30.0,,2.9,22.9,93.6,38.5,26.9,0.231,43.4,95.7,81.9,50.0,23.1,23.1,3.8,26.9,-0.38,0.78,0.0,1.0,0.0,34.0,6.0,1.0,0.0,0.2,0.206,0.03,0.406,0.176,0.0,0.0,8.0,1.0,,,0.076,0.2,0.03,0.406,0.0,1.0,0.0,34.0,6.0,8.0,1.0,0.0,57.9,-0.432,"Encarnacion, Jerar",Hitter,2026,-0.8877952676331416,0.16875301750057595,-0.33858090873990876,-1.2483294646680667,-0.7296656490683506,0.5548068172570372,-0.44372065260049787,-0.4293890255209655,0.10884599976215475,-0.6814747351559506,,-0.5731561514960382,-0.6323874932419231,538,1,0,0,0,0,0,1.0,8.0,0.176,0.231
"Salas, Ethan",806956,2026,40,26,0.256,0.164,-0.092,0.462,0.3,-0.162,0.301,0.211,-0.09,3.8,26.9,88.7,26.9,2.8,,,,,38.0,,2.5,22.5,89.1,19.2,38.5,0.286,32.8,91.3,80.9,34.6,46.2,11.5,11.5,38.5,0.13,0.78,2.0,6.0,5.0,39.0,10.0,0.0,1.0,0.275,0.462,0.206,0.737,0.229,0.0,0.0,9.0,1.0,,,0.136,0.275,0.206,0.737,2.0,6.0,5.0,39.0,10.0,9.0,1.0,1.3,95.3,0.148,"Salas, Ethan",Hitter,2026,-0.6855459755185325,-0.4207335402677347,0.34077987625409845,-0.03180260467840205,-0.2876158692695427,-2.072678287676624,-0.4452160268914423,-0.7183060986959164,-1.073900622851876,-0.7676984877587354,,-0.5385344769601592,-0.5209434630909422,539,0,1,0,0,0,0,1.0,9.0,0.256,0.286
"Mancini, Trey",641820,2026,14,11,0.308,0.241,-0.067,0.462,0.322,-0.14,0.305,0.282,-0.023,18.2,45.5,90.5,9.1,14.3,,,,,29.0,,0.0,21.4,82.6,36.4,18.2,0.364,40.9,82.6,81.2,63.6,18.2,18.2,36.4,18.2,0.02,0.78,0.0,1.0,4.0,13.0,4.0,0.0,1.0,0.286,0.462,0.154,0.748,0.308,0.0,1.0,3.0,0.0,,,0.081,0.286,0.154,0.748,0.0,1.0,4.0,13.0,4.0,3.0,0.0,0.0,96.5,0.023,"Mancini, Trey",Hitter,2026,-0.24813810569168776,0.14340847482505636,-1.4963446421125388,-0.15637303457016125,-0.3828852183641134,-1.2986840292734876,-0.4494174077240758,-0.27079477276739494,-0.5515709482260635,-0.07761104213430078,,-0.24412492315948148,-0.26612277536048823,540,0,1,0,0,1,0,0.0,3.0,0.308,0.364
"Bader, Harrison",664056,2026,111,73,0.17,0.215,0.045,0.358,0.367,0.009,0.239,0.272,0.033,8.2,41.1,89.2,32.9,5.4,,,,,50.0,,3.6,30.6,78.7,46.6,20.5,0.191,38.7,81.6,70.2,47.9,21.9,21.9,23.3,20.5,0.16,10.25,5.0,10.0,14.0,106.0,18.0,5.0,0.0,0.198,0.358,0.188,0.556,0.17,0.0,1.0,34.0,4.0,5.25,4.75,0.152,0.198,0.188,0.556,5.0,10.0,14.0,106.0,18.0,34.0,4.0,5.13,75.6,0.015,"Bader, Harrison",Hitter,2026,-0.018010232157598005,0.2271096995352366,-3.0609252397247544,-0.4054608152145395,-0.3889824567061659,0.5838489972755273,-0.4595518723163102,0.021015338915654762,0.1474379813632084,-0.1969858651624528,,-0.02753787035006046,-0.028206532541467346,541,5,0,0,0,1,0,4.0,34.0,0.17,0.191
"Pozo, Yohel",650968,2026,62,52,0.25,0.253,0.003,0.317,0.313,-0.004,0.251,0.252,0.001,1.9,25.0,86.6,34.6,1.6,,,,,2.0,,1.6,14.5,90.1,32.7,28.8,0.275,51.3,91.5,81.8,44.2,15.4,30.8,15.4,28.8,0.12,0.78,1.0,4.0,7.0,60.0,15.0,1.0,0.0,0.258,0.317,0.067,0.575,0.25,1.0,1.0,9.0,1.0,,,0.06,0.258,0.067,0.575,1.0,4.0,7.0,60.0,15.0,9.0,1.0,0.99,79.4,0.136,"Pozo, Yohel",Hitter,2026,-0.4087985214516458,-0.3961215289287406,-1.0039500472714658,-0.6841017815985211,-0.29676172678262147,-0.008024098864814243,-0.4651102930439012,-0.3587865253278637,-0.24189087731544867,-0.44434846471147404,,-0.587713591413615,-0.6353795072046553,542,1,0,1,0,1,0,1.0,9.0,0.25,0.275
"Hays, Austin",669720,2026,100,71,0.271,0.284,0.013,0.396,0.392,-0.004,0.294,0.298,0.004,4.2,42.3,87.1,35.2,3.0,,,,,42.0,,3.0,26.0,76.2,52.1,15.5,0.338,37.9,77.7,66.7,50.7,15.5,31.0,26.8,15.5,-0.39,5.0,3.0,14.0,13.0,96.0,26.0,3.0,0.0,0.29,0.396,0.125,0.686,0.271,0.0,1.0,26.0,3.0,4.1,4.0,0.108,0.29,0.125,0.686,3.0,14.0,13.0,96.0,26.0,26.0,3.0,2.97,93.0,-0.076,"Hays, Austin",Hitter,2026,0.2680605767458668,0.09035577087731737,-3.2319228838200025,-0.1908642401479559,-0.4583385428470133,0.0844145504325725,-0.46572416947470757,0.06437811873947119,-0.0710940260975404,-0.04601349738693153,,-0.026553630997173477,-0.032681150404886776,543,3,0,0,0,1,0,3.0,26.0,0.271,0.338
"Ruiz, Esteury",665923,2026,251,132,0.214,0.178,-0.036,0.367,0.294,-0.073,0.318,0.276,-0.042,7.6,24.2,82.8,38.6,4.0,,,,,98.0,,10.0,32.3,76.0,51.5,12.9,0.315,31.7,79.9,71.4,30.3,26.5,27.3,30.3,12.9,0.19,0.78,6.0,37.0,16.0,210.0,45.0,12.0,1.0,0.331,0.367,0.153,0.698,0.217,33.0,1.0,78.0,25.0,,,0.116,0.331,0.153,0.698,6.0,37.0,16.0,210.0,45.0,81.0,25.0,4.81,100.6,0.216,"Ruiz, Esteury",Hitter,2026,-0.4760950335020838,-0.18233557788105814,-1.4455979675176893,0.13020304696887716,-0.23578934336209628,-0.9164674767255869,-0.46802579404282274,-0.4007942908342769,-0.5133188916313445,-0.2093271342110585,,-0.2837220043100137,-0.3006810050087362,544,12,1,33,12,1,2,25.0,81.0,0.214,0.315
"Trevino, Jose",624431,2026,156,126,0.217,0.213,-0.004,0.336,0.295,-0.041,0.24,0.222,-0.018,2.4,29.4,85.8,29.4,1.9,,,,,1.0,,0.6,18.6,88.3,32.5,15.1,0.235,37.6,88.3,78.5,56.3,20.6,17.5,17.5,15.1,-0.27,5.25,5.0,12.0,19.0,152.0,33.0,3.0,0.0,0.221,0.336,0.119,0.557,0.217,0.0,1.0,29.0,1.0,3.425,3.425,0.082,0.221,0.119,0.557,5.0,12.0,19.0,152.0,33.0,29.0,1.0,4.39,75.9,-0.05,"Trevino, Jose",Hitter,2026,-0.6515283592060969,-0.44128770449813326,-0.49534277586858116,-0.5122474497389106,-0.43852251823534266,-0.3674121632759264,-0.48287163269340155,-0.4408557321170433,-0.3630101749962252,-0.7283257703218431,,-0.6232716528119373,-0.6750765965131368,545,3,0,0,0,1,2,1.0,29.0,0.217,0.235
"Sosa, Lenyn",672820,2026,117,90,0.195,0.222,0.027,0.283,0.345,0.062,0.214,0.249,0.035,5.6,36.7,88.7,34.4,4.3,,,,,31.0,,0.9,21.4,89.7,38.9,22.2,0.239,50.0,90.5,80.9,40.0,25.6,23.3,21.1,22.2,-0.93,0.77,1.0,11.0,9.0,113.0,22.0,7.0,0.0,0.207,0.283,0.088,0.49,0.195,0.0,1.0,25.0,1.0,0.77,,0.123,0.207,0.088,0.49,1.0,11.0,9.0,113.0,22.0,25.0,1.0,1.22,67.7,-1.069,"Sosa, Lenyn",Hitter,2026,-0.2362568549331731,0.0538289624819568,-1.7735761328180786,-0.8096825734805245,-1.2151582520542827,0.7145980070016876,-0.48584325168695186,-0.12775744533798064,0.1392656188783012,-0.3884787115935302,,-0.2763985706892572,-0.29392746718621604,546,7,0,0,1,1,1,1.0,25.0,0.195,0.239
"Wilson, Weston",642215,2026,179,103,0.206,0.19,-0.016,0.313,0.278,-0.035,0.275,0.255,-0.02,3.9,33.0,85.1,35.0,2.2,,,,,59.0,,10.1,31.8,77.4,45.6,17.5,0.293,26.0,82.3,69.7,44.7,27.2,21.4,23.3,17.5,-0.58,0.78,4.0,23.0,13.0,160.0,33.0,5.0,0.0,0.291,0.313,0.107,0.604,0.206,6.0,0.0,57.0,18.0,,,0.088,0.291,0.107,0.604,4.0,23.0,13.0,160.0,33.0,57.0,18.0,3.55,87.0,-0.659,"Wilson, Weston",Hitter,2026,-0.6471186954377048,-0.17815673716566685,-0.7669804923142335,-0.3271190475436818,-0.9026747870240909,-0.4390326076986657,-0.4956966917435225,-0.31389609497151555,-0.23941710200433028,-0.46746195590752576,,-0.37561961786704345,-0.43592976343337275,547,5,0,6,1,0,0,18.0,57.0,0.206,0.293
"Sánchez, Ali",645305,2026,92,63,0.244,0.239,-0.005,0.302,0.306,0.004,0.258,0.256,-0.002,3.2,28.6,83.7,33.3,2.2,,,,,8.0,,1.1,27.2,84.5,38.1,19.0,0.328,34.6,85.4,78.8,42.9,17.5,23.8,17.5,19.0,0.16,0.78,1.0,7.0,8.0,86.0,21.0,2.0,0.0,0.275,0.302,0.058,0.577,0.244,0.0,1.0,25.0,1.0,,,0.067,0.275,0.058,0.577,1.0,7.0,8.0,86.0,21.0,25.0,1.0,1.01,81.6,0.182,"Sánchez, Ali",Hitter,2026,-0.44462213822620766,-0.38248827340415925,-1.2165042427576052,-0.6506053107864261,-0.2617026063158195,-0.04989005231355249,-0.4988788881319257,-0.2577815587676684,-0.18981560072681036,-0.5409812522924663,,-0.5011487622447911,-0.568771708515697,548,2,0,0,3,1,1,1.0,25.0,0.244,0.328
"Wynns, Austin",642851,2026,89,60,0.146,0.2,0.054,0.183,0.29,0.107,0.176,0.24,0.064,3.3,26.7,84.9,31.7,2.2,,,,,7.0,,5.6,27.0,87.1,36.7,18.3,0.193,40.5,87.1,77.2,40.0,25.0,25.0,21.7,18.3,-0.17,1.1,1.0,4.0,1.0,82.0,12.0,0.0,0.0,0.195,0.183,0.037,0.378,0.146,0.0,0.0,24.0,5.0,,,0.09,0.195,0.037,0.378,1.0,4.0,1.0,82.0,12.0,24.0,5.0,1.58,55.7,-0.142,"Wynns, Austin",Hitter,2026,-0.6227606318522225,-0.42643917538763054,-1.0487327292630109,-1.2622759553440432,-0.5086407591689467,1.3251503687354445,-0.5059783347749901,-0.2653380060957429,0.3449000449680856,-0.5942981705794269,,-0.6003110397502136,-0.6570103188679562,549,0,0,0,0,0,2,5.0,24.0,0.146,0.193
"Spence, Lucas",828599,2026,58,29,0.208,0.193,-0.015,0.472,0.382,-0.09,0.29,0.286,-0.004,13.8,48.3,91.4,37.9,7.5,,,,,69.0,,6.9,37.9,67.6,51.7,17.2,0.259,29.5,69.1,60.6,48.3,24.1,24.1,24.1,17.2,0.04,0.78,4.0,8.0,10.0,53.0,11.0,1.0,0.0,0.276,0.472,0.264,0.748,0.188,0.0,0.0,19.0,4.0,,,0.189,0.276,0.264,0.748,4.0,8.0,10.0,53.0,11.0,22.0,4.0,3.24,91.8,0.045,"Spence, Lucas",Hitter,2026,0.11595676660998522,0.7984710369598856,-4.198614239188077,0.10239935619558811,-0.36611781292346895,-0.5643101602596013,-0.518791630722707,0.0518042862779542,-0.16462391517165562,0.06357121710561414,,0.318446960392849,0.3577807562709977,550,2,0,0,1,0,0,4.0,22.0,0.208,0.259
"d'Arnaud, Travis",518595,2026,84,52,0.158,0.152,-0.006,0.237,0.281,0.044,0.222,0.234,0.012,9.6,30.8,86.7,32.7,6.0,,,,,5.0,,7.1,28.6,81.1,25.0,19.2,0.216,33.3,81.1,70.9,46.2,34.6,13.5,19.2,19.2,0.06,6.0,1.0,7.0,3.0,76.0,12.0,3.0,0.0,0.238,0.237,0.079,0.475,0.158,0.0,0.0,24.0,6.0,6.0,6.0,0.129,0.238,0.079,0.475,1.0,7.0,3.0,76.0,12.0,24.0,6.0,1.19,70.3,0.01,"d'Arnaud, Travis",Hitter,2026,-0.7249584338328201,-0.007010757830463777,-1.343915775799146,-0.8682634254189822,-0.3927932306699487,0.2299202966981089,-0.530755933604201,-0.4206638964169839,-0.03765558381383135,-0.47796456645765517,,-0.40474983803874,-0.4204532304082002,551,3,0,0,2,0,0,6.0,24.0,0.158,0.216
"Garcia, Aramis",605244,2026,19,13,0.158,0.198,0.04,0.316,0.415,0.099,0.202,0.259,0.057,7.7,30.8,86.1,30.8,5.3,,,,,15.0,,0.0,31.6,76.2,46.2,7.7,0.167,39.4,85.7,76.5,30.8,46.2,23.1,23.1,7.7,-0.21,0.78,1.0,2.0,2.0,19.0,3.0,0.0,0.0,0.158,0.316,0.158,0.474,0.158,0.0,0.0,6.0,0.0,,,0.217,0.158,0.158,0.474,1.0,2.0,2.0,19.0,3.0,6.0,0.0,1.31,63.9,-0.239,"Garcia, Aramis",Hitter,2026,0.224231303479203,-0.15081619834184207,-3.410231718157273,-0.8109751254921743,-0.5825697740663335,1.138371530401327,-0.5517062647124854,-0.09172202088515471,0.15902839095902488,-0.27356382083887104,,-0.12205190890694206,-0.03899517688953581,552,0,0,0,0,0,0,0.0,6.0,0.158,0.167
"Heineman, Tyler",623168,2026,200,156,0.175,0.217,0.042,0.22,0.262,0.042,0.203,0.238,0.035,0.6,12.2,82.0,25.6,0.5,,,,,17.0,,2.5,15.0,90.1,47.4,14.1,0.205,43.0,91.0,81.6,53.2,19.9,19.9,16.0,14.1,-0.57,1.238,1.0,15.0,10.0,177.0,31.0,3.0,1.0,0.223,0.22,0.045,0.443,0.172,1.0,0.0,29.0,5.0,,,0.045,0.223,0.045,0.443,1.0,15.0,10.0,177.0,31.0,30.0,5.0,1.19,64.2,-0.426,"Heineman, Tyler",Hitter,2026,-0.795869664452679,-1.0809172155703057,0.046690679766145715,-0.961549743223991,-0.7250927203118113,0.7284322189243623,-0.5520457688846527,-0.5149829420713086,-0.03711916379420177,-0.6953553782655797,,-0.9558413778008296,-1.0339146012663163,553,3,1,1,6,0,12,5.0,30.0,0.175,0.205
"Alcántara, Kevin",682634,2026,28,15,0.24,0.232,-0.008,0.36,0.353,-0.007,0.282,0.275,-0.007,6.7,26.7,91.1,60.0,3.6,,,,,58.0,,7.1,39.3,67.7,46.7,20.0,0.357,29.5,71.0,67.3,26.7,33.3,40.0,26.7,20.0,-0.17,0.78,1.0,6.0,6.0,25.0,6.0,0.0,0.0,0.286,0.36,0.12,0.646,0.24,0.0,1.0,11.0,2.0,,,0.121,0.286,0.12,0.646,1.0,6.0,6.0,25.0,6.0,11.0,2.0,0.98,89.2,-0.193,"Alcántara, Kevin",Hitter,2026,-0.08554957576610858,0.6231893167573977,-3.573795016171078,-0.3732646808372823,-0.5475106535995314,-0.15835695604181219,-0.5593952461054359,-0.17549165807097503,-0.1590587318713028,-0.1270184664696929,,-0.026906474609077427,-0.015361783446298847,554,0,0,0,0,1,0,2.0,11.0,0.24,0.357
"Cole, Zach",805904,2026,53,30,0.157,0.209,0.052,0.353,0.438,0.085,0.234,0.289,0.055,16.7,50.0,92.5,23.3,9.4,,,,,64.0,,1.9,39.6,69.7,50.0,16.7,0.185,28.2,69.7,56.7,43.3,33.3,13.3,26.7,16.7,-0.12,0.78,3.0,4.0,8.0,51.0,8.0,1.0,0.0,0.189,0.353,0.196,0.542,0.157,0.0,0.0,21.0,1.0,,,0.229,0.189,0.196,0.542,3.0,4.0,8.0,51.0,8.0,21.0,1.0,3.72,74.1,-0.136,"Cole, Zach",Hitter,2026,0.4835438450891902,0.6026622192802502,-5.282907987582919,-0.48995472331764356,-0.5040678304124073,1.1437049760961957,-0.5605472869383579,0.21857393842287828,0.3811196294303805,0.08461670677947278,,0.3506012349998908,0.433054649035739,555,1,0,0,1,0,0,1.0,21.0,0.157,0.185
"Mateo, Jorge",622761,2026,218,135,0.201,0.221,0.02,0.309,0.354,0.045,0.248,0.271,0.023,7.4,34.8,87.2,40.0,4.6,,,,,99.0,30.0,5.0,31.7,80.2,36.3,21.5,0.275,44.1,82.9,70.0,37.8,28.9,25.9,18.5,21.5,-0.22,1.0,5.0,40.0,18.0,204.0,41.0,7.0,0.0,0.244,0.309,0.108,0.553,0.203,19.0,1.0,69.0,11.0,,3.55,0.133,0.244,0.108,0.553,5.0,40.0,18.0,204.0,41.0,69.0,11.0,5.73,78.5,-0.2,"Mateo, Jorge",Hitter,2026,-0.09959438972433957,0.19142182640116048,-3.440467749387423,-0.35086456541652083,-0.5528457371488275,0.4986217658850136,-0.5607364764978257,-0.08663961004794764,0.060139030543156655,-0.19783830782327066,,-0.12976842603398378,-0.13558831033119095,556,7,0,19,1,1,1,11.0,69.0,0.201,0.275
"Rodríguez, Héctor",699302,2026,148,97,0.236,0.201,-0.035,0.421,0.335,-0.086,0.294,0.256,-0.038,7.2,35.1,88.3,27.8,4.9,,,,,72.0,,4.7,26.4,81.7,40.2,15.5,0.284,42.9,82.2,73.2,54.6,29.9,12.4,18.6,15.5,0.11,0.78,6.0,16.0,17.0,140.0,33.0,4.0,1.0,0.277,0.421,0.185,0.698,0.228,0.0,0.0,39.0,7.0,,,0.134,0.277,0.185,0.698,6.0,16.0,17.0,140.0,33.0,39.0,7.0,4.77,93.0,0.125,"Rodríguez, Héctor",Hitter,2026,-0.28319181989385245,-0.09767800422522482,-2.3555159163374113,-0.012369774796230748,-0.3051454295029437,-0.9391006947428261,-0.5699410219131313,-0.34106396830298186,-0.5644223697978702,-0.3458978337664386,,-0.2652712358696477,-0.26303573813994363,557,4,2,0,1,0,0,7.0,39.0,0.236,0.284
"Narváez, Carlos",665966,2026,285,168,0.161,0.191,0.03,0.226,0.303,0.077,0.219,0.26,0.041,6.5,36.9,90.6,33.9,3.9,,,,,9.0,,6.7,31.6,76.4,31.5,24.4,0.234,32.3,78.4,68.7,39.3,30.4,21.4,16.1,24.4,-0.84,0.763,3.0,22.0,10.0,248.0,40.0,7.0,0.0,0.241,0.226,0.065,0.467,0.161,2.0,3.0,90.0,19.0,0.763,,0.112,0.241,0.065,0.467,3.0,22.0,10.0,248.0,40.0,90.0,19.0,4.02,69.3,-0.973,"Narváez, Carlos",Hitter,2026,-0.47259208706594585,0.1348195259107241,-2.260182931131171,-0.7905128160504816,-1.1419913919496525,0.8487731855854702,-0.5781102992980078,-0.19381193098019595,0.25229492556081695,-0.38682191900502855,,-0.2813311615058822,-0.3129724540755786,558,7,0,2,8,3,7,19.0,90.0,0.161,0.234
"Haase, Eric",606992,2026,84,49,0.162,0.184,0.022,0.365,0.36,-0.005,0.264,0.271,0.007,16.3,28.6,86.0,28.6,9.5,,,,,75.0,,7.1,33.3,74.2,32.7,18.4,0.19,36.3,76.3,65.2,49.0,20.4,18.4,16.3,18.4,-0.04,1.35,4.0,8.0,9.0,74.0,12.0,3.0,0.0,0.235,0.365,0.203,0.6,0.162,0.0,0.0,28.0,6.0,,1.35,0.176,0.235,0.203,0.6,4.0,8.0,9.0,74.0,12.0,28.0,6.0,3.95,83.5,-0.028,"Haase, Eric",Hitter,2026,-0.08079769040594911,0.09372478738111145,-3.403188912249318,-0.2734577147048756,-0.42175511279469824,0.16527163956596755,-0.5785998064912672,-0.07724813414137302,-0.0619431338839075,-0.0074548891998477175,,-0.01714991683155379,-0.0020831744000425157,559,3,0,0,1,0,3,6.0,28.0,0.162,0.19
"Lockridge, Brandon",663604,2026,113,68,0.277,0.216,-0.061,0.327,0.262,-0.065,0.302,0.258,-0.044,1.5,32.4,85.6,17.6,0.9,,,,,92.0,,9.7,29.2,79.3,27.9,19.1,0.412,31.9,84.4,75.1,72.1,11.8,13.2,7.4,19.1,0.24,0.78,0.0,13.0,12.0,101.0,28.0,4.0,0.0,0.348,0.327,0.05,0.675,0.273,6.0,0.0,32.0,11.0,,,0.046,0.348,0.05,0.675,0.0,13.0,12.0,101.0,28.0,33.0,11.0,0.0,95.6,0.273,"Lockridge, Brandon",Hitter,2026,-0.7225941286800017,-0.7281987929924403,-0.5154689163280669,-0.3451595788180051,-0.192346520174972,-1.0701242644785645,-0.581629643505753,-0.6499392941668977,-0.6869471347195468,-0.6122122641121512,,-0.7511845290664301,-0.8000974293529921,560,5,0,6,0,0,1,11.0,33.0,0.277,0.412
"Slater, Austin",596103,2026,74,45,0.231,0.182,-0.049,0.277,0.236,-0.041,0.271,0.235,-0.036,2.2,18.2,85.0,26.7,1.4,,,,,63.0,,10.8,28.4,81.5,35.6,20.0,0.333,28.7,82.6,74.3,48.9,22.2,20.0,20.0,20.0,-0.14,1.0,0.0,6.0,3.0,65.0,15.0,3.0,0.0,0.311,0.277,0.046,0.588,0.231,4.0,1.0,21.0,8.0,,1.75,0.054,0.311,0.046,0.588,0.0,6.0,3.0,65.0,15.0,21.0,8.0,0.0,85.8,-0.127,"Slater, Austin",Hitter,2026,-0.9862811912626611,-0.7772089283062081,0.24173379369376813,-0.6494882399952742,-0.49720843727759817,-0.8168445954020265,-0.5945805536900953,-0.5891896737476802,-0.5056887198684099,-0.7079722844131923,,-0.7726820559554943,-0.8573121208848347,561,3,0,4,0,1,0,8.0,21.0,0.231,0.333
"Moore, Christian",695681,2026,143,83,0.191,0.191,0.0,0.282,0.311,0.029,0.232,0.244,0.012,9.6,38.6,88.2,30.1,5.8,,,,,73.0,,7.0,32.9,81.1,25.3,22.9,0.277,32.3,82.6,69.1,45.8,26.5,20.5,16.9,22.9,-1.29,0.78,2.0,5.0,18.0,131.0,25.0,4.0,1.0,0.252,0.282,0.091,0.534,0.186,1.0,1.0,47.0,8.0,,,0.12,0.252,0.091,0.534,2.0,5.0,18.0,131.0,25.0,47.0,10.0,2.21,73.4,-1.466,"Moore, Christian",Hitter,2026,-0.48182743221689517,0.1308301590098194,-1.8536302952911186,-0.6730286443017568,-1.5177337047786392,0.20347614335973682,-0.6047154233330815,-0.27963850415116426,-0.015542920438472115,-0.41698175261344017,,-0.29607849145254306,-0.31211519275546407,562,4,1,1,1,1,0,10.0,47.0,0.191,0.277
"Rivero, Sebastián",665861,2026,57,42,0.245,0.261,0.016,0.283,0.304,0.021,0.262,0.272,0.01,0.0,14.3,82.0,26.2,0.0,,,,,10.0,,5.3,21.1,81.5,35.7,21.4,0.317,44.7,87.7,78.7,40.5,21.4,21.4,14.3,21.4,0.1,0.78,0.0,5.0,8.0,53.0,13.0,2.0,0.0,0.286,0.283,0.038,0.569,0.245,0.0,0.0,12.0,3.0,,,0.043,0.286,0.038,0.569,0.0,5.0,8.0,53.0,13.0,12.0,3.0,0.0,82.9,0.114,"Rivero, Sebastián",Hitter,2026,-0.3870218332173559,-1.0456886216132635,-1.3798330705025932,-0.696908178263516,-0.31352913222326595,0.26427235488412965,-0.6223300476758217,-0.3002088135687694,-0.20355461032585204,-0.4353332849663043,,-0.7360401410463315,-0.8181691077534474,563,2,0,0,0,0,1,3.0,12.0,0.245,0.317
"Doyle, Brenton",686668,2026,219,133,0.233,0.204,-0.029,0.35,0.3,-0.05,0.269,0.244,-0.025,6.8,34.6,88.9,27.1,4.1,,,,,92.0,47.0,5.5,32.9,82.5,36.1,16.5,0.333,35.2,85.0,70.2,51.9,23.3,21.8,19.5,16.5,-0.15,3.1,5.0,34.0,14.0,206.0,48.0,7.0,1.0,0.275,0.35,0.117,0.625,0.23,14.0,0.0,72.0,12.0,0.765,,0.096,0.275,0.117,0.625,5.0,34.0,14.0,206.0,48.0,72.0,12.0,4.29,85.1,-0.047,"Doyle, Brenton",Hitter,2026,-0.543768154180553,-0.1259620851216984,-2.198179389758216,-0.2415736755847382,-0.436236053857073,-0.6359055375461843,-0.6343115745112468,-0.3499736883078248,-0.396341147704613,-0.5482364960292107,,-0.40895759521007546,-0.4543223753923462,564,7,1,14,0,0,1,12.0,72.0,0.233,0.333
"Reyes, Felix",694025,2026,38,29,0.158,0.229,0.071,0.263,0.314,0.051,0.181,0.233,0.052,6.9,27.6,89.2,37.9,5.3,,,,,77.0,,0.0,23.7,96.9,48.3,17.2,0.179,52.9,96.9,73.9,44.8,17.2,34.5,20.7,17.2,-0.56,0.78,1.0,2.0,2.0,38.0,6.0,1.0,0.0,0.158,0.263,0.105,0.421,0.158,0.0,0.0,9.0,0.0,,,0.085,0.158,0.105,0.421,1.0,2.0,2.0,38.0,6.0,9.0,0.0,1.19,57.3,-0.636,"Reyes, Felix",Hitter,2026,-0.4846908954159658,0.02110529657034868,-2.564610916016358,-1.059565934777323,-0.88514522679069,1.0993310285876083,-0.639159611979282,-0.2671505820779282,0.22779250317244285,-0.5312661316507735,,-0.5125595323717504,-0.5568647279342811,565,1,0,0,0,0,0,0.0,9.0,0.158,0.179
"Toglia, Michael",669911,2026,28,14,0.115,0.183,0.068,0.192,0.251,0.059,0.172,0.222,0.05,0.0,57.1,91.6,28.6,0.0,,,,,25.0,,7.1,42.9,79.4,35.7,28.6,0.214,24.0,85.3,69.6,28.6,42.9,28.6,14.3,28.6,-0.46,0.765,0.0,2.0,1.0,26.0,3.0,2.0,0.0,0.179,0.192,0.077,0.371,0.115,0.0,0.0,12.0,2.0,0.765,,0.068,0.179,0.077,0.371,0.0,2.0,1.0,26.0,3.0,12.0,2.0,0.0,54.4,-0.532,"Toglia, Michael",Hitter,2026,-0.940386117641066,0.18334650064255212,-1.9431553295022315,-1.2078828796490197,-0.8058811283440073,1.0999667875333572,-0.6416743947355087,-0.461378965562975,0.27772144252265274,-1.0025761270601437,,-0.6148665927256,-0.6783582837041092,566,2,0,0,0,0,0,2.0,12.0,0.115,0.214
"Maile, Luke",571912,2026,45,27,0.171,0.141,-0.03,0.293,0.218,-0.075,0.243,0.202,-0.041,3.7,29.6,83.8,25.9,2.2,,,,,4.0,,8.9,31.1,84.8,40.7,18.5,0.231,30.6,89.1,77.8,37.0,33.3,18.5,22.2,18.5,-0.22,0.78,1.0,2.0,5.0,41.0,7.0,2.0,0.0,0.244,0.293,0.122,0.537,0.171,0.0,0.0,14.0,4.0,,,0.077,0.244,0.122,0.537,1.0,2.0,5.0,41.0,7.0,14.0,4.0,0.74,76.9,-0.25,"Maile, Luke",Hitter,2026,-1.240578689885055,-0.531185984456848,0.1184162396592309,-0.6511170482812744,-0.5909534767866558,-0.8760889919274396,-0.6429912375273493,-0.6606212702657659,-0.532669528290252,-0.9639720734623821,,-0.7780113453077819,-0.8701726570207396,567,2,0,0,0,0,0,4.0,14.0,0.171,0.231
"Jorge, Carlos",699115,2026,46,27,0.19,0.223,0.033,0.31,0.322,0.012,0.232,0.257,0.025,7.4,18.5,82.7,29.6,4.9,,,,,100.0,,8.7,28.3,70.5,40.7,11.1,0.25,38.4,75.4,73.0,48.1,14.8,29.6,14.8,11.1,0.05,0.78,1.0,5.0,1.0,42.0,8.0,0.0,1.0,0.261,0.31,0.12,0.571,0.179,1.0,0.0,12.0,2.0,,,0.099,0.261,0.12,0.571,1.0,5.0,1.0,42.0,8.0,13.0,4.0,1.04,73.4,0.057,"Jorge, Carlos",Hitter,2026,-0.3493797968547478,-0.5474799095968068,-2.4021217207849705,-0.6772002198035048,-0.3569719554103902,0.45391241804197824,-0.6490451759581608,-0.26998684441409415,-0.07753089763280159,-0.30166326364306867,,-0.5262515397258105,-0.5631523233292643,568,0,1,2,0,0,0,4.0,13.0,0.19,0.25
"Davidson, Bo",815589,2026,18,9,0.375,0.293,-0.082,0.375,0.366,-0.009,0.304,0.316,0.012,0.0,44.4,84.5,33.3,0.0,,,,,64.0,,5.6,27.8,72.2,11.1,11.1,0.5,40.0,72.2,69.2,66.7,0.0,33.3,11.1,11.1,0.02,0.78,0.0,2.0,1.0,16.0,6.0,0.0,0.0,0.389,0.375,0.0,0.764,0.308,1.0,0.0,4.0,1.0,,,0.073,0.389,0.0,0.764,0.0,2.0,1.0,16.0,6.0,5.0,1.0,0.0,96.2,0.023,"Davidson, Bo",Hitter,2026,0.17716548346846728,-0.15911724241904773,-3.3150621233948723,-0.49934188488810854,-0.3828852183641134,-0.5452082362694209,-0.6525020243224933,-0.10350431377296748,-0.2957540346102394,-0.07676711302907169,,-0.23284305153613005,-0.23368050703837442,569,0,0,1,0,1,0,1.0,5.0,0.375,0.5
"Gray, Tristan",656484,2026,188,117,0.225,0.218,-0.007,0.324,0.322,-0.002,0.262,0.263,0.001,6.0,37.6,88.5,38.5,3.7,,,,,22.0,12.0,5.3,31.9,77.7,40.2,17.1,0.313,39.3,80.8,70.0,34.2,23.9,34.2,24.8,17.1,-0.74,0.78,4.0,16.0,29.0,173.0,39.0,5.0,0.0,0.267,0.324,0.099,0.591,0.225,2.0,3.0,60.0,10.0,,,0.104,0.267,0.099,0.591,4.0,16.0,29.0,173.0,39.0,60.0,10.0,3.98,82.9,-0.841,"Gray, Tristan",Hitter,2026,-0.3297525738269397,0.19030622910838257,-3.082676617467927,-0.3548860231648025,-1.0413869593057858,-0.06902054946340791,-0.671052044606887,-0.26566812465794015,-0.17082236909784387,-0.3467847868549211,,-0.2691006352350631,-0.2890309530123913,570,5,0,2,1,3,1,10.0,60.0,0.225,0.313
"McGuire, Reese",624512,2026,34,21,0.172,0.186,0.014,0.172,0.215,0.043,0.221,0.242,0.021,0.0,9.5,74.3,33.3,0.0,,,,,7.0,,5.9,26.5,91.9,28.6,23.8,0.25,37.5,91.9,80.0,42.9,23.8,23.8,14.3,23.8,-0.52,1.2,0.0,1.0,3.0,29.0,5.0,0.0,0.0,0.273,0.172,0.0,0.445,0.172,0.0,0.0,9.0,2.0,,,0.029,0.273,0.0,0.445,0.0,1.0,3.0,29.0,5.0,9.0,2.0,0.0,69.9,-0.4,"McGuire, Reese",Hitter,2026,-1.0891429946874365,-1.1765918870901648,0.148158775140675,-1.108576571939825,-0.7052766957001405,0.43253500623134405,-0.6789409645566441,-0.6281069441166779,-0.13475728714421056,-0.7921786640340497,,-1.041915092401139,-1.1483098614981895,571,0,0,0,2,0,1,2.0,9.0,0.172,0.25
"Brennan, Will",686823,2026,23,20,0.087,0.174,0.087,0.087,0.238,0.151,0.077,0.178,0.101,0.0,25.0,82.9,20.0,0.0,,,,,74.0,,0.0,13.0,92.9,35.0,25.0,0.1,56.4,96.4,94.0,40.0,20.0,15.0,5.0,25.0,-0.46,0.78,0.0,0.0,0.0,23.0,2.0,0.0,0.0,0.087,0.087,0.0,0.174,0.087,0.0,0.0,3.0,0.0,,,0.064,0.087,0.0,0.174,0.0,0.0,0.0,23.0,2.0,3.0,0.0,0.0,24.4,-0.523,"Brennan, Will",Hitter,2026,-1.1881075189538541,-0.9575952845556257,-0.15783356867330034,-1.9533721724421047,-0.7990217352091981,2.0326960494130155,-0.6818593663965177,-0.677032940225191,0.37516730453276825,-1.1635706744744458,,-1.2466091160808794,-1.3222848707381027,572,0,0,0,0,0,0,0.0,3.0,0.087,0.1
"Azócar, José",640492,2026,18,13,0.353,0.282,-0.071,0.471,0.345,-0.126,0.377,0.298,-0.079,0.0,23.1,87.3,30.8,0.0,,,,,80.0,,5.6,22.2,81.0,53.8,23.1,0.462,48.7,81.0,72.5,61.5,15.4,23.1,15.4,23.1,0.25,0.78,0.0,2.0,0.0,17.0,6.0,2.0,0.0,0.389,0.471,0.118,0.86,0.353,1.0,0.0,4.0,1.0,,,0.063,0.389,0.118,0.86,0.0,2.0,0.0,17.0,6.0,4.0,1.0,0.0,119.3,0.284,"Azócar, José",Hitter,2026,-0.025434540244478193,-0.5929814764779336,-2.612013542596796,0.13660251269809706,-0.18396281745464982,-1.6791541158385848,-0.6825782781708346,-0.29164911123138637,-0.9211762732198133,-0.1829931440282646,,-0.36887824805158625,-0.4094414137222405,573,2,0,1,0,0,0,1.0,4.0,0.353,0.462
"Báez, Javier",595879,2026,196,144,0.241,0.235,-0.006,0.364,0.317,-0.047,0.272,0.261,-0.011,2.8,33.3,85.2,33.3,2.1,,,,,40.0,28.0,3.1,20.9,80.3,42.4,16.0,0.292,47.3,81.9,72.0,51.4,20.1,20.1,17.4,16.0,-0.62,24.0,3.0,25.0,20.0,187.0,45.0,11.0,1.0,0.27,0.364,0.123,0.634,0.235,1.0,1.0,40.0,6.0,25.05,25.0,0.082,0.27,0.123,0.634,3.0,25.0,20.0,187.0,45.0,41.0,6.0,2.61,86.1,-0.026,"Báez, Javier",Hitter,2026,-0.35972683045513504,-0.2582506736227823,-2.866566016723517,-0.2245615169428674,-0.4202308032091851,-0.35680176239213024,-0.6829542289484294,-0.3077822874661002,-0.3565563976386742,-0.4046444818160375,,-0.448378350526966,-0.49330827942441424,574,12,1,1,2,1,0,6.0,41.0,0.241,0.292
"Koss, Christian",683766,2026,217,148,0.221,0.213,-0.008,0.312,0.288,-0.024,0.261,0.243,-0.018,4.1,27.0,84.2,28.4,2.8,,,,,90.0,75.0,4.1,25.8,80.3,41.2,16.2,0.288,39.2,82.8,72.4,53.4,18.2,20.3,18.9,16.2,0.32,0.78,4.0,27.0,12.0,199.0,44.0,6.0,0.0,0.262,0.312,0.091,0.574,0.226,5.0,0.0,54.0,9.0,,,0.075,0.262,0.091,0.574,4.0,27.0,12.0,199.0,44.0,56.0,9.0,3.69,82.6,0.364,"Koss, Christian",Hitter,2026,-0.6176255897431754,-0.4930858890892523,-2.1843399224955644,-0.42816343309955146,-0.12299043403412457,-0.31780488960957026,-0.6889786109572812,-0.4484065979198261,-0.39220041383988974,-0.5920016320693626,,-0.6236128564259119,-0.6825333837920419,575,6,0,5,2,0,7,9.0,56.0,0.221,0.288
"Mastrobuoni, Miles",670156,2026,30,18,0.192,0.145,-0.047,0.192,0.201,0.009,0.202,0.184,-0.018,0.0,22.2,90.1,27.8,0.0,,,,,51.0,,6.7,33.3,86.2,33.3,16.7,0.294,27.5,89.7,81.4,50.0,27.8,22.2,11.1,16.7,-0.14,0.78,0.0,3.0,1.0,26.0,5.0,0.0,0.0,0.241,0.192,0.0,0.433,0.192,0.0,1.0,10.0,2.0,,,0.056,0.241,0.0,0.433,0.0,3.0,1.0,26.0,5.0,10.0,2.0,0.0,63.9,-0.159,"Mastrobuoni, Miles",Hitter,2026,-1.4107683547066332,-0.6117934901056711,0.40877231448333373,-1.1965244846173546,-0.5215973906458083,-0.440570829757295,-0.689430434258206,-0.7991359589294534,-0.40911290372032166,-1.2429390582516193,,-1.002018928609677,-1.0935388901159304,576,0,0,0,0,1,1,2.0,10.0,0.192,0.294
"Stubbs, Garrett",596117,2026,65,45,0.153,0.18,0.027,0.153,0.218,0.065,0.172,0.205,0.033,0.0,24.4,85.3,20.0,0.0,,,,,49.0,,4.6,23.1,89.3,28.9,20.0,0.2,38.5,90.5,80.2,51.1,26.7,13.3,11.1,20.0,-0.49,0.925,0.0,11.0,3.0,59.0,9.0,0.0,0.0,0.215,0.153,0.0,0.368,0.155,0.0,1.0,14.0,2.0,,0.85,0.038,0.215,0.0,0.368,0.0,11.0,3.0,59.0,9.0,15.0,3.0,0.0,54.4,-0.478,"Stubbs, Garrett",Hitter,2026,-1.2099670646018332,-0.9031001951865496,-0.08119494746094374,-1.317032341409964,-0.7647247695351526,0.713432345745194,-0.6979751408974002,-0.7274807039682425,-0.053827022403041075,-1.0631505333537072,,-1.1154108813547048,-1.2043481201761714,577,0,0,0,2,1,0,3.0,15.0,0.153,0.2
"Marte, Noelvi",682622,2026,201,139,0.189,0.193,0.004,0.321,0.304,-0.017,0.242,0.237,-0.005,5.0,30.2,87.9,19.4,3.5,,,,,91.0,,5.0,25.9,87.8,44.6,10.8,0.226,41.2,88.7,74.2,56.1,20.9,12.2,16.5,10.8,-1.46,0.76,6.0,19.0,15.0,190.0,36.0,7.0,0.0,0.229,0.321,0.132,0.55,0.189,7.0,1.0,52.0,10.0,0.76,,0.111,0.229,0.132,0.55,6.0,19.0,15.0,190.0,36.0,52.0,10.0,5.68,76.6,-1.698,"Marte, Noelvi",Hitter,2026,-0.5502097186607438,-0.5203734114942875,-1.3814869078848875,-0.46409535828628207,-1.6945536166981625,-0.10500956196618284,-0.6984207697561534,-0.4908284974321359,-0.32833348942669,-0.6065735463519315,,-0.5913834527118502,-0.6044960580972956,578,7,0,7,0,1,0,10.0,52.0,0.189,0.226
"Stevens, Chad",677060,2026,34,16,0.036,0.117,0.081,0.036,0.186,0.15,0.129,0.21,0.081,6.3,25.0,81.4,43.8,2.9,,,,,44.0,,14.7,38.2,80.0,31.3,25.0,0.063,37.8,85.0,74.3,37.5,37.5,25.0,18.8,25.0,-0.3,0.78,0.0,1.0,3.0,28.0,1.0,0.0,0.0,0.176,0.036,0.0,0.212,0.036,0.0,1.0,13.0,5.0,,,0.069,0.176,0.0,0.212,0.0,1.0,3.0,28.0,1.0,13.0,5.0,0.0,40.8,-0.341,"Stevens, Chad",Hitter,2026,-1.4222398159271086,-0.12218179175411276,-1.2458382664945755,-1.6854730754386271,-0.6603095629275032,1.8373435111946919,-0.7019896187958613,-0.6149016507528319,0.529628462541396,-0.7928320566682023,,-0.8513939441846112,-0.9441826381561603,579,0,0,0,0,1,0,5.0,13.0,0.036,0.063
"Velazquez, Andrew",623205,2026,15,13,0.067,0.167,0.1,0.067,0.2,0.133,0.059,0.16,0.101,0.0,23.1,84.4,23.1,0.0,,,,,,,0.0,13.3,100.0,38.5,15.4,0.077,52.4,100.0,85.7,53.8,15.4,15.4,7.7,15.4,-0.22,0.78,0.0,0.0,0.0,15.0,1.0,0.0,0.0,0.067,0.067,0.0,0.134,0.067,1.0,0.0,2.0,0.0,,,0.033,0.067,0.0,0.134,0.0,0.0,0.0,15.0,1.0,2.0,0.0,0.0,18.7,-0.25,"Velazquez, Andrew",Hitter,2026,-1.4944981840305007,-0.8747381201487887,0.053722648284244334,-2.0614317848535455,-0.5909534767866558,2.0416401913548157,-0.704659869065962,-0.7758796313014396,0.42673040307015175,-1.3311334900067506,,-1.373075640085673,-1.4782682462704555,580,0,0,1,0,0,0,0.0,2.0,0.067,0.077
"Cauley, Cam",695508,2026,65,44,0.207,0.192,-0.015,0.345,0.238,-0.107,0.279,0.235,-0.044,0.0,20.5,85.5,27.3,0.0,,,,,100.0,,7.7,23.1,74.1,40.9,25.0,0.262,28.3,80.0,73.2,45.5,18.2,20.5,13.6,25.0,-0.44,0.78,1.0,10.0,1.0,58.0,12.0,3.0,1.0,0.281,0.345,0.138,0.626,0.207,1.0,0.0,15.0,5.0,,,0.046,0.281,0.138,0.626,1.0,10.0,1.0,58.0,12.0,15.0,5.0,0.69,88.3,-0.5,"Cauley, Cam",Hitter,2026,-0.9688231194212356,-0.7890804304931993,-0.5334159403662642,-0.36908942384597615,-0.7814921749757971,-0.9393796045713324,-0.7074848485404978,-0.5695613322324915,-0.597177488715703,-0.7560997498666379,,-0.785029331863106,-0.888033157945037,581,3,1,1,1,0,1,5.0,15.0,0.207,0.262
"Valera, George",671655,2026,38,29,0.216,0.193,-0.023,0.297,0.232,-0.065,0.235,0.198,-0.037,0.0,34.5,90.2,20.7,0.0,,,,,10.0,,2.6,21.1,84.4,51.7,17.2,0.276,40.4,88.9,83.8,51.7,6.9,24.1,20.7,17.2,-0.2,0.78,0.0,1.0,6.0,37.0,8.0,3.0,0.0,0.237,0.297,0.081,0.534,0.216,0.0,0.0,8.0,1.0,,,0.039,0.237,0.081,0.534,0.0,1.0,6.0,37.0,8.0,8.0,1.0,0.0,74.4,-0.227,"Valera, George",Hitter,2026,-1.1421483507906132,-0.5359446596155116,-0.5208339578042106,-0.7767418117877822,-0.5734239165532548,-0.75157238498551,-0.7198620152134311,-0.7413905923331889,-0.6044176033932612,-1.0879507010729583,,-0.9470297466014717,-1.0412482061251738,582,3,0,0,0,0,0,1.0,8.0,0.216,0.276
"Siani, Michael",672279,2026,1,1,0.0,0.302,0.302,0.0,0.353,0.353,0.0,0.292,0.292,0.0,0.0,79.9,0.0,0.0,,,,,,,0.0,0.0,0.0,100.0,0.0,0.0,25.0,,100.0,100.0,0.0,0.0,0.0,0.0,-0.03,0.78,0.0,0.0,0.0,1.0,0.0,0.0,0.0,0.0,0.0,0.0,0.0,0.0,0.0,0.0,0.0,0.0,,,0.051,0.0,0.0,0.0,0.0,0.0,0.0,1.0,0.0,0.0,0.0,0.0,0.0,-0.034,"Siani, Michael",Hitter,2026,0.01224160013599579,-2.087350452575846,-3.2672714127009717,-2.4182439827365125,-0.4263280415512376,5.883471952150098,-0.7215226087369069,-0.6373022001807879,1.315210344982308,-0.24333208462757194,,-1.6225065456785188,-1.5646149658423534,583,0,0,0,0,0,0,0.0,0.0,0.0,0.0
"Thomas, Colby",687515,2026,121,79,0.202,0.182,-0.02,0.333,0.357,0.024,0.25,0.248,-0.002,8.9,34.2,89.1,29.1,5.8,,,,,72.0,,3.3,30.6,82.1,35.4,21.5,0.26,42.9,85.1,68.7,32.9,34.2,20.3,20.3,21.5,-0.66,0.78,4.0,11.0,11.0,114.0,23.0,3.0,0.0,0.235,0.333,0.131,0.568,0.202,1.0,0.0,37.0,4.0,,,0.175,0.235,0.131,0.568,4.0,11.0,11.0,114.0,23.0,37.0,4.0,4.29,79.1,-0.75,"Thomas, Colby",Hitter,2026,-0.18531295435084927,0.009034152389287606,-3.444696757210788,-0.4882736750861796,-0.9720308731649385,-0.06372426423622751,-0.7380424866945166,-0.22041556454038197,-0.21527062189284848,-0.36603559791897533,,-0.16741376357908486,-0.14257884397028395,584,3,0,1,1,0,2,4.0,37.0,0.202,0.26
"Cox, Jonah",813841,2026,165,88,0.259,0.209,-0.05,0.395,0.324,-0.071,0.308,0.259,-0.049,5.7,36.4,88.5,35.2,3.1,,,,,99.0,,6.1,38.2,68.7,20.5,27.3,0.425,32.9,71.9,65.2,50.0,22.7,23.9,12.5,27.3,1.04,0.78,4.0,26.0,16.0,147.0,38.0,3.0,2.0,0.306,0.395,0.136,0.701,0.259,15.0,0.0,62.0,10.0,,,0.115,0.306,0.136,0.701,4.0,26.0,16.0,147.0,38.0,63.0,10.0,3.28,97.5,1.182,"Cox, Jonah",Hitter,2026,-0.3365718227393482,0.0668740864899795,-4.164933900712448,-0.00881543165389829,0.5004521864407458,-1.0575636891919302,-0.7525416885169115,-0.4129637859848753,-0.6508671992502607,-0.438459284694312,,-0.2953090359308509,-0.30237848700841846,585,4,2,16,0,0,7,10.0,63.0,0.259,0.425
"Callihan, Tyler",682997,2026,107,59,0.211,0.185,-0.026,0.389,0.296,-0.093,0.294,0.252,-0.042,6.8,27.1,84.5,40.7,3.7,,,,,64.0,,8.4,35.5,72.7,44.1,18.6,0.309,33.5,75.8,69.1,25.4,42.4,23.7,32.2,18.6,-0.59,0.78,3.0,13.0,15.0,95.0,20.0,4.0,2.0,0.283,0.389,0.178,0.672,0.211,1.0,1.0,38.0,9.0,,,0.111,0.283,0.178,0.672,3.0,13.0,15.0,95.0,20.0,38.0,9.0,2.28,93.0,-0.67,"Callihan, Tyler",Hitter,2026,-0.5486724638127176,-0.051863045796462504,-2.79159631148812,-0.07964888349494169,-0.9110584897444133,-0.9376997526889862,-0.7631033286032711,-0.4122758082926291,-0.5548996221549539,-0.41388355275024336,,-0.348858526848792,-0.3822372603618561,586,4,2,1,1,1,1,9.0,38.0,0.211,0.309
"Leonard, Eddys",678760,2026,8,6,0.25,0.3,0.05,0.375,0.386,0.011,0.269,0.299,0.03,16.7,16.7,77.2,50.0,12.5,,,,,,,0.0,25.0,66.7,33.3,16.7,0.333,45.5,75.0,68.2,16.7,16.7,50.0,33.3,16.7,-0.21,0.78,0.0,0.0,0.0,8.0,2.0,1.0,0.0,0.25,0.375,0.125,0.625,0.25,0.0,0.0,2.0,0.0,,,0.086,0.25,0.125,0.625,0.0,0.0,0.0,8.0,2.0,2.0,0.0,0.0,85.1,-0.239,"Leonard, Eddys",Hitter,2026,0.24242841593979192,0.17212062297806474,-5.257006887469698,-0.5034932393009026,-0.5825697740663335,0.6057463368099173,-0.7667261341606709,-0.13753025484985645,-0.05562635232309618,0.28993835434440207,,-0.23627272477117428,-0.22719147659886588,587,1,0,0,0,0,0,0.0,2.0,0.25,0.333
"Beck, Jordan",687597,2026,176,107,0.198,0.206,0.008,0.29,0.285,-0.005,0.239,0.245,0.006,3.7,30.8,86.8,29.0,2.3,,,,,65.0,,7.4,31.2,79.5,41.1,24.3,0.29,38.5,83.2,72.0,40.2,29.0,22.4,18.7,24.3,-1.12,0.762,1.0,16.0,11.0,162.0,32.0,7.0,2.0,0.256,0.29,0.092,0.546,0.193,2.0,1.0,55.0,13.0,0.762,,0.079,0.256,0.092,0.546,1.0,16.0,11.0,162.0,32.0,55.0,13.0,0.98,75.6,-1.299,"Beck, Jordan",Hitter,2026,-0.6324257725658419,-0.34134815984553757,-2.1826304617707137,-0.60969051994829,-1.390453854388293,0.059650248976546826,-0.7783045829095931,-0.3571993341857083,-0.1709486043325067,-0.5889885115117305,,-0.5590849149068737,-0.6240969633307413,588,8,2,2,0,1,0,13.0,55.0,0.198,0.29
"Santana, Carlos",467793,2026,26,16,0.083,0.142,0.059,0.125,0.192,0.067,0.136,0.187,0.051,0.0,43.8,87.8,25.0,0.0,,,,,1.0,,7.7,30.8,85.3,43.8,6.2,0.125,35.7,88.2,72.2,25.0,31.2,18.8,37.5,6.2,-0.49,2.0,0.0,1.0,0.0,24.0,2.0,1.0,0.0,0.154,0.125,0.042,0.279,0.083,0.0,0.0,8.0,2.0,0.76,12.0,0.05,0.154,0.042,0.279,0.0,1.0,0.0,24.0,2.0,8.0,2.0,0.0,43.0,-0.233,"Santana, Carlos",Hitter,2026,-1.4572145818349362,-0.2957981476311246,-1.203693364133914,-1.5236185796002628,-0.5779968453097941,1.0808284345410553,-0.7822769076219593,-0.758644789179904,0.16791954346818663,-1.2162751443783228,,-1.021296491198509,-1.1124558023046458,589,1,0,0,0,0,0,2.0,8.0,0.083,0.125
"Emerson, Colt",806068,2026,241,141,0.19,0.196,0.006,0.335,0.3,-0.035,0.256,0.248,-0.008,5.0,31.2,86.7,36.2,2.9,,,,,39.0,13.0,6.2,34.4,73.6,41.1,18.4,0.258,38.9,78.3,69.6,46.1,22.7,22.7,20.6,18.4,-0.05,2.0,8.0,24.0,23.0,221.0,42.0,6.0,1.0,0.246,0.335,0.145,0.581,0.19,3.0,2.0,83.0,15.0,,,0.104,0.246,0.145,0.581,8.0,24.0,23.0,221.0,42.0,83.0,15.0,7.16,81.0,-0.024,"Emerson, Colt",Hitter,2026,-0.5330220713007325,-0.09505259708667932,-3.5508478332506277,-0.27532639435227424,-0.41870649362367196,-0.19551736689898494,-0.7876145574352199,-0.3197839648761868,-0.28240982715789203,-0.5238881131776147,,-0.4078925730096712,-0.459902136412106,590,6,1,3,2,2,1,15.0,83.0,0.19,0.258
"Dezenzo, Zach",701305,2026,82,44,0.213,0.191,-0.022,0.307,0.294,-0.013,0.262,0.248,-0.014,9.1,31.8,84.9,43.2,4.8,,,,,61.0,,8.5,37.8,70.5,43.2,27.3,0.349,34.3,73.7,64.9,43.2,20.5,31.8,13.6,27.3,0.16,0.78,1.0,11.0,3.0,75.0,16.0,4.0,0.0,0.28,0.307,0.094,0.587,0.213,1.0,0.0,31.0,7.0,,,0.103,0.28,0.094,0.587,1.0,11.0,3.0,75.0,16.0,31.0,7.0,0.96,82.9,0.182,"Dezenzo, Zach",Hitter,2026,-0.5728673628675891,0.21693603040735326,-3.7456139572022122,-0.5521144698608261,-0.2617026063158195,-0.335999269202375,-0.8042590862467017,-0.37700585096724665,-0.2871105055201756,-0.39267226006972966,,-0.3402332545915886,-0.37508215898325414,591,4,0,1,0,0,0,7.0,31.0,0.213,0.349
"Serna, Jared",691858,2026,29,17,0.154,0.142,-0.012,0.231,0.199,-0.032,0.2,0.183,-0.017,5.9,41.2,88.0,29.4,4.0,,,,,82.0,,6.9,27.6,86.7,29.4,23.5,0.211,40.4,86.7,73.5,47.1,11.8,23.5,23.5,23.5,-0.27,0.78,0.0,3.0,2.0,26.0,4.0,2.0,0.0,0.207,0.231,0.077,0.438,0.174,0.0,1.0,7.0,1.0,,,0.057,0.207,0.077,0.438,0.0,3.0,2.0,26.0,4.0,8.0,2.0,0.0,63.3,-0.307,"Serna, Jared",Hitter,2026,-1.4284071624765298,0.010610177590620051,-1.3076579997282927,-1.0237226252354747,-0.63439629997378,-0.37496895610423575,-0.8056233744533751,-0.7575560696475951,-0.33319047056306095,-1.041382666870432,,-0.832637988011445,-0.9278201735580179,592,2,0,0,0,1,0,2.0,8.0,0.154,0.211
"Berroa, Steward",672642,2026,7,3,0.143,0.226,0.083,0.143,0.27,0.127,0.127,0.211,0.084,0.0,0.0,90.7,66.7,0.0,,,,,,,0.0,57.1,100.0,0.0,33.3,0.333,50.0,100.0,92.3,0.0,33.3,66.7,33.3,33.3,-0.11,0.78,0.0,0.0,1.0,7.0,1.0,0.0,0.0,0.143,0.143,0.0,0.286,0.143,0.0,0.0,4.0,0.0,,,0.044,0.143,0.0,0.286,0.0,0.0,1.0,7.0,1.0,4.0,0.0,0.0,40.2,-0.125,"Berroa, Steward",Hitter,2026,-0.8411717779809927,-0.046979685457114395,-3.2038484896096096,-1.6467359556122538,-0.49568412769208503,1.7686057403784805,-0.819984387101311,-1.0672865980255293,0.03042262501479359,-1.0898430927165537,,-1.1852395485615028,-1.1519795644053747,593,0,0,0,0,0,0,0.0,4.0,0.143,0.333
"Story, Trevor",596115,2026,263,165,0.237,0.211,-0.026,0.353,0.318,-0.035,0.272,0.247,-0.025,5.5,36.4,87.1,29.7,3.4,,,,,58.0,48.0,4.2,32.7,77.1,44.2,15.8,0.338,43.9,79.3,71.1,46.1,24.2,20.6,23.0,15.8,0.25,25.0,5.0,24.0,29.0,249.0,59.0,14.0,0.0,0.27,0.353,0.116,0.623,0.237,5.0,2.0,86.0,11.0,22.5,22.5,0.107,0.27,0.116,0.623,5.0,24.0,29.0,249.0,59.0,86.0,11.0,4.5,86.1,0.01,"Story, Trevor",Hitter,2026,-0.4171750312367116,-0.12377175769276613,-3.8216199557746364,-0.20218888164387852,-0.3927932306699487,-0.5463417060128786,-0.8265329286287911,-0.37846359070651536,-0.4756604716383956,-0.53362568025209,,-0.4213730261127334,-0.45160374075654197,594,14,0,5,1,2,0,11.0,86.0,0.237,0.338
"Clarke, Denzel",672016,2026,85,48,0.149,0.161,0.012,0.162,0.185,0.023,0.194,0.206,0.012,2.1,35.4,86.9,10.4,1.2,,,,,85.0,,9.4,32.9,80.6,45.8,12.5,0.239,25.7,82.5,69.3,77.1,4.2,10.4,12.5,12.5,-0.34,0.78,0.0,6.0,6.0,74.0,11.0,1.0,0.0,0.232,0.162,0.013,0.394,0.151,4.0,0.0,28.0,8.0,,,0.024,0.232,0.013,0.394,0.0,6.0,6.0,74.0,11.0,28.0,8.0,0.0,61.4,-0.386,"Clarke, Denzel",Hitter,2026,-1.4211674994374728,-0.7920921253832542,-0.7016627566523044,-1.1870568896318285,-0.6946065286015486,0.2602261387656504,-0.8404562858622289,-0.9410315319641934,-0.24867886740754666,-1.1340344380921092,,-1.181852655742336,-1.263386897870386,595,1,0,4,0,0,3,8.0,28.0,0.149,0.239
"Ibáñez, Andy",628451,2026,26,22,0.087,0.152,0.065,0.087,0.205,0.118,0.095,0.164,0.069,0.0,18.2,86.3,22.7,0.0,,,,,47.0,,3.8,11.5,85.3,54.5,13.6,0.091,51.4,85.3,82.7,36.4,50.0,13.6,31.8,13.6,-0.56,1.4,0.0,1.0,5.0,23.0,2.0,0.0,0.0,0.115,0.087,0.0,0.202,0.087,0.0,2.0,3.0,1.0,,1.4,0.053,0.115,0.0,0.202,0.0,1.0,5.0,23.0,2.0,3.0,1.0,0.0,30.1,-0.373,"Ibáñez, Andy",Hitter,2026,-1.4561439442126145,-0.9348783988708679,-0.7027823084309678,-1.8203828120555932,-0.6846985162957133,1.4897236530814233,-0.8489839202217402,-0.8492786527558995,0.15300673643334334,-1.2177795901316661,,-1.3288707287374533,-1.4160463174703826,596,0,0,0,0,2,0,1.0,3.0,0.087,0.091
"Watson, Kahlil",696135,2026,91,56,0.239,0.209,-0.03,0.341,0.33,-0.011,0.266,0.246,-0.02,7.1,32.1,89.3,28.6,4.4,,,,,73.0,,3.3,35.2,73.0,35.7,19.6,0.364,35.3,77.0,67.8,48.2,25.0,23.2,26.8,19.6,0.03,0.78,1.0,6.0,11.0,88.0,21.0,6.0,0.0,0.264,0.341,0.102,0.605,0.239,9.0,0.0,32.0,3.0,,,0.121,0.264,0.102,0.605,1.0,6.0,11.0,88.0,21.0,32.0,3.0,0.97,84.2,0.034,"Watson, Kahlil",Hitter,2026,-0.34718716623910895,-0.11590735032440272,-3.9502003413965134,-0.48390566794536366,-0.37450151564379114,-0.42758047169701635,-0.8553023617600201,-0.31461163662004826,-0.40123877385751505,-0.5220643973473696,,-0.35996748187441346,-0.38128493814491965,597,6,0,9,0,0,0,3.0,32.0,0.239,0.364
"Ingle, Cooper",694876,2026,24,9,0.095,0.106,0.011,0.095,0.127,0.032,0.161,0.175,0.014,0.0,44.4,90.9,22.2,0.0,,,,,11.0,,12.5,50.0,87.5,55.6,22.2,0.222,26.9,87.5,78.3,77.8,11.1,11.1,11.1,22.2,-0.42,0.78,0.0,1.0,2.0,21.0,2.0,0.0,0.0,0.208,0.095,0.0,0.303,0.095,0.0,0.0,12.0,3.0,,,0.021,0.208,0.0,0.303,0.0,1.0,2.0,21.0,2.0,12.0,3.0,0.0,50.9,-0.477,"Ingle, Cooper",Hitter,2026,-1.9240335713720744,-0.26953479845138817,-0.3641580199748818,-1.4822169132396563,-0.763962614742396,0.3091976534862579,-0.8573480886410908,-1.1165577032349598,-0.18813439463601592,-1.5337208252946908,,-1.2361474795202894,-1.3411576873959816,598,0,0,0,0,0,0,3.0,12.0,0.095,0.222
"Rodden, Brock",801126,2026,72,38,0.197,0.135,-0.062,0.279,0.227,-0.052,0.271,0.233,-0.038,5.3,36.8,88.0,36.8,2.8,,,,,82.0,,13.9,33.3,72.0,52.6,21.1,0.316,31.9,72.0,61.7,28.9,47.4,21.1,36.8,21.1,-0.48,0.78,0.0,8.0,4.0,61.0,12.0,3.0,1.0,0.306,0.279,0.082,0.585,0.197,0.0,1.0,24.0,10.0,,,0.092,0.306,0.082,0.585,0.0,8.0,4.0,61.0,12.0,24.0,10.0,0.0,85.8,-0.545,"Rodden, Brock",Hitter,2026,-1.073222497738767,0.08667616498305261,-2.314657867160146,-0.554898568728088,-0.8157891406498425,-0.9731388013771959,-0.8602966510240202,-0.6075019056070904,-0.4729864434768979,-0.60370427353283,,-0.48859228797314536,-0.5447615657913679,599,3,1,0,0,1,0,10.0,24.0,0.197,0.316
"Paris, Kyren",677347,2026,18,7,0.0,0.092,0.092,0.0,0.151,0.151,0.116,0.203,0.087,0.0,57.1,85.1,0.0,0.0,,,,,,,16.7,44.4,68.8,42.9,14.3,0.0,12.8,68.8,62.2,57.1,42.9,0.0,14.3,14.3,-0.5,0.78,0.0,0.0,0.0,15.0,0.0,0.0,0.0,0.167,0.0,0.0,0.167,0.0,0.0,0.0,8.0,3.0,,,0.059,0.167,0.0,0.167,0.0,0.0,0.0,15.0,0.0,8.0,3.0,0.0,36.7,-0.568,"Paris, Kyren",Hitter,2026,-1.6784043718633759,-0.7437814153543704,-0.9329608310372155,-1.8009330519932234,-0.8333187008832434,1.96366939418131,-0.8654063891614773,-0.8500732378141767,0.4817363404083222,-1.3114511643443327,,-1.1578473379207026,-1.2466142824751738,600,0,0,0,0,0,0,3.0,8.0,0.0,0.0
"Triantos, James",701649,2026,9,6,0.125,0.098,-0.027,0.125,0.116,-0.009,0.176,0.159,-0.017,0.0,16.7,77.5,33.3,0.0,,,,,20.0,,11.1,22.2,83.3,33.3,33.3,0.167,36.4,100.0,80.0,66.7,16.7,0.0,0.0,33.3,-0.08,0.78,0.0,2.0,0.0,8.0,1.0,0.0,0.0,0.222,0.125,0.0,0.347,0.125,0.0,0.0,2.0,1.0,,,0.018,0.222,0.0,0.347,0.0,2.0,0.0,8.0,1.0,2.0,1.0,0.0,55.7,-0.091,"Triantos, James",Hitter,2026,-2.0555199436447444,-0.9360555564809202,0.7739551408949908,-1.3886154643699216,-0.4697708647383618,-0.375098380266578,-0.8777770702291037,-1.3796412262355073,-0.5970051237429537,-1.346318059981278,,-1.5296666417183258,-1.6194168923811316,601,0,0,0,0,0,0,1.0,2.0,0.125,0.167
"Wallner, Matt",670242,2026,135,67,0.167,0.2,0.033,0.292,0.333,0.041,0.253,0.281,0.028,10.4,40.3,88.4,26.9,5.2,,,,,17.0,,7.4,39.3,68.2,44.8,17.9,0.254,31.6,71.6,59.0,50.7,20.9,23.9,16.4,17.9,-1.27,0.77,4.0,14.0,10.0,120.0,20.0,3.0,0.0,0.259,0.292,0.125,0.551,0.167,0.0,0.0,53.0,10.0,0.77,,0.133,0.259,0.125,0.551,4.0,14.0,10.0,120.0,20.0,53.0,10.0,4.56,80.1,-1.46,"Wallner, Matt",Hitter,2026,-0.20391861319688906,0.12132538302599269,-4.609342870697724,-0.4923289334903336,-1.5131607760221,0.6086977065837617,-0.8824116542660663,-0.09381441096870205,0.10912489852177173,-0.20773742379162347,,-0.13567290416096311,-0.1553279688738404,602,3,0,0,5,0,0,10.0,53.0,0.167,0.254
"Wisdom, Patrick",621550,2026,50,26,0.106,0.158,0.052,0.191,0.359,0.168,0.151,0.236,0.085,19.2,42.3,92.7,26.9,10.0,,,,,40.0,,6.0,42.0,69.7,34.6,23.1,0.16,40.4,72.7,62.5,26.9,42.3,15.4,30.8,23.1,-0.72,0.78,1.0,3.0,4.0,47.0,5.0,1.0,0.0,0.16,0.191,0.085,0.351,0.106,0.0,0.0,21.0,3.0,,,0.201,0.16,0.085,0.351,1.0,3.0,4.0,47.0,5.0,21.0,3.0,1.88,47.8,-0.818,"Wisdom, Patrick",Hitter,2026,-0.22916023473009955,0.6424924966120811,-5.620053569860852,-1.26922512873743,-1.023857399072385,1.745927506051106,-0.8899763534519789,-0.11674405439039764,0.5319711039862131,-0.25685721008460694,,-0.07832219658567073,-0.03485735288634877,603,1,0,0,0,0,0,3.0,21.0,0.106,0.16
"Fulford, Braxton",690924,2026,85,42,0.176,0.138,-0.038,0.27,0.226,-0.044,0.242,0.209,-0.033,7.1,35.7,87.6,23.8,3.5,,,,,82.0,,9.4,40.0,78.4,28.6,35.7,0.293,28.6,79.4,66.0,33.3,40.5,14.3,19.0,35.7,-0.32,0.78,1.0,12.0,7.0,74.0,13.0,4.0,0.0,0.259,0.27,0.094,0.529,0.176,4.0,2.0,34.0,8.0,,,0.088,0.259,0.094,0.529,1.0,12.0,7.0,74.0,13.0,34.0,8.0,0.84,76.6,-0.364,"Fulford, Braxton",Hitter,2026,-1.1664743092702745,-0.21299050737672784,-2.286214825362875,-0.6543007190874361,-0.6778391231609042,-0.7310974362877561,-0.9161876664053269,-0.7638086294925331,-0.533999246442232,-0.9124153144465307,,-0.7344709422403626,-0.7862484492135361,604,4,0,4,1,2,0,8.0,34.0,0.176,0.293
"Arias, Gabriel",672356,2026,147,79,0.245,0.221,-0.024,0.374,0.373,-0.001,0.288,0.275,-0.013,10.1,43.0,89.6,36.7,5.4,,,,,34.0,,5.4,40.8,67.4,32.9,20.3,0.392,38.4,68.6,55.3,55.7,17.7,21.5,15.2,20.3,0.42,0.793,5.0,14.0,13.0,139.0,34.0,3.0,0.0,0.286,0.374,0.129,0.66,0.245,4.0,0.0,60.0,8.0,0.793,,0.152,0.286,0.129,0.66,5.0,14.0,13.0,139.0,34.0,60.0,8.0,4.99,91.1,0.47,"Arias, Gabriel",Hitter,2026,0.033402720277201495,0.4547173078138663,-6.357956492875276,-0.2290317290872883,-0.042202026001928655,-0.28777148880706266,-0.9217514431432102,-0.1327452272296549,-0.2839146550265981,-0.16942657215960788,,0.0020334325622187455,0.021987506679519354,605,3,0,4,0,0,0,8.0,60.0,0.245,0.392
"Veen, Zac",691728,2026,79,40,0.232,0.194,-0.038,0.435,0.338,-0.097,0.327,0.275,-0.052,7.5,37.5,87.4,37.5,3.8,,,,,78.0,,8.9,39.2,67.0,40.0,15.0,0.371,41.8,71.4,63.7,40.0,42.5,17.5,30.0,15.0,-0.26,0.78,3.0,10.0,13.0,69.0,16.0,3.0,1.0,0.312,0.435,0.203,0.747,0.232,2.0,0.0,31.0,7.0,,,0.144,0.312,0.203,0.747,3.0,10.0,13.0,69.0,16.0,31.0,7.0,2.33,103.5,-0.295,"Veen, Zac",Hitter,2026,-0.19794230711981853,0.1925895133751509,-5.142717199446999,0.14638451463668398,-0.6252504424607012,-1.1144846190468025,-0.9343910829772221,-0.23815663130317793,-0.6267447403412427,-0.2226058353499859,,-0.07654227444614566,-0.08882572116718647,606,3,1,2,1,0,2,7.0,31.0,0.232,0.371
"Black, Tyler",672012,2026,28,20,0.333,0.17,-0.163,0.481,0.229,-0.252,0.364,0.191,-0.173,0.0,15.0,83.6,25.0,0.0,,,,,67.0,,3.6,25.0,83.3,30.0,30.0,0.45,32.0,83.3,76.9,45.0,35.0,15.0,10.0,30.0,0.14,0.78,0.0,2.0,7.0,27.0,9.0,4.0,0.0,0.357,0.481,0.148,0.838,0.333,0.0,0.0,7.0,1.0,,,0.059,0.357,0.148,0.838,0.0,2.0,7.0,27.0,9.0,7.0,1.0,0.0,115.2,0.159,"Black, Tyler",Hitter,2026,-1.1981665566749669,-1.0175526680015983,-0.590788323157362,0.17246078522740946,-0.27923216654922045,-3.5988896826671115,-0.9536134883801874,-1.096311477921627,-1.8461961531953524,-1.1335311394661352,,-1.005718769016729,-1.068704831085874,607,4,0,0,0,0,0,1.0,7.0,0.333,0.45
"Helman, Michael",680737,2026,35,26,0.167,0.147,-0.02,0.3,0.208,-0.092,0.239,0.2,-0.039,0.0,7.7,82.9,26.9,0.0,,,,,96.0,,2.9,17.1,82.9,38.5,19.2,0.167,43.3,82.9,79.1,34.6,42.3,11.5,19.2,19.2,-0.24,0.78,1.0,2.0,2.0,30.0,5.0,1.0,0.0,0.235,0.3,0.133,0.535,0.167,0.0,1.0,6.0,1.0,,,0.061,0.235,0.133,0.535,1.0,2.0,2.0,30.0,5.0,6.0,1.0,0.69,75.6,-0.273,"Helman, Michael",Hitter,2026,-1.3071819287006592,-1.1407843528248651,-1.0634351340022778,-0.6627451818359837,-0.6084830370200568,-0.8687460311136812,-0.961602306929251,-0.826668252920343,-0.7365770089503679,-1.0470741299660786,,-1.0967080445899953,-1.2007328301754767,608,1,0,0,2,1,1,1.0,6.0,0.167,0.167
"Dunn, Oliver",686554,2026,12,8,0.091,0.174,0.083,0.091,0.192,0.101,0.132,0.207,0.075,0.0,25.0,82.6,0.0,0.0,,,,,79.0,,8.3,25.0,71.4,25.0,0.0,0.125,28.6,71.4,70.0,87.5,0.0,0.0,0.0,0.0,-0.18,0.78,0.0,4.0,1.0,11.0,1.0,0.0,0.0,0.167,0.091,0.0,0.258,0.091,0.0,0.0,3.0,1.0,,,0.018,0.167,0.0,0.258,0.0,4.0,1.0,11.0,1.0,3.0,1.0,0.0,41.8,-0.205,"Dunn, Oliver",Hitter,2026,-1.367400866438464,-1.4872657609117632,-1.2450566597308534,-1.6274291171456052,-0.5566565111126103,1.5829138925465518,-0.9675504971800433,-1.0185942817073443,0.06103434865053242,-1.1621609720585615,,-1.5263543637229304,-1.5961694980067562,609,0,0,0,0,0,0,1.0,3.0,0.091,0.125
"Ritter, Ryan",690022,2026,21,12,0.158,0.184,0.026,0.158,0.241,0.083,0.168,0.21,0.042,0.0,33.3,89.2,33.3,0.0,,,,,70.0,,4.8,38.1,73.3,25.0,8.3,0.273,29.7,76.7,68.3,41.7,16.7,41.7,16.7,8.3,-0.14,0.78,0.0,2.0,1.0,19.0,3.0,0.0,0.0,0.2,0.158,0.0,0.358,0.158,0.0,0.0,8.0,1.0,,,0.057,0.2,0.0,0.358,0.0,2.0,1.0,19.0,3.0,8.0,1.0,0.0,53.2,-0.159,"Ritter, Ryan",Hitter,2026,-1.0463834876136413,-0.2606691172353536,-3.241946912241911,-1.4055153328180727,-0.5215973906458083,0.8555647953056879,-0.9774522916434909,-0.6314920475041552,0.0372905175141435,-1.0611061799301504,,-0.8863865757237487,-0.9558120197380702,610,0,0,0,0,0,1,1.0,8.0,0.158,0.273
"Sabato, Aaron",693306,2026,6,3,0.0,0.088,0.088,0.0,0.165,0.165,0.0,0.106,0.106,0.0,66.7,92.2,33.3,0.0,,,,,,,0.0,50.0,81.8,33.3,33.3,0.0,22.2,81.8,76.9,66.7,33.3,0.0,0.0,33.3,-0.19,0.78,0.0,0.0,0.0,6.0,0.0,0.0,0.0,0.0,0.0,0.0,0.0,0.0,0.0,0.0,3.0,0.0,,,0.077,0.0,0.0,0.0,0.0,0.0,0.0,6.0,0.0,3.0,0.0,0.0,0.0,-0.216,"Sabato, Aaron",Hitter,2026,-1.9511004436325854,0.5240713221052129,-2.6224358952626505,-2.4182439827365125,-0.5650402138329325,2.1408411457471783,-0.9814827349955535,-1.1460050449952803,0.46957519963318084,-2.0209539273848978,,-1.264235396750786,-1.303533668531377,611,0,0,0,0,0,0,0.0,3.0,0.0,0.0
"Williams, Carson",700246,2026,40,25,0.108,0.166,0.058,0.216,0.28,0.064,0.166,0.217,0.051,4.0,24.0,84.5,24.0,2.5,,,,,59.0,,5.0,32.5,77.4,24.0,24.0,0.13,39.7,77.4,67.1,32.0,32.0,12.0,12.0,24.0,-0.49,0.78,1.0,7.0,6.0,37.0,4.0,1.0,0.0,0.154,0.216,0.108,0.37,0.108,0.0,0.0,13.0,2.0,,,0.114,0.154,0.108,0.37,1.0,7.0,6.0,37.0,4.0,13.0,2.0,1.3,52.5,-0.557,"Williams, Carson",Hitter,2026,-0.7868756763672214,-0.6664159635625801,-3.5768296190558786,-1.1060421542559091,-0.8249349981629214,1.0601103492035087,-1.0089153426970305,-0.5240407527997932,0.04083922979002849,-0.8361636034238713,,-0.8075573418705945,-0.8436010275192893,612,1,0,0,0,0,1,2.0,13.0,0.108,0.13
"Outman, James",681546,2026,170,86,0.172,0.162,-0.01,0.318,0.273,-0.045,0.247,0.225,-0.022,7.0,37.2,86.5,33.7,3.5,,,,,65.0,,5.9,41.8,71.2,54.7,14.0,0.272,30.2,73.7,60.5,37.2,30.2,22.1,32.6,14.0,-0.3,0.78,5.0,23.0,17.0,157.0,27.0,4.0,2.0,0.235,0.318,0.146,0.553,0.172,6.0,0.0,71.0,10.0,,,0.111,0.235,0.146,0.553,5.0,23.0,17.0,157.0,27.0,71.0,10.0,4.29,78.2,-0.341,"Outman, James",Hitter,2026,-0.8029323850126204,0.04169499746031588,-4.502694466259792,-0.3750372247624221,-0.6603095629275032,-0.4575058971199762,-1.0358353964191718,-0.5559267645175523,-0.4358172410650179,-0.7535005515859905,,-0.5124901616060693,-0.5489588704441812,613,4,2,6,3,0,0,10.0,71.0,0.172,0.272
"Morel, Christopher",666624,2026,105,63,0.173,0.173,0.0,0.245,0.234,-0.011,0.216,0.211,-0.005,3.2,38.1,87.2,25.4,1.9,,,,,57.0,,5.7,33.3,71.3,57.1,4.8,0.258,34.7,75.4,68.6,46.0,22.2,19.0,25.4,4.8,-0.67,2.0,1.0,6.0,6.0,98.0,17.0,4.0,0.0,0.229,0.245,0.072,0.474,0.173,1.0,0.0,35.0,6.0,0.771,,0.061,0.229,0.072,0.474,1.0,6.0,6.0,98.0,17.0,35.0,6.0,0.96,68.4,-0.319,"Morel, Christopher",Hitter,2026,-1.0917701374229587,-0.29120928287696796,-3.3613629472167292,-0.8971182743224796,-0.6435421574868588,-0.10565317675437773,-1.0448761075861381,-0.7796221305765483,-0.39957449580836346,-0.9699937773826728,,-0.8886417057713131,-0.9491381464886868,614,4,0,1,1,0,0,6.0,35.0,0.173,0.258
"De Los Santos, Deyvison",691277,2026,39,24,0.132,0.17,0.038,0.184,0.225,0.041,0.169,0.187,0.018,4.2,16.7,84.7,25.0,2.9,,,,,82.0,,0.0,25.6,89.2,37.5,25.0,0.179,40.7,94.6,70.0,50.0,20.8,16.7,8.3,25.0,-0.4,0.78,0.0,0.0,0.0,38.0,5.0,2.0,0.0,0.154,0.184,0.052,0.338,0.147,0.0,0.0,10.0,0.0,,,0.055,0.154,0.052,0.338,0.0,0.0,0.0,38.0,5.0,10.0,0.0,0.0,53.5,-0.455,"De Los Santos, Deyvison",Hitter,2026,-1.2378148997380767,-0.7797891338504226,-2.462709200821716,-1.3212889196111606,-0.7471952093017517,0.5694119493857067,-1.0507895957611395,-0.7657496315239192,-0.18826270567758957,-1.12917668937307,,-1.1099966825348093,-1.1989102896886237,615,2,0,0,1,0,0,0.0,10.0,0.132,0.179
"Rortvedt, Ben",666163,2026,28,19,0.185,0.22,0.035,0.185,0.251,0.066,0.165,0.204,0.039,0.0,5.3,85.5,36.8,0.0,,,,,18.0,,0.0,32.1,81.8,21.1,26.3,0.278,36.2,81.8,72.0,31.6,26.3,36.8,10.5,26.3,-0.12,1.25,0.0,0.0,1.0,27.0,5.0,0.0,0.0,0.185,0.185,0.0,0.37,0.185,0.0,0.0,9.0,0.0,,1.125,0.031,0.185,0.0,0.37,0.0,0.0,1.0,27.0,5.0,9.0,0.0,0.0,52.2,-0.089,"Rortvedt, Ben",Hitter,2026,-0.9882423336419608,-0.8604349756653437,-3.0445880558955802,-1.4192106353518448,-0.4682465551528487,0.8187183360001672,-1.0536702041459407,-0.8156205147401219,-0.17986615931297206,-1.0820858910248132,,-1.2136016507905172,-1.2731659276565441,616,0,0,0,0,0,1,0.0,9.0,0.185,0.278
"Bowen, Jase",687749,2026,99,55,0.151,0.197,0.046,0.258,0.327,0.069,0.202,0.248,0.046,9.1,34.5,87.9,27.3,5.1,,,,,96.0,,3.0,39.4,74.7,47.3,20.0,0.231,44.2,74.7,63.4,45.5,30.9,21.8,18.2,20.0,-0.27,0.78,2.0,14.0,7.0,93.0,14.0,2.0,1.0,0.194,0.258,0.107,0.452,0.151,6.0,0.0,39.0,3.0,,,0.13,0.194,0.107,0.452,2.0,14.0,7.0,93.0,14.0,39.0,3.0,2.53,63.9,-0.307,"Bowen, Jase",Hitter,2026,-0.36449313385325943,-0.05696986850189356,-5.757886122874769,-0.8439584711251705,-0.63439629997378,0.961615968668753,-1.0600719793941873,-0.2542957272251043,0.08821331605840632,-0.5197616458953016,,-0.4154514629821137,-0.43808088727137656,617,2,1,6,2,0,1,3.0,39.0,0.151,0.231
"Jackson, Alex",656577,2026,73,45,0.304,0.187,-0.117,0.406,0.258,-0.148,0.331,0.222,-0.109,2.2,33.3,86.1,24.4,1.4,,,,,58.0,,2.7,32.9,81.3,44.4,17.8,0.455,41.0,85.4,72.5,53.3,24.4,20.0,20.0,17.8,0.36,1.35,1.0,12.0,5.0,69.0,21.0,4.0,0.0,0.342,0.406,0.102,0.748,0.304,0.0,0.0,24.0,2.0,,,0.071,0.342,0.102,0.748,1.0,12.0,5.0,69.0,21.0,24.0,2.0,0.64,104.7,0.248,"Jackson, Alex",Hitter,2026,-0.8948187319032775,-0.4895426647948028,-3.21595854266557,-0.09622018892208282,-0.21140038999388616,-2.3253243165519564,-1.0721124963275122,-0.7962108060503953,-1.2759052820263457,-0.9347656155951658,,-0.7439248671559691,-0.8029415766890912,618,4,0,0,2,0,0,2.0,24.0,0.304,0.455
"Price, Collin",805672,2026,13,6,0.167,0.259,0.092,0.25,0.361,0.111,0.219,0.302,0.083,0.0,50.0,93.0,33.3,0.0,,,,,,,7.7,46.2,58.8,33.3,50.0,0.333,32.1,70.6,46.2,50.0,33.3,16.7,0.0,50.0,-0.01,0.78,0.0,1.0,0.0,12.0,2.0,1.0,0.0,0.231,0.25,0.083,0.481,0.167,0.0,0.0,6.0,1.0,,,0.102,0.231,0.083,0.481,0.0,1.0,0.0,12.0,2.0,6.0,1.0,0.0,69.3,-0.011,"Price, Collin",Hitter,2026,0.07736620632855018,0.19599166577829752,-7.5326774488347485,-0.919212605163934,-0.4087984813178366,1.7511979926765624,-1.0750036722261325,-0.13114384586943276,0.408777271652875,-0.3117999235025761,,-0.26358145572764213,-0.2518637806852405,619,1,0,0,0,0,0,1.0,6.0,0.167,0.333
"Rincones Jr., Gabriel",687282,2026,89,56,0.167,0.15,-0.017,0.286,0.276,-0.01,0.215,0.205,-0.01,8.9,35.7,90.1,23.2,5.6,,,,,47.0,,2.2,32.6,81.7,28.6,21.4,0.222,46.6,83.5,71.2,44.6,32.1,16.1,19.6,21.4,-0.68,0.78,2.0,7.0,7.0,84.0,14.0,4.0,0.0,0.202,0.286,0.119,0.488,0.167,0.0,1.0,29.0,2.0,,,0.126,0.202,0.119,0.488,2.0,7.0,7.0,84.0,14.0,29.0,2.0,1.93,68.0,-0.773,"Rincones Jr., Gabriel",Hitter,2026,-0.8640532078554701,-0.08531564057608865,-4.026474082297406,-0.7738055504022922,-0.9895604333983394,-0.257487095522317,-1.0778231278761057,-0.6337122365381272,-0.4303957449556548,-0.8476225402866258,,-0.6339474207784827,-0.6575724125103624,620,4,0,0,2,1,0,2.0,29.0,0.167,0.222
"Johnson, Ivan",671155,2026,19,9,0.063,0.134,0.071,0.063,0.184,0.121,0.157,0.226,0.069,0.0,22.2,84.5,11.1,0.0,,,,,,,15.8,36.8,78.9,33.3,33.3,0.111,32.5,78.9,53.1,44.4,44.4,0.0,0.0,33.3,-0.15,0.78,0.0,0.0,0.0,16.0,1.0,0.0,0.0,0.211,0.063,0.0,0.274,0.063,2.0,0.0,7.0,3.0,,,0.05,0.211,0.0,0.274,0.0,0.0,0.0,16.0,1.0,7.0,3.0,0.0,49.7,-0.17,"Johnson, Ivan",Hitter,2026,-1.367145295709741,-1.2035998024740657,-2.6772723999540515,-1.5408873458991843,-0.5299810933661305,1.5455082263050446,-1.1136775330063422,-0.8337320793110365,0.2007032774482951,-0.9947330169568253,,-1.2194887981123776,-1.2981676161042035,621,0,0,2,0,0,0,3.0,7.0,0.063,0.111
"Tromp, Chadwick",644433,2026,51,38,0.163,0.174,0.011,0.184,0.217,0.033,0.15,0.17,0.02,0.0,26.3,85.5,26.3,0.0,,,,,2.0,,0.0,25.5,87.1,34.2,21.1,0.216,45.6,88.7,76.7,47.4,23.7,21.1,7.9,21.1,-0.54,0.78,0.0,2.0,4.0,49.0,8.0,1.0,0.0,0.16,0.184,0.021,0.344,0.163,0.0,1.0,13.0,0.0,,,0.043,0.16,0.021,0.344,0.0,2.0,4.0,49.0,8.0,13.0,0.0,0.0,47.5,-0.614,"Tromp, Chadwick",Hitter,2026,-1.3483064697600475,-0.6934344147267367,-2.503100157194969,-1.4267563851638154,-0.8683778213500455,0.3583772631235127,-1.11624203756183,-0.8345736838717205,-0.27247931315424767,-1.3402732239696216,,-1.210908116913364,-1.3075713853171416,622,1,0,0,0,1,1,0.0,13.0,0.163,0.216
"Garcia, Jhostynxon",691373,2026,50,32,0.167,0.211,0.044,0.188,0.301,0.113,0.175,0.24,0.065,3.1,31.3,83.7,34.4,2.0,,,,,57.0,,2.0,32.0,76.6,34.4,15.6,0.25,46.4,76.6,66.1,53.1,15.6,21.9,15.6,15.6,-0.75,0.78,0.0,2.0,2.0,48.0,8.0,1.0,0.0,0.2,0.188,0.021,0.388,0.167,0.0,0.0,16.0,1.0,,,0.09,0.2,0.021,0.388,0.0,2.0,2.0,48.0,8.0,16.0,1.0,0.0,55.4,-0.852,"Garcia, Jhostynxon",Hitter,2026,-0.5487921428894413,-0.3012389664292754,-5.000948877997776,-1.2986449112351013,-1.049770662026108,1.2898621929923728,-1.1183757442965205,-0.3518454608438417,0.1927446500683555,-0.6731544072020629,,-0.6642949317015456,-0.7105789192856079,623,1,0,0,1,0,0,1.0,16.0,0.167,0.25
"Mauricio, Ronny",677595,2026,58,33,0.196,0.176,-0.02,0.375,0.289,-0.086,0.203,0.218,0.015,9.1,33.3,89.1,27.3,5.6,,,,,14.0,,1.7,32.8,83.9,39.4,18.2,0.235,53.8,83.9,70.6,54.5,18.2,21.2,27.3,18.2,-0.49,0.78,3.0,6.0,6.0,56.0,11.0,1.0,0.0,0.224,0.375,0.179,0.599,0.173,0.0,0.0,19.0,1.0,,,0.113,0.224,0.179,0.599,3.0,6.0,6.0,56.0,11.0,19.0,1.0,2.31,64.2,-0.557,"Mauricio, Ronny",Hitter,2026,-0.7221660119846461,-0.04860839760553427,-4.829006497504018,-0.6051176332074252,-0.8249349981629214,-0.43983433213872186,-1.1318587351541491,-0.5370328554585087,-0.43323280767931277,-0.7295480925133079,,-0.623661517776335,-0.6501810997000755,624,1,0,0,1,0,0,1.0,19.0,0.196,0.235
"Kingery, Scott",664068,2026,4,4,0.25,0.166,-0.084,0.25,0.19,-0.06,0.223,0.156,-0.067,0.0,0.0,77.1,0.0,0.0,,,,,,,0.0,0.0,75.0,50.0,25.0,0.25,44.4,75.0,87.5,25.0,50.0,0.0,50.0,25.0,-0.19,0.77,0.0,2.0,0.0,4.0,1.0,0.0,0.0,0.25,0.25,0.0,0.5,0.25,1.0,0.0,0.0,0.0,,0.77,0.024,0.25,0.0,0.5,0.0,2.0,0.0,4.0,1.0,0.0,0.0,0.0,70.6,-0.218,"Kingery, Scott",Hitter,2026,-1.57198719082728,-2.165617225341686,0.13402035908422372,-1.0641723023180596,-0.5665645234184457,-1.379598959514115,-1.1602593825534886,-1.2293170781482525,-1.2057249545768836,-1.3659207456509908,,-1.7244360360885758,-1.8334291924815862,625,0,0,1,0,0,0,0.0,0.0,0.25,0.25
"Kemp, Otto",805249,2026,27,15,0.08,0.162,0.082,0.08,0.221,0.141,0.119,0.205,0.086,0.0,13.3,81.5,33.3,0.0,,,,,71.0,,3.7,37.0,82.9,13.3,46.7,0.133,33.8,85.7,63.8,26.7,33.3,26.7,6.7,46.7,-0.71,0.76,0.0,0.0,0.0,25.0,2.0,0.0,0.0,0.148,0.08,0.0,0.228,0.08,0.0,0.0,10.0,1.0,0.76,,0.059,0.148,0.0,0.228,0.0,0.0,0.0,25.0,2.0,10.0,1.0,0.0,37.7,-0.826,"Kemp, Otto",Hitter,2026,-1.2003181364634896,-0.8955932709676021,-3.385815767920144,-1.735402005878399,-1.0299546374144373,1.8404185680329748,-1.1663344613173203,-0.9298154339723848,0.19139560203396153,-1.137903750036817,,-1.276824007183455,-1.3098792863429858,626,0,0,0,1,0,0,1.0,10.0,0.08,0.133
"Murray Jr., BJ",681230,2026,11,7,0.091,0.069,-0.022,0.091,0.136,0.045,0.081,0.086,0.005,0.0,42.9,86.5,14.3,0.0,,,,,,,0.0,36.4,77.8,28.6,42.9,0.143,30.0,88.9,91.7,28.6,57.1,0.0,14.3,42.9,-0.22,0.78,0.0,0.0,0.0,11.0,1.0,0.0,0.0,0.091,0.091,0.0,0.182,0.091,0.0,0.0,4.0,0.0,,,0.067,0.091,0.0,0.182,0.0,0.0,0.0,11.0,1.0,4.0,0.0,0.0,25.6,-0.25,"Murray Jr., BJ",Hitter,2026,-2.2148734013188323,-0.6299097075436484,-1.0032285116306325,-1.930559981567051,-0.5909534767866558,0.07022922649055856,-1.1718409908476999,-1.5287424399863738,-0.584490745430942,-2.1631847268173994,,-1.6880693343328548,-1.7485789234678712,627,0,0,0,0,0,0,0.0,4.0,0.091,0.143
"Senger, Hayden",663584,2026,17,13,0.133,0.15,0.017,0.333,0.281,-0.052,0.196,0.181,-0.015,0.0,23.1,82.3,15.4,0.0,,,,,4.0,,0.0,23.5,75.0,30.8,15.4,0.1,46.7,85.0,76.5,61.5,15.4,15.4,7.7,15.4,-0.08,0.78,1.0,2.0,2.0,15.0,2.0,0.0,0.0,0.133,0.333,0.2,0.466,0.133,0.0,0.0,4.0,0.0,,,0.131,0.133,0.2,0.466,1.0,2.0,2.0,15.0,2.0,4.0,0.0,0.84,62.0,-0.091,"Senger, Hayden",Hitter,2026,-0.9214689834864952,-1.1341328287436903,-3.5884089048542394,-0.7493746006075682,-0.4697708647383618,-0.24807812908372748,-1.1796462368218417,-0.8255082797809332,-0.6992392678727324,-1.1871875502495588,,-1.0565037519147398,-1.0814094264140526,628,0,0,0,0,0,2,0.0,4.0,0.133,0.1
"Robinson, Chuckie",642020,2026,26,21,0.087,0.159,0.072,0.087,0.181,0.094,0.077,0.149,0.072,0.0,14.3,85.8,14.3,0.0,,,,,3.0,,0.0,19.2,66.7,28.6,19.0,0.111,27.3,66.7,70.4,52.4,14.3,9.5,4.8,19.0,-0.41,0.78,0.0,1.0,1.0,23.0,2.0,0.0,0.0,0.087,0.087,0.0,0.174,0.087,0.0,0.0,5.0,0.0,,,0.022,0.087,0.0,0.174,0.0,1.0,1.0,23.0,2.0,5.0,0.0,0.0,24.4,-0.466,"Robinson, Chuckie",Hitter,2026,-1.6573263921542574,-1.2496338566705611,-2.3379573941040377,-1.9416695501509398,-0.755578912022074,1.4514841075645084,-1.23661189145668,-1.02762455514175,0.031424493986426105,-1.536383900073878,,-1.6253472964884297,-1.7320881654912486,629,0,0,0,0,0,3,0.0,5.0,0.087,0.111
"Navarreto, Brian",640459,2026,58,34,0.14,0.128,-0.012,0.26,0.193,-0.067,0.207,0.178,-0.029,5.9,23.5,85.4,17.6,3.4,,,,,15.0,,3.4,34.5,80.5,52.9,8.8,0.2,38.7,83.1,69.6,52.9,20.6,11.8,26.5,8.8,0.02,0.78,1.0,8.0,3.0,50.0,7.0,3.0,0.0,0.2,0.26,0.12,0.46,0.14,0.0,1.0,20.0,2.0,,,0.065,0.2,0.12,0.46,1.0,8.0,3.0,50.0,7.0,20.0,2.0,0.74,65.5,0.023,"Navarreto, Brian",Hitter,2026,-1.491207039850801,-0.7410502321549755,-3.368988460421689,-0.8461454916840406,-0.3828852183641134,-0.624080840742399,-1.2539785051202057,-1.0987606164134063,-0.7564778939670089,-1.2705136954394607,,-1.2141628203110992,-1.2824151544063305,630,3,0,0,2,1,3,2.0,20.0,0.14,0.2
"Haggerty, Sam",664059,2026,47,28,0.159,0.156,-0.003,0.182,0.181,-0.001,0.186,0.182,-0.004,0.0,7.1,83.4,21.4,0.0,,,,,72.0,,4.3,34.0,80.3,39.3,10.7,0.25,33.8,83.6,70.5,53.6,21.4,10.7,14.3,10.7,-0.3,1.25,0.0,3.0,1.0,44.0,7.0,1.0,0.0,0.213,0.182,0.023,0.395,0.159,2.0,0.0,16.0,2.0,,,0.025,0.213,0.023,0.395,0.0,3.0,1.0,44.0,7.0,16.0,2.0,0.0,58.9,-0.222,"Haggerty, Sam",Hitter,2026,-1.5370983200230406,-1.2827521657044096,-2.518730782359296,-1.2433504611281356,-0.5696131425894718,-0.07357521910983554,-1.2694560358396876,-1.0760457689515386,-0.5698554616190614,-1.374924939716834,,-1.4543987135938157,-1.5566290703330987,631,1,0,2,1,0,0,2.0,16.0,0.159,0.25
"Farmer, Kyle",571657,2026,17,13,0.25,0.25,0.0,0.313,0.288,-0.025,0.231,0.227,-0.004,0.0,23.1,79.9,30.8,0.0,,,,,4.0,,0.0,23.5,75.0,46.2,7.7,0.308,59.3,75.0,75.0,53.8,7.7,30.8,23.1,7.7,-0.11,2.625,0.0,2.0,3.0,16.0,4.0,1.0,0.0,0.235,0.313,0.063,0.548,0.25,0.0,1.0,4.0,0.0,2.625,2.5,0.038,0.235,0.063,0.548,0.0,2.0,3.0,16.0,4.0,4.0,0.0,0.0,73.1,-0.04,"Farmer, Kyle",Hitter,2026,-0.6581041364709727,-0.7998293759305084,-5.217768572740032,-0.8328865147134984,-0.430900970307777,-0.1621736284608485,-1.2913976322987368,-0.662916519048298,-0.6018991507635841,-0.8216735079878503,,-1.0254915817793089,-1.097867749719184,632,1,0,0,0,1,0,0.0,4.0,0.25,0.308
"Martinez, Omar",683079,2026,3,2,0.333,0.116,-0.217,0.333,0.136,-0.197,0.297,0.111,-0.186,0.0,50.0,88.8,0.0,0.0,,,,,,,0.0,33.3,66.7,50.0,0.0,0.5,28.6,100.0,100.0,50.0,50.0,0.0,50.0,0.0,0.01,0.78,0.0,0.0,0.0,3.0,1.0,0.0,0.0,0.333,0.333,0.0,0.666,0.333,0.0,0.0,1.0,0.0,,,0.02,0.333,0.0,0.666,0.0,0.0,0.0,3.0,1.0,1.0,0.0,0.0,94.0,0.011,"Martinez, Omar",Hitter,2026,-2.0990981583651647,-0.7893476032903807,-0.6873774170934328,-0.6303698262843681,-0.39203107587719216,-3.8230112281733244,-1.3018103771610892,-1.857630964903273,-2.2219297114954473,-2.0601391554406243,,-1.6584452091432185,-1.7245369838585554,633,0,0,0,0,0,0,0.0,1.0,0.333,0.5
"Misner, Kameron",670224,2026,44,25,0.22,0.185,-0.035,0.244,0.242,-0.002,0.227,0.209,-0.018,0.0,20.0,81.8,28.0,0.0,,,,,94.0,,4.5,38.6,71.4,40.0,20.0,0.375,30.1,72.9,65.3,28.0,40.0,20.0,24.0,20.0,-0.65,0.76,0.0,2.0,4.0,41.0,9.0,1.0,0.0,0.256,0.244,0.024,0.5,0.22,3.0,0.0,17.0,2.0,0.76,,0.057,0.256,0.024,0.5,0.0,2.0,4.0,41.0,9.0,17.0,2.0,0.0,71.8,-0.756,"Misner, Kameron",Hitter,2026,-1.0433479141626645,-0.8847516771605488,-3.886463626630954,-0.9715225676644353,-0.9766038019214778,-0.4066621472852682,-1.304811838037759,-0.754196438620007,-0.5798929673895007,-1.1026165629576483,,-1.0330921307213827,-1.112782988858754,634,1,0,3,0,0,1,2.0,17.0,0.22,0.375
"Teodosio, Bryce",669326,2026,72,39,0.197,0.163,-0.034,0.227,0.227,0.0,0.223,0.209,-0.014,5.1,17.9,81.4,17.9,2.9,,,,,95.0,,6.9,36.1,71.3,28.2,23.1,0.325,37.5,76.2,66.4,51.3,20.5,10.3,10.3,23.1,-0.16,0.78,0.0,7.0,6.0,66.0,13.0,2.0,0.0,0.254,0.227,0.03,0.481,0.194,5.0,0.0,24.0,5.0,,,0.064,0.254,0.03,0.481,0.0,7.0,6.0,66.0,13.0,26.0,5.0,0.0,70.6,-0.182,"Teodosio, Bryce",Hitter,2026,-1.1477221341836255,-0.9951905897159228,-3.9906070616220473,-0.9498321201362168,-0.5391269508792094,-0.36077142650084704,-1.317024366490836,-0.9330856604200337,-0.6510360456770247,-0.9948615243997118,,-1.147545014783756,-1.204722085703914,635,2,0,5,0,0,1,5.0,26.0,0.197,0.325
"Carlson, Dylan",666185,2026,4,2,0.0,0.067,0.067,0.0,0.096,0.096,0.0,0.07,0.07,0.0,0.0,84.4,50.0,0.0,,,,,,,0.0,50.0,80.0,100.0,0.0,0.0,11.1,80.0,66.7,50.0,50.0,0.0,50.0,0.0,-0.22,1.0,0.0,1.0,0.0,4.0,0.0,0.0,0.0,0.0,0.0,0.0,0.0,0.0,0.0,0.0,2.0,0.0,1.0,0.975,0.029,0.0,0.0,0.0,0.0,1.0,0.0,4.0,0.0,2.0,0.0,0.0,0.0,-0.2,"Carlson, Dylan",Hitter,2026,-2.523827114589355,-0.6583526910169689,-2.58827570521931,-2.4124542466253653,-0.5528457371488275,1.4106836958351634,-1.4269530137588002,-1.7613706971125649,-0.13353969582328684,-2.281793297203122,,-2.021719683691446,-2.0762251417228734,636,0,0,0,0,0,0,0.0,2.0,0.0,0.0
"Ross, Ben",805346,2026,21,10,0.19,0.16,-0.03,0.381,0.275,-0.106,0.239,0.186,-0.053,20.0,30.0,78.9,50.0,9.5,,,,,87.0,,0.0,52.4,72.4,40.0,10.0,0.4,34.0,72.4,57.8,40.0,20.0,20.0,20.0,10.0,-0.28,0.78,0.0,5.0,1.0,21.0,4.0,2.0,1.0,0.19,0.381,0.191,0.571,0.19,1.0,0.0,11.0,0.0,,,0.115,0.19,0.191,0.571,0.0,5.0,1.0,21.0,4.0,11.0,0.0,0.0,75.6,-0.318,"Ross, Ben",Hitter,2026,-0.935352747496156,0.6333599339347153,-7.152337807170273,-0.4916045408466408,-0.6427800026941022,-1.1069278262184932,-1.4287283351808924,-0.6567250159483249,-0.7358797434029928,-0.7795508125932725,,-0.4936907084150512,-0.5372798483060224,637,2,1,1,0,0,0,0.0,11.0,0.19,0.4
"Kjerstad, Heston",677008,2026,19,10,0.211,0.217,0.006,0.263,0.249,-0.014,0.207,0.205,-0.002,0.0,20.0,82.5,40.0,0.0,,,,,60.0,,0.0,47.4,78.3,30.0,10.0,0.4,42.4,91.3,70.3,40.0,20.0,40.0,30.0,10.0,-0.21,0.78,0.0,1.0,2.0,19.0,4.0,1.0,0.0,0.211,0.263,0.052,0.474,0.211,0.0,0.0,9.0,0.0,,,0.032,0.211,0.052,0.474,0.0,1.0,2.0,19.0,4.0,9.0,0.0,0.0,65.5,-0.239,"Kjerstad, Heston",Hitter,2026,-0.9985034721387601,-0.5524141335474964,-5.7584135261253975,-1.030975608389513,-0.5825697740663335,-0.054972505526182325,-1.4422712928806773,-0.815338965076441,-0.5576585370824884,-1.2116695014002614,,-1.1126461675375285,-1.1968690855726212,638,1,0,0,0,0,0,0.0,9.0,0.211,0.4
"Campero, Gustavo",672569,2026,12,8,0.364,0.197,-0.167,0.455,0.242,-0.213,0.328,0.18,-0.148,0.0,25.0,88.2,25.0,0.0,,,,,,,0.0,33.3,77.8,25.0,25.0,0.5,36.7,77.8,65.5,25.0,37.5,12.5,50.0,25.0,0.05,0.78,0.0,0.0,2.0,11.0,4.0,1.0,0.0,0.333,0.455,0.091,0.788,0.364,0.0,1.0,4.0,0.0,,,0.045,0.333,0.091,0.788,0.0,0.0,2.0,11.0,4.0,4.0,0.0,0.0,103.8,0.057,"Campero, Gustavo",Hitter,2026,-1.1443102351230152,-0.6791262770017668,-4.288250270232364,-0.18493837303197325,-0.3569719554103902,-3.262900019381331,-1.45486830814993,-1.0929498544355847,-1.7624193762424167,-1.3145386369224707,,-1.0588737317388621,-1.1237301414971181,639,1,0,0,0,1,0,0.0,4.0,0.364,0.5
"Banfield, Will",677943,2026,18,13,0.176,0.176,0.0,0.235,0.224,-0.011,0.169,0.176,0.007,0.0,15.4,84.5,23.1,0.0,,,,,,,0.0,27.8,78.9,38.5,30.8,0.231,58.1,84.2,75.7,23.1,30.8,23.1,23.1,30.8,-0.13,0.78,0.0,1.0,1.0,17.0,3.0,1.0,0.0,0.167,0.235,0.059,0.402,0.176,0.0,1.0,5.0,0.0,,,0.048,0.167,0.059,0.402,0.0,1.0,1.0,17.0,3.0,5.0,0.0,0.0,53.5,-0.148,"Banfield, Will",Hitter,2026,-1.2816083901195605,-1.033523731785378,-5.055545650754814,-1.2384915090335673,-0.513213687925486,-0.016430482653423336,-1.5241768349131137,-1.06075515801408,-0.667583081733124,-1.3300882659842417,,-1.4158349902395697,-1.4874070178856322,640,1,0,0,0,1,0,0.0,5.0,0.176,0.231
"Johnson, Bryce",669369,2026,49,28,0.178,0.147,-0.031,0.222,0.166,-0.056,0.208,0.172,-0.036,0.0,7.1,79.1,17.9,0.0,,,,,73.0,,6.1,36.7,76.4,28.6,17.9,0.296,39.6,80.0,69.9,53.6,28.6,3.6,10.7,17.9,-0.08,0.78,0.0,5.0,2.0,45.0,8.0,2.0,0.0,0.229,0.222,0.044,0.451,0.178,5.0,0.0,18.0,3.0,,,0.019,0.229,0.044,0.451,0.0,5.0,2.0,45.0,8.0,18.0,3.0,0.0,65.8,-0.091,"Johnson, Bryce",Hitter,2026,-1.6718458459516303,-1.4941723981106274,-3.5788174570276814,-1.0415430264679335,-0.4697708647383618,-0.7591291778138197,-1.5327400178895934,-1.2774148101410263,-0.9669411018926174,-1.4772007281599926,,-1.6235695575828797,-1.729326966858365,641,2,0,5,0,0,1,3.0,18.0,0.178,0.296
"León, Sandy",506702,2026,44,26,0.091,0.135,0.044,0.091,0.17,0.079,0.081,0.132,0.051,0.0,19.2,81.9,23.1,0.0,,,,,1.0,,0.0,40.9,81.2,69.2,3.8,0.154,38.8,82.6,74.0,46.2,15.4,19.2,26.9,3.8,-0.56,0.78,0.0,0.0,0.0,44.0,4.0,0.0,0.0,0.091,0.091,0.0,0.182,0.091,0.0,0.0,18.0,0.0,,,0.035,0.091,0.0,0.182,0.0,0.0,0.0,44.0,4.0,18.0,0.0,0.0,25.6,-0.636,"León, Sandy",Hitter,2026,-1.8005201103962252,-1.0264588203432523,-4.0422404503883635,-1.930559981567051,-0.88514522679069,1.0304481219241617,-1.5368115669476716,-1.2958851712747128,-0.2854342260783617,-1.8226867060459806,,-1.723218489166262,-1.8029611061954312,642,0,0,0,0,0,0,0.0,18.0,0.091,0.154
"Cabrera, Oswaldo",665828,2026,22,13,0.1,0.123,0.023,0.15,0.141,-0.009,0.108,0.115,0.007,0.0,23.1,83.1,7.7,0.0,,,,,34.0,,0.0,40.9,80.6,30.8,15.4,0.182,34.1,80.6,78.0,84.6,7.7,7.7,0.0,15.4,-0.42,1.2,0.0,1.0,0.0,20.0,2.0,1.0,0.0,0.1,0.15,0.05,0.25,0.1,1.0,0.0,9.0,0.0,,,0.018,0.1,0.05,0.25,0.0,1.0,0.0,20.0,2.0,9.0,0.0,0.0,34.2,-0.323,"Cabrera, Oswaldo",Hitter,2026,-2.0497184654647485,-1.312465522688258,-3.122213714783438,-1.6447103651489188,-0.646590776657885,0.15401188679607283,-1.5392192218798733,-1.4937233460639838,-0.697045115058925,-2.0602152712971624,,-1.9072534301538249,-2.0087097433256065,643,1,0,1,0,0,2,0.0,9.0,0.1,0.182
"Martin Jr., Rudy",657675,2026,3,1,0.0,0.049,0.049,0.0,0.053,0.053,0.233,0.263,0.03,0.0,0.0,85.5,0.0,0.0,,,,,,,33.3,33.3,50.0,0.0,0.0,0.0,25.0,50.0,33.3,100.0,0.0,0.0,0.0,0.0,-0.05,0.78,0.0,0.0,0.0,2.0,0.0,0.0,0.0,0.333,0.0,0.0,0.333,0.0,0.0,0.0,1.0,1.0,,,0.004,0.333,0.0,0.333,0.0,0.0,0.0,2.0,0.0,1.0,1.0,0.0,73.7,-0.057,"Martin Jr., Rudy",Hitter,2026,-2.088502653541634,-1.930816907044168,-3.306841729135362,-1.1805251782902129,-0.4438576017846386,0.7906000678773532,-1.5467198342988069,-1.3037798361856086,-0.19734632634809984,-0.760005024266417,,-1.5834977372786612,-1.710924740569855,644,0,0,0,0,0,0,1.0,1.0,0.0,0.0
"Fedko, Kyler",693459,2026,19,9,0.0,0.097,0.097,0.0,0.136,0.136,0.073,0.166,0.093,0.0,44.4,87.9,22.2,0.0,,,,,,,10.5,42.1,61.5,33.3,22.2,0.0,40.5,65.4,62.8,33.3,44.4,22.2,11.1,22.2,-0.4,0.78,0.0,1.0,1.0,16.0,0.0,0.0,0.0,0.105,0.0,0.0,0.105,0.0,0.0,1.0,8.0,2.0,,,0.039,0.105,0.0,0.105,0.0,1.0,1.0,16.0,0.0,8.0,2.0,0.0,23.1,-0.455,"Fedko, Kyler",Hitter,2026,-1.9057342355626252,-0.3533920549862159,-5.609969842546244,-2.0181158535026107,-0.7471952093017517,1.9748232903162009,-1.5685620161937828,-0.973902866462021,0.32455956767278643,-1.5266219766586884,,-1.3586935064014152,-1.4892721530214912,645,0,0,0,0,1,0,2.0,8.0,0.0,0.0
"Ornelas, Jonathan",680716,2026,22,10,0.19,0.155,-0.035,0.19,0.198,0.008,0.194,0.178,-0.016,0.0,50.0,91.9,30.0,0.0,,,,,,,4.5,50.0,75.0,80.0,20.0,0.4,45.5,78.1,67.3,50.0,20.0,20.0,30.0,20.0,-0.39,0.78,0.0,1.0,1.0,21.0,4.0,0.0,0.0,0.227,0.19,0.0,0.417,0.19,0.0,0.0,11.0,1.0,,,0.043,0.227,0.0,0.417,0.0,1.0,1.0,21.0,4.0,11.0,1.0,0.0,61.4,-0.443,"Ornelas, Jonathan",Hitter,2026,-1.4465595463306435,0.07923202118292295,-6.23610838408177,-1.2543716542991932,-0.7380493517886728,-0.3461090724006685,-1.5777813305221549,-1.0746512011918377,-0.6247378015279947,-1.4719645855298165,,-1.102524597852702,-1.173277862924848,646,0,0,0,0,0,0,1.0,11.0,0.19,0.4
"Cook, Billy",695257,2026,54,31,0.173,0.14,-0.033,0.231,0.194,-0.037,0.198,0.166,-0.032,0.0,22.6,84.7,22.6,0.0,,,,,95.0,,1.9,38.9,70.9,29.0,32.3,0.29,39.7,74.7,70.0,38.7,29.0,12.9,16.1,32.3,-0.33,0.78,0.0,12.0,2.0,52.0,9.0,1.0,1.0,0.204,0.231,0.058,0.435,0.176,6.0,0.0,20.0,1.0,,,0.054,0.204,0.058,0.435,0.0,12.0,2.0,52.0,9.0,21.0,1.0,0.0,62.7,-0.375,"Cook, Billy",Hitter,2026,-1.523235920860595,-0.8898767764785271,-5.0200674794620115,-1.0242180867211732,-0.6862228258812264,-0.6566178857858272,-1.5997112416050372,-1.1792828934679325,-0.8866808894052783,-1.5258522079329786,,-1.37870114101691,-1.457570793415886,647,1,1,6,1,0,0,1.0,21.0,0.173,0.29
"Pache, Cristian",665506,2026,8,4,0.125,0.15,0.025,0.125,0.16,0.035,0.111,0.137,0.026,0.0,25.0,81.8,25.0,0.0,,,,,,,0.0,50.0,71.4,25.0,50.0,0.25,27.3,71.4,70.0,25.0,25.0,25.0,0.0,50.0,-0.08,0.78,0.0,2.0,0.0,8.0,1.0,0.0,0.0,0.125,0.125,0.0,0.25,0.125,0.0,0.0,4.0,0.0,,,0.01,0.125,0.0,0.25,0.0,2.0,0.0,8.0,1.0,4.0,0.0,0.0,35.1,-0.091,"Pache, Cristian",Hitter,2026,-1.8367910941313168,-0.8580217576093994,-4.926271457966505,-1.7377228865438916,-0.4697708647383618,0.5103113014285525,-1.6263472330622495,-1.4206300369285823,-0.5255257443089303,-1.8910671932943415,,-1.7564306961704097,-1.8368682015504574,648,0,0,0,0,0,0,0.0,4.0,0.125,0.25
"Jones, Greg",675659,2026,24,14,0.087,0.174,0.087,0.087,0.205,0.118,0.077,0.164,0.087,0.0,28.6,86.3,21.4,0.0,,,,,69.0,,0.0,41.7,70.0,14.3,21.4,0.154,38.9,76.7,65.9,57.1,14.3,21.4,0.0,21.4,-0.64,0.78,0.0,0.0,1.0,23.0,2.0,0.0,0.0,0.087,0.087,0.0,0.174,0.087,1.0,0.0,10.0,0.0,,,0.031,0.087,0.0,0.174,0.0,0.0,1.0,23.0,2.0,10.0,0.0,0.0,24.4,-0.727,"Jones, Greg",Hitter,2026,-1.4451184911300847,-0.750522832780921,-6.043846805916944,-1.947459286262087,-0.9545013129315374,1.7778502409315815,-1.6277452103655556,-0.983509440607782,0.07850584943535444,-1.581741607757846,,-1.49354007492797,-1.5833434952193801,649,0,0,1,0,0,1,0.0,10.0,0.087,0.154
"Candelario, Jeimer",600869,2026,20,10,0.111,0.167,0.056,0.222,0.213,-0.009,0.198,0.218,0.02,0.0,40.0,91.8,30.0,0.0,,,,,23.0,,5.0,40.0,51.5,60.0,20.0,0.2,35.1,54.5,52.2,40.0,40.0,20.0,30.0,20.0,-0.15,16.0,0.0,3.0,0.0,18.0,2.0,2.0,0.0,0.2,0.222,0.111,0.422,0.111,0.0,0.0,8.0,1.0,,16.0,0.046,0.2,0.111,0.422,0.0,3.0,0.0,18.0,2.0,8.0,1.0,0.0,62.7,-0.009,"Candelario, Jeimer",Hitter,2026,-1.1996435104307024,-0.1334084850146669,-7.779702577230591,-0.9821034620910615,-0.40727417173232344,0.48210862545353,-1.6333800351367362,-0.7109207232773155,-0.22989614481316073,-1.1010536282718153,,-0.9202285185194985,-1.030676193446972,650,2,0,0,1,0,0,1.0,8.0,0.111,0.2
"Mikolas, Miles",571945,2026,1,1,0.0,0.0,0.0,0.0,0.0,0.0,0.0,0.0,0.0,0.0,0.0,0.0,0.0,0.0,,,,,,,0.0,0.0,100.0,0.0,0.0,0.0,50.0,100.0,100.0,100.0,0.0,0.0,0.0,0.0,,0.78,0.0,1.0,1.0,0.0,0.0,0.0,0.0,0.0,0.0,0.0,0.0,,0.0,0.0,0.0,0.0,,,0.0,0.0,0.0,0.0,0.0,1.0,1.0,0.0,0.0,0.0,0.0,0.0,0.0,,"Mikolas, Miles",Hitter,2026,-3.4130551637596107,-4.320748718286758,3.1527505068191513,-2.4065413604453476,-0.4004147785975144,-0.018226165757762078,-1.6473462570767115,-2.6045765087083192,-1.34663663277848,-2.6595413947432407,,-3.533695976979028,-3.655374393873748,651,0,0,0,0,0,1,0.0,0.0,0.0,0.0
"Fairchild, Stuart",656413,2026,27,5,0.158,0.089,-0.069,0.158,0.151,-0.007,0.307,0.28,-0.027,0.0,40.0,94.2,20.0,0.0,,,,,51.0,,25.9,51.9,42.3,40.0,20.0,0.6,23.5,46.2,33.3,60.0,20.0,20.0,40.0,20.0,0.07,0.78,0.0,4.0,1.0,19.0,3.0,0.0,0.0,0.407,0.158,0.0,0.565,0.158,2.0,0.0,14.0,7.0,,,0.062,0.407,0.0,0.565,0.0,4.0,1.0,19.0,3.0,14.0,7.0,0.0,97.2,0.08,"Fairchild, Stuart",Hitter,2026,-1.395867575724016,-0.3269650551381316,-6.910441921382709,-0.6480937790012665,-0.33944239517698915,-0.7348725984201753,-1.6555717593759431,-0.7838488969824305,-0.49117117507273184,-0.6690518591750462,,-0.6896986223812743,-0.7891623825044387,652,0,0,2,1,0,0,7.0,14.0,0.158,0.6
"Matos, Luis",682641,2026,21,13,0.2,0.099,-0.101,0.2,0.136,-0.064,0.203,0.13,-0.073,0.0,23.1,84.1,7.7,0.0,,,,,33.0,,4.8,33.3,86.4,38.5,0.0,0.308,52.4,90.9,70.5,53.8,7.7,7.7,15.4,0.0,-0.13,0.78,0.0,1.0,0.0,20.0,4.0,0.0,0.0,0.238,0.2,0.0,0.438,0.2,0.0,0.0,7.0,1.0,,,0.037,0.238,0.0,0.438,0.0,1.0,0.0,20.0,4.0,7.0,1.0,0.0,64.2,-0.148,"Matos, Luis",Hitter,2026,-2.0375299685617847,-1.2845131038433157,-3.964780426793215,-1.205707690541862,-0.513213687925486,-1.561709415724354,-1.749350640874355,-1.6241378998160092,-1.3514255655028566,-1.8262881224882566,,-1.7620790827997788,-1.8409995933571537,653,0,0,0,0,0,0,1.0,7.0,0.2,0.308
"Hinds, Rece",677956,2026,71,33,0.143,0.134,-0.009,0.222,0.174,-0.048,0.198,0.184,-0.014,0.0,36.4,88.2,27.3,0.0,,,,,86.0,,7.0,45.1,65.2,27.3,24.2,0.273,39.5,66.3,56.1,39.4,24.2,27.3,12.1,24.2,-0.69,0.78,0.0,2.0,6.0,63.0,9.0,5.0,0.0,0.211,0.222,0.079,0.433,0.143,0.0,2.0,32.0,5.0,,,0.04,0.211,0.079,0.433,0.0,2.0,6.0,63.0,9.0,32.0,5.0,0.0,62.7,-0.784,"Hinds, Rece",Hitter,2026,-1.5843088617370742,-0.3799549293540327,-6.750633497142308,-1.013707646004651,-0.9979441361186616,-0.40471559123579076,-1.7769853455125644,-1.0491073031019127,-0.6442078829839908,-1.4077667608592153,,-1.1963042466692297,-1.3014019513942747,654,5,0,0,1,2,0,5.0,32.0,0.143,0.273
"Bae, Jihwan",678225,2026,4,2,0.5,0.193,-0.307,0.5,0.195,-0.305,0.54,0.361,-0.179,0.0,0.0,0.0,0.0,0.0,,,,,,,0.0,25.0,100.0,50.0,0.0,1.0,50.0,100.0,71.4,100.0,0.0,0.0,0.0,0.0,0.1,0.78,0.0,1.0,0.0,2.0,1.0,0.0,0.0,0.667,0.5,0.0,1.167,0.5,1.0,0.0,1.0,0.0,,,0.002,0.667,0.0,1.167,0.0,1.0,0.0,2.0,1.0,1.0,0.0,0.0,170.9,0.114,"Bae, Jihwan",Hitter,2026,-0.771128596814638,-4.320748718286758,-2.330736302291673,0.8000236576589753,-0.31352913222326595,-4.895533797935728,-1.8074450825718154,-1.703299688480601,-2.9522304932206698,-0.3883951977512254,,-1.9076648796243658,-1.9094045625598728,655,0,0,1,1,0,1,0.0,1.0,0.5,1.0
"Huff, Sam",669087,2026,34,14,0.121,0.099,-0.022,0.182,0.184,0.002,0.147,0.137,-0.01,14.3,57.1,91.2,28.6,5.9,,,,,1.0,,2.9,55.9,65.3,85.7,0.0,0.286,44.8,69.4,57.3,42.9,28.6,21.4,50.0,0.0,-0.26,0.78,0.0,1.0,1.0,33.0,4.0,2.0,0.0,0.147,0.182,0.061,0.329,0.121,0.0,0.0,19.0,1.0,,,0.085,0.147,0.061,0.329,0.0,1.0,1.0,33.0,4.0,19.0,1.0,0.0,46.5,-0.295,"Huff, Sam",Hitter,2026,-1.712992071902964,0.7555448551011769,-8.973855538207037,-1.387296200042407,-0.6252504424607012,-0.2377344323670623,-1.9176102951756984,-1.3032997654062286,-0.6457183661774897,-1.4830540752264458,,-1.0868417735693583,-1.117099491239327,656,2,0,0,0,0,0,1.0,19.0,0.121,0.286
"Cruz, Trei",669360,2026,5,2,0.0,0.096,0.096,0.0,0.127,0.127,0.0,0.097,0.097,0.0,50.0,96.7,0.0,0.0,,,,,,,0.0,60.0,55.6,50.0,50.0,0.0,14.3,55.6,60.0,50.0,50.0,0.0,0.0,50.0,-0.31,0.78,0.0,0.0,0.0,5.0,0.0,0.0,0.0,0.0,0.0,0.0,0.0,0.0,0.0,0.0,3.0,0.0,,,0.031,0.0,0.0,0.0,0.0,0.0,0.0,5.0,0.0,3.0,0.0,0.0,0.0,-0.352,"Cruz, Trei",Hitter,2026,-2.216774242605841,-0.5685234944153341,-6.924922219321666,-2.4182439827365125,-0.6686932656478254,1.9564365274916407,-1.940598863658872,-1.4742421582463217,0.03288196782578506,-2.4191284898819805,,-1.8891422861666733,-1.9777941282256994,657,0,0,0,0,0,0,0.0,3.0,0.0,0.0
"Baker, Luken",663609,2026,5,2,0.2,0.132,-0.068,0.2,0.15,-0.05,0.178,0.123,-0.055,0.0,50.0,92.2,0.0,0.0,,,,,,,0.0,60.0,100.0,0.0,50.0,0.5,37.5,100.0,50.0,0.0,50.0,50.0,0.0,50.0,-0.05,0.78,0.0,0.0,0.0,5.0,1.0,0.0,0.0,0.2,0.2,0.0,0.4,0.2,0.0,0.0,3.0,0.0,,,0.018,0.2,0.0,0.4,0.0,0.0,0.0,5.0,1.0,3.0,0.0,0.0,56.3,-0.057,"Baker, Luken",Hitter,2026,-1.9596881155846289,-0.6943093792175757,-6.555314246228148,-1.3462224634236755,-0.4438576017846386,-1.1324808783099491,-1.9716482591969045,-1.9214951026318512,-1.311090208268731,-2.220533952961434,,-1.847655458287492,-1.8517350680619682,658,0,0,0,0,0,0,0.0,3.0,0.2,0.5
"Lugo, Matthew",683090,2026,15,8,0.143,0.089,-0.054,0.143,0.105,-0.038,0.165,0.125,-0.04,0.0,12.5,83.9,12.5,0.0,,,,,58.0,,6.7,40.0,75.0,50.0,0.0,0.25,40.0,81.2,56.7,50.0,12.5,12.5,37.5,0.0,-0.11,0.78,0.0,0.0,0.0,14.0,2.0,0.0,0.0,0.2,0.143,0.0,0.343,0.143,0.0,0.0,6.0,1.0,,,0.016,0.2,0.0,0.343,0.0,0.0,0.0,14.0,2.0,6.0,1.0,0.0,52.2,-0.125,"Lugo, Matthew",Hitter,2026,-2.253906496333588,-1.387431227615548,-5.386777621129669,-1.4485784643632373,-0.49568412769208503,-0.8679471935614195,-2.002629414555793,-1.6659677736450553,-1.0990798216177238,-1.9242442539988136,,-1.9236172328474446,-2.030134881031266,659,0,0,0,0,0,0,1.0,6.0,0.143,0.25
"Bandura, Scott",814154,2026,27,10,0.192,0.121,-0.071,0.231,0.151,-0.08,0.221,0.141,-0.08,0.0,20.0,79.8,60.0,0.0,,,,,59.0,,3.7,59.3,61.3,40.0,10.0,0.5,44.6,71.0,66.1,20.0,20.0,40.0,50.0,10.0,-0.08,0.78,0.0,2.0,0.0,26.0,5.0,1.0,0.0,0.222,0.231,0.039,0.453,0.208,1.0,0.0,14.0,1.0,,,0.03,0.222,0.039,0.453,0.0,2.0,0.0,26.0,5.0,16.0,1.0,0.0,69.9,-0.091,"Bandura, Scott",Hitter,2026,-1.8925785675387885,-0.10660091372618719,-8.575468508336414,-1.0272305125853787,-0.4697708647383618,-1.4764492613552376,-2.1294916903775634,-1.5336758125373553,-1.3362601705664667,-1.7299017402931824,,-1.4566100260901753,-1.544908772697996,660,1,0,1,0,0,0,1.0,16.0,0.192,0.5
"Barrero, José",676480,2026,6,3,0.167,0.08,-0.087,0.167,0.1,-0.067,0.148,0.077,-0.071,0.0,0.0,90.6,0.0,0.0,,,,,,,0.0,50.0,83.3,100.0,0.0,0.333,63.6,83.3,53.8,33.3,33.3,0.0,66.7,0.0,-0.06,0.78,0.0,0.0,0.0,6.0,1.0,0.0,0.0,0.167,0.167,0.0,0.334,0.167,0.0,0.0,3.0,0.0,,,0.02,0.167,0.0,0.334,0.0,0.0,0.0,6.0,1.0,3.0,0.0,0.0,46.8,-0.068,"Barrero, José",Hitter,2026,-2.466597227158741,-1.7882595709349611,-9.781032799193717,-1.5257426830518461,-0.4522413045049608,-1.462357588386853,-2.861777432602693,-2.2794030061222004,-1.821189896176362,-2.493270460965952,,-2.485140845362487,-2.5457195693855894,661,0,0,0,0,0,0,0.0,3.0,0.167,0.333
"Hunt, Blake",675448,2026,3,0,0.0,0.0,0.0,0.0,0.0,0.0,0.0,0.0,0.0,0.0,0.0,0.0,0.0,,,,,,,,0.0,100.0,33.3,0.0,0.0,0.0,44.4,33.3,42.9,0.0,0.0,0.0,,,0.04,0.78,0.0,0.0,0.0,3.0,0.0,0.0,0.0,0.0,0.0,0.0,0.0,0.0,0.0,0.0,3.0,0.0,,,0.0,0.0,0.0,0.0,0.0,0.0,0.0,3.0,0.0,3.0,0.0,0.0,0.0,0.045,"Hunt, Blake",Hitter,2026,-3.4130551637596107,-4.320748718286758,-18.221208197800504,-2.4182439827365125,-0.36611781292346895,-0.018226165757762078,-4.85176575954593,-2.9035142831319343,-2.091220815401361,-3.6284415645918355,,-3.980722511896373,-4.161636432988585,662,0,0,0,0,0,0,0.0,3.0,0.0,0.0
"Handley, Maverick",668974,2026,1,0,0.0,0.0,0.0,0.0,0.0,0.0,0.0,0.0,0.0,0.0,0.0,0.0,0.0,,,,,,,,0.0,100.0,0.0,0.0,0.0,0.0,66.7,0.0,33.3,0.0,0.0,0.0,,,-0.03,0.78,0.0,0.0,0.0,1.0,0.0,0.0,0.0,0.0,0.0,0.0,0.0,0.0,0.0,0.0,1.0,0.0,,,0.0,0.0,0.0,0.0,0.0,0.0,0.0,1.0,0.0,1.0,0.0,0.0,0.0,-0.034,"Handley, Maverick",Hitter,2026,-3.4130551637596107,-4.320748718286758,-24.95663628555887,-2.4182439827365125,-0.4263280415512376,-0.018226165757762078,-5.868100995572461,-3.1260804361992354,-2.425070045002313,-3.6284415645918355,,-4.203288664963674,-4.384202586055886,663,0,0,0,0,0,0,0.0,1.0,0.0,0.0
"Brannigan, Jack",687394,2026,1,0,0.0,0.0,0.0,0.0,0.0,0.0,0.0,0.0,0.0,0.0,0.0,0.0,0.0,,,,,,,,0.0,100.0,0.0,0.0,0.0,0.0,100.0,0.0,0.0,0.0,0.0,0.0,,,-0.03,0.78,0.0,0.0,0.0,1.0,0.0,0.0,0.0,0.0,0.0,0.0,0.0,0.0,0.0,0.0,1.0,0.0,,,0.0,0.0,0.0,0.0,0.0,0.0,0.0,1.0,0.0,1.0,0.0,0.0,0.0,-0.034,"Brannigan, Jack",Hitter,2026,-3.4130551637596107,-4.320748718286758,-32.4027855954153,-2.4182439827365125,-0.4263280415512376,-0.018226165757762078,-6.985023392050926,-3.277444295418913,-2.652115833831829,-3.6284415645918355,,-4.354652524183352,-4.535566445275563,664,0,0,0,0,0,0,0.0,1.0,0.0,0.0
